ID,CMN,YUE,PoS,score
1,悲痛,痛苦,nouns,5.0
2,导演,攝影,nouns,1.23
3,棉,冷衫,nouns,0.64
4,宣告,宣布,verbs,4.5
5,岛,海軍,nouns,0.04
6,车,高速公路,nouns,0.5
7,暗礁,海灘,nouns,0.23
8,脏,黏,adjectives,0.59
9,容易地,舒服地,adverbs,1.23
10,毁灭,殺,verbs,2.77
11,骨头,頸,nouns,0.36
12,年,生日,nouns,0.82
13,工具,工作,nouns,0.32
14,制服,未成形,adjectives,0.0
15,唇,臀部,nouns,0.09
16,气球,人,nouns,0.0
17,肌肉,手臂,nouns,0.86
18,桥,汽車,nouns,0.23
19,啜,大口地吃,verbs,0.46
20,听,聽見,verbs,4.13
21,咖啡,豆,nouns,0.46
22,想像,創建,verbs,0.45
23,大门,門,nouns,5.55
24,有趣,嚴肅,adjectives,0.09
25,默默地,被動地,adverbs,0.64
26,铁,維他命,nouns,0.54
27,字,字典,nouns,0.59
28,神经,腦,nouns,1.46
29,援助,協助,verbs,3.91
30,播放机,教練,nouns,0.0
31,防守,殺,verbs,0.18
32,审判,判決書,nouns,2.37
33,酒,紅酒,nouns,3.59
34,飑,風,nouns,2.77
35,残忍,不公平,adjectives,0.55
36,开始,走,verbs,0.09
37,旅程,征服,nouns,0.32
38,打鼾,醒覺,verbs,0.18
39,蚂蚁,蜜蜂,nouns,1.04
40,艺术品,藝術家,nouns,0.82
41,迷惑,學習,verbs,0.0
42,联合,總數,nouns,0.55
43,新鲜,舊,adjectives,0.09
44,感染,詞性變化,nouns,0.09
45,轻视,輕蔑,adjectives,4.09
46,盒子,資源,nouns,0.04
47,困难,努力,nouns,0.14
48,人群,遊行,nouns,0.68
49,手术,代數,nouns,0.04
50,气旋,颱風,nouns,3.13
51,神圣,珍貴,adjectives,1.31
52,判断,指控,verbs,0.5
53,情侣,一對,nouns,3.22
54,坚硬,密度大,adjectives,2.73
55,屋顶,天花板,nouns,3.23
56,安全地,高高興興地,adverbs,0.54
57,接受,推介,verbs,0.14
58,邮包,貨車,nouns,0.14
59,毯,木,nouns,0.0
60,击中,懲罰,verbs,0.0
61,男人,武士,nouns,0.78
62,数字,細胞質,nouns,0.0
63,选择,挑選,verbs,3.96
64,运输,電梯,verbs,0.95
65,笨,傻,adjectives,5.0
66,雪,天氣,nouns,1.09
67,瓶子,廣口瓶,nouns,3.86
68,困扰,嚇,verbs,0.32
69,依靠,依賴,verbs,4.37
70,购买,付款,verbs,3.09
71,交换,貨幣,nouns,0.78
72,办公室,工作者,nouns,0.36
73,求情,問,verbs,0.14
74,侮辱,得罪,verbs,3.18
75,电池,能量,nouns,2.09
76,天使,惡魔,nouns,0.27
77,难以置信地,緊緊地,adverbs,0.14
78,十四行诗,美,nouns,0.04
79,聚酯纤维,棉,nouns,0.72
80,节奏,旋律,nouns,3.46
81,困难,容易,adjectives,0.25
82,好心地,慷慨地,adverbs,3.04
83,直觉,感覺,nouns,4.09
84,人,槍,nouns,0.28
85,案件,硬件,nouns,0.18
86,病菌,病原,nouns,3.13
87,果汁,牛奶,nouns,0.59
88,母亲,爸爸,nouns,1.14
89,警长,警察,nouns,3.77
90,新鲜,新,adjectives,3.32
91,强硬,堅硬,adjectives,3.37
92,模式,時裝,nouns,0.04
93,暴风雨,颶風,nouns,2.96
94,没打中,打中,verbs,0.22
95,定理,理論,nouns,4.18
96,线索,字,nouns,0.23
97,洞察力,事實,nouns,0.41
98,吸收,退出,verbs,0.04
99,演出,敬禮,verbs,0.0
100,疯狂,瘋,adjectives,5.27
101,谦虚,純,adjectives,0.59
102,傻笑,大笑,verbs,3.27
103,离开,驅逐,verbs,2.54
104,获胜者,候選人,nouns,1.5
105,长,短,adjectives,0.23
106,男孩子,兒子,nouns,2.87
107,哥哥,兒子,nouns,0.77
108,奇怪地,不同的,adverbs,0.27
109,灵魂,兄弟,nouns,0.0
110,发生,出現,verbs,2.5
111,枪,軍士,nouns,0.36
112,花,信念,nouns,0.09
113,许多,豐富,nouns,3.91
114,地板,天花板,nouns,0.22
115,离开,到達,verbs,0.14
116,原木,木材,nouns,3.72
117,膝盖,手臂,nouns,0.36
118,男人,嫌疑人,nouns,0.46
119,关键地,實質上,adverbs,0.55
120,交流,電視,nouns,0.04
121,游戏,樂趣,nouns,0.45
122,谷仓,屋,nouns,0.64
123,轻蔑,輕視,adjectives,4.09
124,毛线衣,棉,nouns,0.64
125,刺激,平淡,adjectives,0.27
126,奇怪,怪誕,adjectives,4.5
127,手臂,手腕,nouns,0.41
128,努力,困難,nouns,0.14
129,生物学家,顯微鏡,nouns,0.45
130,满足,使滿意,verbs,4.81
131,生物学,群落生境,nouns,0.72
132,恢复,帶來,verbs,0.22
133,团结,劃分,verbs,0.18
134,离开,等待,verbs,0.18
135,可行,不可能,adjectives,0.23
136,大象,指南針,nouns,0.09
137,喷嘴,流體,nouns,0.14
138,击剑,體操,nouns,0.73
139,信念,花,nouns,0.09
140,找,搜索,verbs,4.23
141,情况,狀態,nouns,3.68
142,到达,離開,verbs,0.14
143,制作者,創造者,nouns,3.77
144,搏斗,不同意,verbs,0.0
145,牙医,正牙醫生,nouns,4.37
146,从不,誠實地,adverbs,0.0
147,搏斗,玩,verbs,0.36
148,钱,現金,nouns,4.59
149,证明,事實,nouns,0.96
150,昆虫,蜜蜂,nouns,3.23
151,和声,鋼琴,nouns,0.59
152,并发,貨幣,nouns,0.04
153,城堡,壁,nouns,0.41
154,蕊,授粉,nouns,0.82
155,走廊,課堂,nouns,0.18
156,取得,獲得,verbs,4.41
157,普通,難以置信,adjectives,0.0
158,纸,硬紙板,nouns,2.77
159,培根,豆,nouns,0.0
160,杀,防守,verbs,0.18
161,看来,簡直,adverbs,0.91
162,打碎,摔碎,verbs,3.96
163,资料,書,nouns,1.5
164,宽广,大,adjectives,3.09
165,刺激,對抗,verbs,2.2
166,韵律,詩,nouns,0.54
167,明亮地,輕輕地,adverbs,0.14
168,募捐,發展,nouns,0.14
169,成年人,小孩,nouns,0.55
170,成熟,複雜,adjectives,0.5
171,严肃,有趣,adjectives,0.09
172,表达,說,verbs,2.86
173,工作者,辦公室,nouns,0.36
174,犯罪,攻擊,nouns,0.91
175,发热,流感,nouns,1.54
176,混乱,歇斯底里,nouns,2.5
177,暴动,畫畫,nouns,0.09
178,资产,股票,nouns,2.91
179,平淡,沉悶,adjectives,2.5
180,床,傢俱,nouns,3.14
181,鼓,喇叭,nouns,0.32
182,溶解,熔化,verbs,4.41
183,媒介,新聞,nouns,2.54
184,血液,骨髓,nouns,0.5
185,走廊,過道,nouns,4.18
186,笨,稀罕,adjectives,0.14
187,拒绝,接受,verbs,0.45
188,肉,牛肉,nouns,3.46
189,保留,忘記,verbs,0.14
190,内疚,羞愧,adjectives,4.31
191,订婚,結婚,verbs,2.63
192,酱,蘋果,nouns,0.27
193,优胜者,冠軍,nouns,4.96
194,父亲,天神,nouns,0.14
195,人群,暴民,nouns,0.68
196,合金,鋼,nouns,3.5
197,梦想,天空,nouns,0.09
198,身体,血液,nouns,0.82
199,俱乐部,社會,nouns,0.04
200,温和,適中,adjectives,3.5
201,安然,冷靜地,adverbs,3.09
202,不同,同意,verbs,0.04
203,成长,增加,verbs,0.82
204,通常,很少地,adverbs,0.22
205,评估,分析,verbs,4.45
206,珍爱,保持,verbs,0.27
207,田,燕麥,nouns,0.64
208,姊妹,兄弟,nouns,1.77
209,妻子,沖涼,nouns,0.04
210,笔记本,槍,nouns,0.0
211,走,賣,verbs,0.04
212,豆,咖啡,nouns,0.46
213,霸权,全能,nouns,0.59
214,学习,吸收,verbs,3.0
215,现金,錢,nouns,4.59
216,加,建立,verbs,0.82
217,说明,澄清,verbs,3.64
218,被动地,可靠地,adverbs,0.0
219,品质,遮,nouns,0.04
220,一致地,有時,adverbs,0.04
221,市长,總統,nouns,2.5
222,疯狂,極好,adjectives,0.18
223,肉,麵包,nouns,0.27
224,皇帝,州長,nouns,0.5
225,数,數字,nouns,4.28
226,闪电攻击,攻擊,nouns,3.27
227,粗糙,核突,adjectives,0.64
228,挑选,選擇,verbs,3.96
229,被动,暴力,adjectives,0.04
230,重要,必須,adjectives,3.5
231,泥土,泥,nouns,5.41
232,统治,克服,verbs,0.09
233,钱,資本,nouns,3.64
234,木炭,煤,nouns,2.72
235,来源,盒子,nouns,0.04
236,经理,領導,nouns,2.5
237,主教,大主教,nouns,4.18
238,问,乞求,verbs,0.64
239,世纪,酒,nouns,0.04
240,房间,床,nouns,0.22
241,书,主題,nouns,1.14
242,摄影,導演,nouns,1.23
243,水,乾旱,nouns,0.04
244,公爵,共和國,nouns,0.18
245,父亲,哥哥,nouns,0.91
246,文化,社會,nouns,0.95
247,走,允許,verbs,0.0
248,卧室,床,nouns,1.14
249,容易,困難,adjectives,0.14
250,象征,標誌,nouns,4.41
251,帽子,盒子,nouns,0.0
252,空气,分子,nouns,0.55
253,肢体,腿,nouns,2.23
254,故事,話題,nouns,0.78
255,歌手,員工,nouns,0.36
256,成功,實現,verbs,1.59
257,描绘,假扮,verbs,0.04
258,交换,替換,nouns,4.37
259,学院,職業,nouns,0.09
260,脚,手,nouns,1.14
261,乘,加,verbs,0.59
262,打算,试着,verbs,1.19
263,做,戒除,verbs,0.04
264,文学,書,nouns,2.5
265,糖类,蔗糖,nouns,2.72
266,找到,消失,verbs,0.0
267,门,廚房,nouns,0.18
268,深度,大小,nouns,0.54
269,同意,拗撬,verbs,0.18
270,男子,父親,nouns,2.54
271,十,時代,nouns,0.09
272,狭窄,髒,adjectives,0.0
273,肩,頭,nouns,0.36
274,公共汽车,車輛,nouns,2.59
275,自行车,睡房,nouns,0.0
276,骨头,牙齒,nouns,1.32
277,大自然,植物群,nouns,1.54
278,保持,給,verbs,0.18
279,医生,教授,nouns,0.78
280,争论,同意,verbs,0.18
281,人群,束,nouns,0.0
282,明显,顯然,adjectives,5.0
283,军队,海軍,nouns,3.59
284,服从,懲罰,verbs,0.23
285,羞愧,悲傷,nouns,1.68
286,木,毯,nouns,0.0
287,乱,核突,adjectives,0.69
288,男人,女孩,nouns,0.46
289,车,胎壓計,nouns,0.14
290,肘,踝,nouns,0.59
291,策略家,陰謀家,nouns,2.82
292,班,軍隊,nouns,0.36
293,减少,降落,verbs,0.09
294,汽车,坦克,nouns,0.69
295,察觉,聽,verbs,1.09
296,婚外,不宜說出口的,adjectives,1.09
297,说谎,否認,verbs,0.55
298,混合,溶解,verbs,0.36
299,预言家,牧師,nouns,0.41
300,总是,兩次,adverbs,0.14
301,纸,木,nouns,0.45
302,闻名,國民,adjectives,0.0
303,风暴,雲,nouns,1.23
304,喝醉,清醒,adjectives,0.18
305,乞求,懇求,verbs,3.77
306,稀有,異國情調,adjectives,0.09
307,教堂,馬賽克,nouns,0.0
308,篮球,棒球,nouns,1.19
309,完成,解決,verbs,2.23
310,阻碍,努力,verbs,0.0
311,地区,地帶,nouns,4.32
312,情绪,激情,nouns,2.63
313,骨髓,血液,nouns,0.5
314,周末,種族,nouns,0.0
315,地带,地區,nouns,4.32
316,圣歌,聖經,nouns,2.5
317,意见,選擇,nouns,1.0
318,马车,四輪貨運馬車,nouns,3.87
319,沙发,棒球,nouns,0.0
320,草,刀口,nouns,0.0
321,日期,日曆,nouns,3.32
322,猫,兔子,nouns,1.09
323,覆盖着的,沒有冚住的,adjectives,0.14
324,捏,用拳猛擊,verbs,0.5
325,河流,大海,nouns,2.13
326,推荐,接受,verbs,0.14
327,澄清,說明,verbs,3.64
328,肌肉,舌頭,nouns,0.54
329,等待,暫停,verbs,1.64
330,男孩,士兵,nouns,1.68
331,煮,混合,verbs,0.32
332,米饭,豆,nouns,0.5
333,离开,攞,verbs,0.04
334,种子,芥末,nouns,0.82
335,否认,坦白,nouns,0.23
336,复杂,成熟,adjectives,0.5
337,搅拌,混合,verbs,4.0
338,加,加入,verbs,3.69
339,除,加,verbs,0.59
340,协议,條件,nouns,1.91
341,钥匙,鎖,nouns,0.91
342,艰难,困難,adjectives,5.0
343,尝试,實現,verbs,0.59
344,连接,分離,verbs,0.18
345,足球,有趣,nouns,0.22
346,鸡,米飯,nouns,0.23
347,任命,選舉,verbs,0.36
348,赢,打敗,verbs,4.04
349,有趣,足球,nouns,0.22
350,广场,地圖,nouns,0.32
351,山谷,峽谷,nouns,4.22
352,竞争,完成,verbs,0.09
353,离开,見面,verbs,0.18
354,重新安葬,墳墓,nouns,0.82
355,臀部,嘴唇,nouns,0.09
356,对抗,刺激,verbs,2.2
357,狐狸,獵狗,nouns,1.0
358,完成,競爭,verbs,0.09
359,第五,最佳,adjectives,0.14
360,咬,搏鬥,verbs,1.09
361,黄昏,傍晚,nouns,4.87
362,不经常,經常,adverbs,0.22
363,溪流,河,nouns,3.41
364,好的,平庸,adjectives,0.27
365,实现,收到,verbs,0.14
366,获得,搵到,verbs,2.37
367,嫌疑人,男人,nouns,0.46
368,讨厌,蔑視,verbs,2.82
369,教堂,尖頂,nouns,0.69
370,凳子,椅子,nouns,4.96
371,停,哨,verbs,0.14
372,赚,值得,verbs,0.72
373,加剧,打稿,verbs,0.0
374,天花板,屋頂,nouns,3.23
375,钱,鑽石,nouns,0.96
376,不同的,奇怪地,adverbs,0.27
377,无礼,粗糙,adjectives,0.5
378,冷静地,安然,adverbs,3.09
379,照耀,發光,verbs,3.59
380,碟,碗,nouns,2.09
381,派对,人們,nouns,0.5
382,信封,裝飾,nouns,0.32
383,衣服,布,nouns,2.27
384,无礼,批評,adjectives,0.64
385,知道,給,verbs,0.04
386,除法,乘法,nouns,1.41
387,开心,嬲,adjectives,0.14
388,诚实地,真誠地,adverbs,4.18
389,岛,任務,nouns,0.0
390,有价值,特別,adjectives,0.64
391,秒,分鐘,nouns,2.63
392,乘法,除法,nouns,1.41
393,大气层,臭氧,nouns,3.0
394,学校,法律,nouns,0.36
395,原谅,明白,verbs,0.5
396,线,紗,nouns,2.13
397,使气馁,使灰心,verbs,4.78
398,推,責怪,verbs,0.41
399,兔子,貓,nouns,1.09
400,呼吸,嗆,verbs,0.69
401,高速公路,路,nouns,3.5
402,碗,尾巴,nouns,0.0
403,本地,緊密地,adverbs,0.09
404,好心地,仁慈地,adverbs,4.59
405,头盔,武器,nouns,0.95
406,发射,发送,verbs,2.46
407,酸奶,家牛,nouns,0.46
408,争论,不同,verbs,0.23
409,急,害怕,adjectives,0.23
410,预测,灰濛蒙,nouns,0.14
411,离开,走開,verbs,3.77
412,找到,獲得,verbs,2.37
413,出租车,巴士,nouns,2.32
414,软线,電線,nouns,0.81
415,深深地,大多,adverbs,0.59
416,杯子,匙羹,nouns,0.55
417,苹果,陽光,nouns,0.09
418,裙子,舞蹈,nouns,0.09
419,学生,教授,nouns,0.27
420,喧闹声,搖鈴,nouns,1.73
421,讨厌,喜愛,verbs,0.18
422,自信,態度,nouns,1.04
423,作弊,欺騙,verbs,2.73
424,收费,蔑視,verbs,0.0
425,神话,諷刺,nouns,0.46
426,人物,人,nouns,4.27
427,草药,大麻,nouns,2.41
428,早上,白天,nouns,5.37
429,晚餐,早餐,nouns,1.36
430,议会,國會,nouns,3.0
431,血液,身體,nouns,0.82
432,四轮货运马车,容器,nouns,0.14
433,混合,打,verbs,0.0
434,拉比,部長,nouns,0.09
435,大概,也許,adverbs,3.78
436,稻草,妻子,nouns,0.09
437,训斥,需求,verbs,0.09
438,锡,金屬,nouns,2.5
439,很少地,平時,adverbs,0.22
440,困难,艱難,adjectives,5.0
441,小心地,危險地,adverbs,0.27
442,运送,攜帶,verbs,2.72
443,外国人,異族,nouns,4.04
444,指控,判斷,verbs,0.5
445,足球,英式足球,nouns,4.72
446,每周,每月,adjectives,1.54
447,牛,家牛,nouns,3.82
448,争论,批評,nouns,1.73
449,船,錨,nouns,0.59
450,猫,狗,nouns,0.55
451,威胁,危險,nouns,4.0
452,允许,合法,adjectives,3.0
453,锚,船,nouns,0.59
454,检查,西洋棋,nouns,0.09
455,搜索,徘徊,verbs,0.32
456,分钟,秒,nouns,2.63
457,知道,相信,verbs,0.68
458,有礼貌,合乎體統,adjectives,3.54
459,剩余,差數,nouns,2.54
460,仁慈地,温和地,adverbs,3.59
461,直升机,飛機,nouns,2.41
462,屏幕,音系學,nouns,0.0
463,胎压计,車,nouns,0.14
464,方法,方式,nouns,4.36
465,饮品,啤酒,nouns,2.41
466,开心,高興,adjectives,5.46
467,借,乞求,verbs,0.86
468,联合,甘蔗,nouns,0.0
469,天神,父親,nouns,0.14
470,合乎体统,正式,adjectives,3.46
471,陷害,打,nouns,0.18
472,人造,假,adjectives,3.18
473,窗台,山,nouns,0.0
474,高高兴兴地,安全地,adverbs,0.54
475,季节,冬天,nouns,2.31
476,允许,走,verbs,0.0
477,午饭,三文治,nouns,0.55
478,欲望,想要,verbs,3.86
479,器官,腎,nouns,3.91
480,胜利,凱旋,nouns,4.46
481,合理的解释,想,verbs,0.18
482,定位,搵到,verbs,0.69
483,伤心,可怕,adjectives,0.36
484,贫困,財富,nouns,0.14
485,手臂,腿,nouns,0.41
486,自豪,傲慢,adjectives,3.0
487,冬天,季節,nouns,2.31
488,智力,技巧,nouns,2.27
489,奖章,運動鞋,nouns,0.09
490,大薄片,平面,nouns,0.5
491,幼儿园,幼兒,nouns,1.0
492,活塞,發動機,nouns,0.95
493,标志,象徵,nouns,4.41
494,伞,品質,nouns,0.04
495,开始,啟,verbs,4.0
496,代替,恢復,verbs,0.41
497,种子,磨坊,nouns,0.23
498,建造,毀滅,nouns,0.34
499,理论,化學,nouns,0.5
500,锥形蛋筒,杯子,nouns,0.45
501,目标,箭頭,nouns,0.86
502,传感器,散熱器,nouns,0.54
503,忽略,打印,verbs,0.0
504,积极地,被動地,adverbs,0.22
505,小山,懸崖,nouns,0.32
506,坏,偉大,adjectives,0.04
507,艺术家,藝術品,nouns,0.82
508,公式,日誌,nouns,0.0
509,吉他,鼓,nouns,0.54
510,同音词,光線電話機,nouns,0.0
511,身体,肚,nouns,2.04
512,尝试,說服,verbs,0.36
513,力量,能力,nouns,3.04
514,救援,拯救,verbs,5.04
515,假,真實,adjectives,0.27
516,汽车,車,nouns,5.91
517,画,創建,verbs,0.32
518,伙伴,朋友,nouns,4.13
519,禁止,停止,verbs,2.87
520,杯子,錐形蛋筒,nouns,0.45
521,唱,浮動,verbs,0.0
522,雇主,員工,nouns,0.18
523,争论,協議,nouns,0.32
524,恳求,乞求,verbs,3.77
525,沐浴,房間,nouns,0.32
526,猫,老鼠,nouns,0.27
527,合法,允許,adjectives,3.0
528,家长,大人,nouns,3.23
529,公式,等式,nouns,2.82
530,鹰,鳥,nouns,2.77
531,告诉,提醒,verbs,2.63
532,异国情调,稀有,adjectives,0.09
533,系统,故障,nouns,0.04
534,等式,公式,nouns,2.82
535,不耐烦地,大致,adverbs,0.18
536,美丽地,優雅地,adverbs,3.32
537,儿童,男孩,nouns,2.63
538,文学,詞,nouns,2.27
539,发展,募捐,nouns,0.14
540,儿童,人,nouns,2.09
541,天文,大規模,adjectives,0.22
542,征服,戰役,nouns,0.64
543,士兵,和平,nouns,0.09
544,奇特地,令人驚訝,adverbs,2.87
545,正常,不同,adjectives,0.04
546,医生,正牙醫生,nouns,3.41
547,珍贵,懶,adjectives,0.09
548,窗口,踝,nouns,0.09
549,好,辣,adjectives,0.04
550,无畏舰,主力艦,nouns,2.5
551,疾病,危險,nouns,0.59
552,发送,走,verbs,0.04
553,黏,脏,adjectives,0.59
554,开心,快樂,adjectives,5.32
555,电车,火車,nouns,2.23
556,皇帝,憲法,nouns,0.22
557,徘徊,搜索,verbs,0.32
558,经常,有時候,adverbs,2.68
559,参加竞选,猴子,nouns,0.09
560,拒绝,譴責,verbs,0.14
561,批评,爭論,nouns,1.73
562,下面,側面,nouns,0.27
563,手套,球,nouns,0.18
564,蜥蜴,蛇,nouns,0.86
565,窗口,屋頂,nouns,0.41
566,坏,內疚,adjectives,0.32
567,枪,大炮,nouns,1.91
568,律师,大狀,nouns,3.77
569,老板,董事,nouns,4.09
570,床,毯子,nouns,0.14
571,提醒,忘記,verbs,0.22
572,总统,相機,nouns,0.0
573,谨慎,注意,nouns,3.63
574,练习,重複,verbs,2.32
575,追求,說服,verbs,0.23
576,剧院,電池,nouns,0.09
577,幼儿床,床,nouns,3.27
578,两次,多,adverbs,0.18
579,个人,私人,adjectives,4.04
580,宪法,參議院,nouns,0.82
581,收缩,成長,verbs,0.09
582,理解,讀,verbs,0.64
583,周末,星期,nouns,2.54
584,实质上,必然,adverbs,0.5
585,经常,不經常,adverbs,0.22
586,叫喊,拗撬,verbs,0.68
587,法官,裁判官,nouns,3.82
588,英寸,碼,nouns,2.91
589,做,建造,verbs,2.77
590,演员,歌曲,nouns,0.18
591,联合,組合,nouns,2.91
592,盐,水,nouns,0.18
593,尝试,想,verbs,0.64
594,降落,減少,verbs,0.09
595,军士,槍,nouns,0.36
596,早餐,晚餐,nouns,1.36
597,黎明,槍,nouns,0.0
598,宠物,貓,nouns,3.04
599,坚固地,緊緊,adverbs,3.23
600,儿子,哥哥,nouns,0.77
601,教练,播放機,nouns,0.0
602,韵律,韻律,nouns,4.5
603,柠檬,茶,nouns,0.18
604,相机,工作者,nouns,0.22
605,舞蹈,裙,nouns,0.09
606,选举,任命,verbs,0.36
607,糟糕,謙遜地,adverbs,0.14
608,狮子,貓,nouns,1.27
609,受害者,電話,nouns,0.04
610,金属,錫,nouns,2.5
611,狀師,律師,nouns,3.77
612,带来,來,verbs,2.04
613,汽车,軟管,nouns,0.14
614,雨,毛毛雨,nouns,3.81
615,得分,水平,nouns,0.69
616,肉,三明治,nouns,0.27
617,毁灭,保留,verbs,0.14
618,房间,大厦,nouns,0.23
619,事实,洞察力,nouns,0.41
620,尺寸,一分錢,nouns,0.04
621,考古学,人類學,nouns,1.64
622,主题,書,nouns,1.14
623,松饼,香芹,nouns,0.04
624,服从,守規矩,verbs,3.68
625,家伙,夥伴,nouns,2.46
626,毛,女人,nouns,0.0
627,地区,角,nouns,0.27
628,出现,出席,verbs,3.22
629,忽略,避免,verbs,0.55
630,速度,郵件,nouns,0.0
631,促进,前進,verbs,1.32
632,肘,骨頭,nouns,0.27
633,酒,威士忌酒,nouns,3.82
634,球,籃子,nouns,0.14
635,兄弟会,棒球,nouns,0.14
636,学习,迷惑,verbs,0.0
637,雨,薄霧,nouns,0.73
638,砖,牆,nouns,0.73
639,大致,稍微地,adverbs,1.5
640,蓝色,紅色,adjectives,0.18
641,糟糕,偉大,adjectives,0.14
642,一次,兩次,adverbs,0.41
643,颚,骨頭,nouns,1.77
644,探路者,射手,nouns,0.18
645,自然地,悄悄地,adverbs,0.55
646,逮捕,懷疑,verbs,0.36
647,电动机,船,nouns,0.23
648,球,大炮,nouns,0.09
649,泥,泥土,nouns,5.41
650,离开,分離,verbs,2.77
651,智慧,智力,nouns,3.96
652,作者,創造者,nouns,3.82
653,可怕,壞,adjectives,0.36
654,束,人群,nouns,0.0
655,学习,忘記,verbs,0.04
656,电梯,汽車,nouns,0.09
657,鳟鱼,吉他,nouns,0.0
658,失去,煮,verbs,0.04
659,可怕,傷心,adjectives,0.36
660,见面,聚集,verbs,0.73
661,弯曲,角度,nouns,1.46
662,保留,保持,verbs,3.54
663,无形,不定形,adjectives,2.96
664,帮手,老師,nouns,0.64
665,血液,病毒,nouns,0.36
666,正式地,重要的,adverbs,0.91
667,预测,假設,verbs,4.84
668,日落,線,nouns,0.0
669,稀少,難得,adjectives,3.82
670,大口地吃,啜,verbs,0.46
671,和平地,混亂,adverbs,0.0
672,甲板,船,nouns,0.82
673,手,拇指,nouns,1.0
674,侧面,頂,nouns,0.36
675,尾巴,碗,nouns,0.0
676,电,案件,nouns,0.04
677,走,發送,verbs,0.04
678,牛扒,雞,nouns,0.14
679,成年人,嬰兒,nouns,0.46
680,吉他,鱒魚,nouns,0.0
681,角度,距離,nouns,0.41
682,乐队,管弦樂隊,nouns,3.78
683,台风,氣旋,nouns,3.13
684,小学生,學生,nouns,3.5
685,不可能,可行,adjectives,0.23
686,笨,愚笨,adjectives,5.32
687,注意,興趣,nouns,0.59
688,手臂,肩膀,nouns,1.0
689,否认,說謊,verbs,0.55
690,高高兴兴地,死氣沈沈的,adverbs,0.22
691,叫喊,尖叫,verbs,3.64
692,窄小,寬大,adjectives,0.23
693,共和国,公爵,nouns,0.18
694,轻松,冷靜,adjectives,0.64
695,心靈,天神,nouns,0.0
696,教堂,合唱團,nouns,0.41
697,装饰,牆壁,nouns,0.5
698,信心十足地,偷偷,adverbs,0.0
699,摔倒,絆倒,verbs,3.59
700,薪水,費用,nouns,1.04
701,伟大,精彩,adjectives,0.77
702,傍晚,黃昏,nouns,4.87
703,街,汽車,nouns,0.46
704,血液学,病理學,nouns,2.41
705,联合,雜,adjectives,0.09
706,病人,複診,nouns,0.5
707,座位,銀行,nouns,0.09
708,正牙医生,醫生,nouns,3.41
709,意志,意圖,nouns,0.91
710,香芹,瑪芬,nouns,0.04
711,怪兽,惡魔,nouns,3.0
712,暴力,激進,adjectives,2.77
713,老鼠,甲板,nouns,0.04
714,恶意软件,蠕蟲,nouns,0.55
715,指甲,拇指,nouns,1.18
716,油,貂,nouns,0.04
717,死,埋葬,verbs,1.54
718,出租车,的士,nouns,5.96
719,出席,到達,verbs,3.0
720,游行,人群,nouns,0.68
721,信念,價值觀,nouns,3.46
722,门,大門,nouns,5.55
723,巧妙的,冷靜地,adverbs,0.73
724,发出恶臭,發出氣味,verbs,2.55
725,头脑,大腦,nouns,4.5
726,高速公路,車,nouns,0.5
727,影片,電影,nouns,4.41
728,争论,出席,verbs,0.14
729,女人,妻子,nouns,2.68
730,拿,奪取,verbs,2.77
731,保持,保護,verbs,0.41
732,过道,走廊,nouns,4.18
733,假,人造,adjectives,3.18
734,骰子,立方體,nouns,2.68
735,糖,蜜糖,nouns,2.46
736,替换,交換,nouns,4.37
737,货车,郵包,nouns,0.14
738,装饰,信封,nouns,0.32
739,大气层,污染,nouns,0.41
740,世纪,年,nouns,1.41
741,车,喇叭,nouns,0.18
742,棒,精彩,adjectives,4.82
743,海岸,小炮艦,nouns,0.09
744,大规模,天文,adjectives,0.22
745,清洁,亂,adjectives,0.14
746,追逐,跟隨,verbs,2.63
747,电池,劇院,nouns,0.09
748,和平,士兵,nouns,0.09
749,说,參與,verbs,0.0
750,感觉,直覺,nouns,4.09
751,成为,組織,verbs,0.09
752,决定,得出結論,verbs,3.5
753,发送,出席,verbs,0.09
754,加入,結婚,verbs,0.14
755,笨,輕信,adjectives,0.68
756,洗,沖洗,verbs,4.32
757,页,段,nouns,0.72
758,手臂,膝蓋,nouns,0.36
759,婴儿,成人,nouns,0.46
760,印象,信念,nouns,0.36
761,老鼠,管理,nouns,0.04
762,警察,警長,nouns,3.77
763,高兴,開心,adjectives,5.46
764,绊倒,跌倒,verbs,3.59
765,大声地,微妙地,adverbs,0.04
766,玩,搏鬥,verbs,0.36
767,恶魔,怪獸,nouns,3.0
768,赛跑运动员,運動員,nouns,3.63
769,火车,電車,nouns,2.23
770,公平,不公平,adverbs,0.22
771,男人,女人,nouns,0.5
772,握紧,把握,verbs,2.87
773,意图,意志,nouns,0.91
774,猫,寵物,nouns,3.04
775,使灰心,使氣餒,verbs,4.78
776,乘,除,verbs,0.36
777,雇主,工作者,nouns,0.41
778,针织套衫,褸,nouns,2.96
779,软管,花園,nouns,0.04
780,冰,水,nouns,2.18
781,情况,狀況,nouns,5.31
782,神,獵物,nouns,0.0
783,运动员,賽跑運動員,nouns,3.63
784,主要,大多,adverbs,3.46
785,米,碼,nouns,2.23
786,退出,退休,verbs,1.09
787,决定,描繪,verbs,0.0
788,不同,正常,adjectives,0.04
789,猛烈地,大聲地,adverbs,2.27
790,末期地,主要,adverbs,0.04
791,牛仔裤,女人,nouns,0.14
792,伞,暖爐,nouns,0.09
793,情人,伴侶,nouns,4.81
794,书,文學,nouns,2.5
795,徽章,尊嚴,nouns,0.28
796,忘记,提醒,verbs,0.22
797,枪,黎明,nouns,0.0
798,晚餐,雞,nouns,0.27
799,偷,給,verbs,0.22
800,正牙医生,牙醫,nouns,4.37
801,错误,精確,adjectives,0.23
802,走廊,門,nouns,0.36
803,突变体,社會生物學,nouns,0.36
804,风,颮,nouns,2.77
805,肾,器官,nouns,3.91
806,失败,成功,verbs,0.18
807,幸运,慚愧,adjectives,0.09
808,减肥,沙拉,nouns,0.55
809,通常,真誠地,adverbs,0.23
810,电视,演員,nouns,0.78
811,同意,接受,verbs,3.87
812,暴力,柔軟,adjectives,0.0
813,书,文章,nouns,3.91
814,进入,欠,verbs,0.0
815,插图,起泡,nouns,0.04
816,弱,辣,adjectives,0.04
817,床,睡房,nouns,1.14
818,淋透,减少,verbs,0.04
819,卧室,肚,nouns,0.04
820,团结,結婚,verbs,0.59
821,作业,便條,nouns,0.45
822,获得,收割,verbs,1.91
823,分界线,國境,nouns,3.46
824,布料,衣服,nouns,1.9
825,毛,槍,nouns,0.04
826,罪人,聖,nouns,0.09
827,电梯,盒子,nouns,0.04
828,毁灭,做,verbs,0.23
829,孤独,貧窮,adjectives,0.14
830,平庸,壞,adjectives,0.04
831,打招呼,見面,verbs,0.69
832,球状物,球,nouns,3.91
833,控制,停止,verbs,0.41
834,尖,溫和,adjectives,0.0
835,谴责,拒絕,verbs,0.14
836,毛,貂,nouns,0.55
837,忘记,學習,verbs,0.04
838,祈祷,溝通,verbs,0.46
839,孩子气,傻,adjectives,2.68
840,本来,創造性地,adverbs,0.09
841,聪慧,笨,adjectives,0.36
842,需求,訓斥,verbs,0.09
843,管弦乐队,樂隊,nouns,3.78
844,电脑,磁盘,nouns,0.91
845,极好,瘋狂,adjectives,0.18
846,疯,瘋狂,adjectives,5.27
847,破产,失敗,nouns,1.0
848,原谅,忘記,verbs,0.32
849,苍蝇,螞蟻,nouns,0.73
850,接受,運送,verbs,0.0
851,大小,量,nouns,2.91
852,留,得到,verbs,0.59
853,朋友,夥伴,nouns,4.13
854,无政府,混亂,nouns,3.04
855,接受,拒絕,verbs,0.45
856,家俱,床,nouns,3.14
857,瞄准,打中,verbs,1.5
858,分子,原子,nouns,2.36
859,基底,底部,nouns,3.31
860,某些,緊張,adjectives,0.04
861,多面体,演員,nouns,0.28
862,监护人,母親,nouns,3.0
863,成功,節約,verbs,0.18
864,犯罪,違反,nouns,3.36
865,和蔼,残酷,adjectives,0.0
866,甘蔗,聯合,nouns,0.0
867,一对,情侶,nouns,3.22
868,做,賺,verbs,0.18
869,发生,做,verbs,0.09
870,滴,倒,verbs,0.73
871,笨,巨大,adjectives,0.14
872,岩石,礦,nouns,1.36
873,任务,作業,nouns,2.46
874,轻松,強調,adjectives,0.18
875,沐浴,原木,nouns,0.0
876,探索,發現,verbs,2.77
877,放,給,verbs,0.46
878,射线,陽光,nouns,0.96
879,谢绝,拒絕,verbs,4.13
880,领导,經理,nouns,2.5
881,电影,電視,nouns,2.63
882,短小,矬小,adjectives,3.19
883,脖子,骨頭,nouns,0.36
884,參加,離開,verbs,0.18
885,掩盖,埋葬,verbs,2.45
886,无助,脆弱,adjectives,1.91
887,神经,腸子,nouns,0.23
888,生日,日期,nouns,1.68
889,玩具,立方體,nouns,0.18
890,百科全书,字典,nouns,2.09
891,植物,農業,nouns,1.04
892,状态,情況,nouns,3.68
893,电视,編劇,nouns,0.69
894,创建,畫,verbs,0.32
895,猛烈地,可悲的是,adverbs,0.14
896,肚子,睡房,nouns,0.04
897,镜片,相機,nouns,0.64
898,成为,出現,verbs,0.32
899,读,咬,verbs,0.09
900,丰富,許多,nouns,3.91
901,情感,心情,nouns,3.18
902,火山,岩漿,nouns,1.69
903,皮炎,濕疹,nouns,3.59
904,脏,非常好,adjectives,0.0
905,阵列,名單,nouns,0.91
906,征服,旅程,nouns,0.32
907,瘦,狹窄,adjectives,1.0
908,容器,瓶子,nouns,3.09
909,负责可靠地,獨立地,adverbs,1.18
910,最佳,第五,adjectives,0.14
911,门,存在,nouns,0.0
912,农业,植物,nouns,1.04
913,美人,年齡,nouns,0.22
914,球,手套,nouns,0.18
915,洗手间,睡房,nouns,0.5
916,章,尾巴,nouns,0.04
917,减少,降低,verbs,3.73
918,紧紧,堅固地,adverbs,3.23
919,协议,契約,nouns,4.18
920,靠不住的,狡詐,adjectives,2.41
921,偏压,意見,nouns,0.18
922,狭窄,白色,adjectives,0.18
923,鼠,老鼠,nouns,5.23
924,道德,傳說,nouns,0.04
925,羊,牛,nouns,1.64
926,争论,討論,nouns,3.69
927,攻击,加劇,verbs,0.22
928,星期,週末,nouns,2.54
929,穿,撕開,verbs,0.09
930,加入,加,verbs,3.69
931,安全地,小心地,adverbs,2.87
932,评论说,批評,verbs,2.23
933,瘦,苗條,adjectives,4.63
934,马,小馬,nouns,3.45
935,鸵鸟,果園,nouns,0.0
936,算术,邏輯,nouns,2.32
937,化学,理論,nouns,0.5
938,赞成,准許,verbs,3.59
939,可靠地,大致,adverbs,0.32
940,书,故事,nouns,2.77
941,珍贵,神聖,adjectives,1.31
942,金,鋅,nouns,1.54
943,剑,環境,nouns,0.18
944,尾巴,懸崖,nouns,0.04
945,花朵,紫羅蘭,nouns,3.54
946,机械地,理想地,adverbs,0.27
947,不准确地,精確地,adverbs,0.22
948,迅速,快,adjectives,5.2
949,手,手腕,nouns,2.73
950,杂乱无章,井井有條,verbs,0.22
951,地震,震,nouns,3.87
952,军团,軍隊,nouns,3.91
953,小行星,星,nouns,3.59
954,保龄球选手,保齡球,nouns,1.41
955,棒球,兄弟會,nouns,0.14
956,男孩,合作夥伴,nouns,0.5
957,土豆,牛油,nouns,0.18
958,听见,聽,verbs,4.13
959,法律,學校,nouns,0.36
960,静脉,選擇,nouns,0.09
961,拥抱,保持,verbs,0.0
962,暴力,被動,adjectives,0.04
963,脚,頭,nouns,0.23
964,湖,雲,nouns,0.22
965,分解,因式分解,nouns,2.87
966,充电器,磁盤,nouns,0.04
967,屋,穀倉,nouns,0.64
968,流体,噴嘴,nouns,0.14
969,大厅,走道,nouns,0.14
970,啤酒,飲品,nouns,2.41
971,检查,檢查,verbs,5.0
972,旅程,旅行,nouns,4.5
973,得到,購買,verbs,0.41
974,向量,矩陣,nouns,0.82
975,屋,地毯,nouns,0.27
976,勺子,杯子,nouns,0.55
977,旗,杆,nouns,1.0
978,小学生,總統,nouns,0.04
979,小圆盾,屏蔽,nouns,0.32
980,强烈地,正式,adverbs,0.64
981,糖果,肉桂,nouns,0.27
982,真实地,完美地,adverbs,0.32
983,旅行,走,verbs,0.59
984,昂贵,害羞,adjectives,0.0
985,纯,謙虛,adjectives,0.59
986,脑,神經,nouns,1.46
987,倾向,偏見,verbs,2.86
988,帽子,大褸,nouns,0.81
989,举起,提高,verbs,3.14
990,哭泣,哭,verbs,5.68
991,饥饿,渴,adjectives,1.96
992,操纵杆,雷達,nouns,0.14
993,面包,芝士,nouns,0.41
994,愉快,精彩,adjectives,2.64
995,手臂,頸,nouns,0.36
996,电线,軟線,nouns,0.81
997,骑,跑,verbs,0.27
998,机灵,狡猾,adjectives,2.32
999,朋友,賓客,nouns,3.41
1000,搜索,尋求,verbs,3.41
1001,起源,開始,verbs,3.54
1002,纸币,付款,nouns,0.82
1003,手掌,手指,nouns,1.69
1004,栅栏,籠子,nouns,1.09
1005,拉比,老師,nouns,0.86
1006,国王,王子,nouns,2.18
1007,可能,樂觀地,adverbs,0.46
1008,学习,教育,verbs,2.63
1009,长,狹窄,adjectives,0.46
1010,女英雄,英雄,nouns,4.0
1011,公国,親王國,nouns,1.14
1012,强大,強大,adjectives,4.86
1013,行动,課程,nouns,0.46
1014,长笛,音樂,nouns,1.32
1015,从不,慷慨地,adverbs,0.04
1016,吵闹,喧鬧聲,nouns,4.0
1017,篮子,球,nouns,0.14
1018,主意,方案,nouns,3.54
1019,做,創建,verbs,1.04
1020,指甲,手,nouns,0.69
1021,炒,煮沸,verbs,0.59
1022,有创造力,創新,adjectives,4.78
1023,使气馁,鼓勵,verbs,0.18
1024,骨头,手臂,nouns,0.41
1025,成熟地,正直地,adverbs,0.68
1026,汽车,廠,nouns,0.09
1027,班级,大學,nouns,0.14
1028,走,進入,verbs,0.86
1029,草地,草原,nouns,4.04
1030,精灵,燈,nouns,0.09
1031,非常,明亮地,adverbs,0.5
1032,说,表達,verbs,2.86
1033,小孩,女孩,nouns,2.68
1034,成年人,監護人,nouns,2.69
1035,画画,暴動,nouns,0.09
1036,不开心,激氣,adjectives,3.23
1037,母鸡,火雞,nouns,2.23
1038,总统,政治家,nouns,3.09
1039,参与,說,verbs,0.0
1040,缺乏信心,黏人,adjectives,0.27
1041,头脑风暴,望遠鏡,nouns,0.04
1042,圣歌,征服,nouns,0.0
1043,愚笨,笨,adjectives,5.32
1044,一分钱,尺寸,nouns,0.04
1045,城市,城鎮,nouns,3.59
1046,严酷,殘酷,adjectives,4.04
1047,徽章,玻璃,nouns,0.14
1048,国民,聞名,adjectives,0.0
1049,贫穷,孤獨,adjectives,0.14
1050,报纸,資料,nouns,2.19
1051,薄荷,口香糖,nouns,0.5
1052,离开,徘徊,verbs,0.14
1053,大规模,大,adjectives,3.5
1054,比较,分析,verbs,3.04
1055,自由,綠洲,nouns,0.04
1056,酒,樂隊,nouns,0.0
1057,选择,靜脈,nouns,0.09
1058,猎狗,狐狸,nouns,1.0
1059,当然,明顯地,adverbs,3.41
1060,字,報紙,nouns,1.32
1061,冷,普通,adjectives,0.0
1062,微妙地,大聲地,adverbs,0.04
1063,军队,軍團,nouns,3.91
1064,不可說出口的,婚外,adjectives,1.09
1065,拇指,手,nouns,1.0
1066,结婚,訂婚,verbs,2.63
1067,布,衣服,nouns,2.27
1068,试着,打算,verbs,1.19
1069,不合理,不公平地,adverbs,3.68
1070,稻草,聖歌,nouns,0.18
1071,男孩,小孩,nouns,2.86
1072,文章,手稿,nouns,2.77
1073,阴谋家,策略家,nouns,2.82
1074,在场,缺席,nouns,0.18
1075,地窖,門,nouns,0.27
1076,天空,陽光,nouns,0.91
1077,知道,明白,verbs,3.5
1078,新,古老,adjectives,0.18
1079,娱乐,使滿意,verbs,0.41
1080,沙子,腳,nouns,0.09
1081,士兵,男孩,nouns,1.68
1082,孩子,女兒,nouns,2.41
1083,意外,大災難,nouns,2.96
1084,地图,廣場,nouns,0.32
1085,大炮,球,nouns,0.09
1086,准许,贊成,verbs,3.59
1087,飞行,航空,nouns,3.23
1088,出现,發生,verbs,2.5
1089,淹,救,verbs,0.09
1090,大学,級數,nouns,0.14
1091,椅子,凳子,nouns,4.96
1092,铝,金屬,nouns,2.59
1093,想,查詢,verbs,0.18
1094,街,小巷,nouns,3.13
1095,驱逐,離開,verbs,2.54
1096,幻想,現實,nouns,2.71
1097,海啸,海,nouns,1.54
1098,沙丘,沙漠,nouns,2.59
1099,大规模,巨大,adjectives,3.46
1100,重要地,真實地,adverbs,0.23
1101,喜爱,討厭,verbs,0.18
1102,确定,肯定,adjectives,5.13
1103,滑雪板,滑雪,nouns,1.14
1104,窗口,雲,nouns,0.0
1105,犯罪,盜竊,nouns,3.45
1106,对手,對手,nouns,5.18
1107,图表,圖解,nouns,3.04
1108,手稿,書,nouns,0.96
1109,马,狗,nouns,1.14
1110,参与,參加,verbs,4.77
1111,受惊,興奮,adjectives,0.5
1112,知道,忘記,verbs,0.04
1113,干旱,水,nouns,0.04
1114,芥末,種子,nouns,0.82
1115,西洋棋,檢查,nouns,0.09
1116,门,地板,nouns,0.18
1117,阳光,天空,nouns,0.91
1118,不诚实,壞,adjectives,0.96
1119,伙伴,傢伙,nouns,2.46
1120,蜜蜂,昆蟲,nouns,3.23
1121,获得,得到,verbs,4.69
1122,现代,古老,adjectives,0.09
1123,果园,鴕鳥,nouns,0.0
1124,狗,貓,nouns,0.55
1125,喧闹声,吵鬧,nouns,4.0
1126,紧急情况,意外,nouns,3.63
1127,尖叫,叫喊,verbs,3.64
1128,男人,丈夫,nouns,2.63
1129,骨头,肘,nouns,0.27
1130,哲学家,賽跑,nouns,0.09
1131,公主,新娘,nouns,0.36
1132,战役,征服,nouns,0.64
1133,讨厌,批評,verbs,0.5
1134,想,選擇,verbs,0.45
1135,捏碎,折斷,verbs,2.5
1136,谦虚,羞愧,adjectives,0.36
1137,搜索,查詢,verbs,3.78
1138,伤心,搞笑,adjectives,0.09
1139,年,世紀,nouns,1.41
1140,手腕,手臂,nouns,0.41
1141,男孩,狀態,nouns,0.18
1142,呛,呼吸,verbs,0.69
1143,航空,飛行,nouns,3.23
1144,巫师,電纜,nouns,0.0
1145,游戏,戲法,nouns,0.5
1146,灌木,花,nouns,1.23
1147,椅子,長凳,nouns,3.54
1148,保留,毀滅,verbs,0.14
1149,宾客,朋友,nouns,3.41
1150,显然,大致,adverbs,0.82
1151,日历,假日,nouns,0.59
1152,不诚实,真實,adjectives,0.09
1153,飞机,直升機,nouns,2.41
1154,征服,聖歌,nouns,0.0
1155,拥抱,擠壓,verbs,0.27
1156,适中,溫和,adjectives,3.5
1157,守规矩,服從,verbs,3.68
1158,肉,煙肉,nouns,2.87
1159,目前,最近,adverbs,3.37
1160,歌手,合唱,nouns,1.19
1161,厨房,門,nouns,0.18
1162,戒除,做,verbs,0.04
1163,幸福,運氣,nouns,0.86
1164,点菜,菜單,nouns,1.14
1165,说服,嘗試,verbs,0.36
1166,球,球拍,nouns,0.54
1167,柔软,暴力,adjectives,0.0
1168,借,欠,verbs,0.41
1169,擦,惡化,verbs,0.09
1170,可靠地,被動地,adverbs,0.0
1171,惩罚,教,verbs,0.5
1172,屋顶,窗口,nouns,0.41
1173,米饭,男孩,nouns,0.04
1174,杂志,文章,nouns,2.22
1175,勺子,果汁,nouns,0.18
1176,硬件,案件,nouns,0.18
1177,也许,大概,adverbs,3.78
1178,椅子,沙發,nouns,2.63
1179,用拳猛击,捏,verbs,0.5
1180,试验,測試,nouns,4.27
1181,闻,溺愛,verbs,0.0
1182,使满意,娛樂,verbs,0.41
1183,之后,之前,adverbs,0.22
1184,保持,失去,verbs,0.14
1185,天神,魔鬼,nouns,0.09
1186,付款,硬幣,nouns,0.82
1187,定义,字典,nouns,0.86
1188,球,排球,nouns,3.41
1189,肝脏,器官,nouns,2.64
1190,理想地,機械地,adverbs,0.27
1191,腰部,一餐,nouns,0.0
1192,光,鍵盤,nouns,0.14
1193,加,乘,verbs,0.59
1194,任务,高速公路,nouns,0.0
1195,裂开,打碎,verbs,1.5
1196,家,州,nouns,0.04
1197,令人惊讶,奇特地,adverbs,2.87
1198,鸟,母雞,nouns,1.36
1199,监狱,選擇,nouns,0.04
1200,状态,男孩,nouns,0.18
1201,英式足球,足球,nouns,4.72
1202,脏,淫賤,adjectives,0.59
1203,自行车,皮膚,nouns,0.04
1204,不同意,同意,verbs,0.27
1205,硬币,付款,nouns,0.82
1206,一般,常規地,adverbs,3.91
1207,站立,步行,verbs,0.36
1208,钻石,錢,nouns,0.96
1209,网球,統計資料,nouns,0.0
1210,衣服,布料,nouns,1.9
1211,博物馆,薄荷,nouns,0.04
1212,哨,停,verbs,0.14
1213,行星,月亮,nouns,2.69
1214,阳光,蘋果,nouns,0.09
1215,大脑,頭腦,nouns,4.5
1216,摩天大楼,宮殿,nouns,0.32
1217,出席,發送,verbs,0.09
1218,兄弟,姊妹,nouns,1.77
1219,电影,劇院,nouns,2.04
1220,凹地,谷,nouns,2.54
1221,监控,螢幕,nouns,0.59
1222,建议,推介,verbs,3.46
1223,未成形,制服,adjectives,0.0
1224,肉桂,糖果,nouns,0.27
1225,保存,收藏,verbs,4.23
1226,小巷,碗,nouns,0.0
1227,走,旅行,verbs,0.59
1228,讽刺,神話,nouns,0.46
1229,人,人口,nouns,2.77
1230,恶魔,天使,nouns,0.27
1231,难以置信,普通,adjectives,0.0
1232,果汁,奶昔,nouns,0.5
1233,吸收,擁有,verbs,0.36
1234,发抖,凍結,verbs,0.14
1235,给予,貢獻,nouns,2.87
1236,喉,舌頭,nouns,0.91
1237,单种栽培,農業,nouns,1.5
1238,映像,圖像,nouns,3.37
1239,雕塑,雕像,nouns,4.91
1240,鼻子,嘴巴,nouns,0.18
1241,测试,試驗,nouns,4.27
1242,开始,起源,verbs,3.54
1243,选择,章,nouns,0.09
1244,结婚,團結,verbs,0.59
1245,晚餐,餐,nouns,3.13
1246,听,明白,verbs,0.77
1247,自行车,汽車,nouns,1.0
1248,机场,飛機,nouns,0.86
1249,云,窗口,nouns,0.0
1250,锁匙,王冠,nouns,0.04
1251,疯狂,高興,adjectives,0.55
1252,管理,老鼠,nouns,0.04
1253,拥有,保持,verbs,0.91
1254,企业,公司,nouns,4.18
1255,棒球,籃球,nouns,1.19
1256,未公开,公開,adjectives,0.18
1257,父亲,家長,nouns,3.63
1258,中性,冷靜,adjectives,0.36
1259,理解,知道,verbs,3.46
1260,花费,保存,verbs,0.32
1261,克服,統治,verbs,0.09
1262,忽略,離開,verbs,0.32
1263,电缆,教堂,nouns,0.0
1264,苹果,糖果,nouns,0.14
1265,混乱,無政府,nouns,3.04
1266,天气,波浪,nouns,0.09
1267,犹豫,憤怒,adjectives,0.41
1268,队长,水手,nouns,0.22
1269,不道德,非法,adjectives,2.41
1270,选举权,出口,nouns,0.22
1271,戏弄,傷害,verbs,0.46
1272,先生,女士,nouns,0.54
1273,饼干,公主,nouns,0.0
1274,女王,蜜蜂,nouns,0.0
1275,大方,善良,adjectives,2.04
1276,私人,個人,adjectives,4.04
1277,容器,靜脈,nouns,0.23
1278,自豪的,謙遜地,adverbs,0.36
1279,半学年,學期,nouns,3.96
1280,消逝,消失,verbs,4.09
1281,普通,平凡,adjectives,4.96
1282,蛇,蜥蜴,nouns,0.86
1283,注意,意識,nouns,2.77
1284,修理,恢復,verbs,1.73
1285,母马,馬,nouns,3.55
1286,身体,肩,nouns,0.73
1287,苗条,瘦,adjectives,4.63
1288,谈判,外交,nouns,2.04
1289,违反,犯罪,nouns,3.36
1290,友善,大方,adjectives,2.59
1291,风尚,時裝,nouns,2.73
1292,忽略,探索,verbs,0.0
1293,真诚地,平時,adverbs,0.23
1294,弱,強大,adjectives,0.04
1295,存在,門,nouns,0.0
1296,技巧,智力,nouns,2.27
1297,包皮,割禮,nouns,1.14
1298,岛,海灘,nouns,1.04
1299,正义,權利,nouns,0.55
1300,学费,獎學金,nouns,0.73
1301,相反,獨特,adjectives,0.64
1302,溶解,混合,verbs,0.36
1303,大炮,槍,nouns,1.91
1304,褪色,侵蝕,verbs,0.96
1305,生气,開心,adjectives,0.14
1306,坚固,狡猾,adjectives,0.04
1307,世纪,十年,nouns,0.64
1308,通知,描繪,verbs,0.0
1309,海滩,島,nouns,1.04
1310,穆斯林,主教,nouns,0.45
1311,粗糙,無禮貌,adjectives,0.5
1312,恶化,抹,verbs,0.09
1313,主教,穆斯林,nouns,0.45
1314,拒绝,退出,verbs,0.41
1315,钟,門,nouns,0.28
1316,必须,重要,adjectives,3.5
1317,韵律,算術,nouns,0.04
1318,日落,日出,nouns,0.59
1319,羊,羊肉,nouns,4.04
1320,片,飛機場,nouns,0.0
1321,电视,溝通,nouns,0.04
1322,说话,聽見,verbs,0.32
1323,尖,鈍,adjectives,0.18
1324,肚子,靜脈,nouns,0.27
1325,旧,新,adjectives,0.23
1326,没用过,新,adjectives,4.04
1327,问,幫忙,verbs,0.09
1328,奇怪,普通,adjectives,0.09
1329,戏法,沖涼,nouns,0.04
1330,作家,作曲家,nouns,2.41
1331,全能,霸權,nouns,0.59
1332,募捐活动,事件,nouns,0.86
1333,保留,留,verbs,4.0
1334,芝士,麵包,nouns,0.41
1335,害怕,急,adjectives,0.23
1336,歌手,演員,nouns,2.36
1337,想要,慾望,verbs,3.86
1338,灵活,鬆動,adjectives,1.46
1339,出口,門口,nouns,3.54
1340,医院,床,nouns,0.36
1341,肉,血液,nouns,0.36
1342,频繁,無知,adjectives,0.09
1343,任务,稻草,nouns,0.0
1344,机灵,笨,adjectives,0.36
1345,铅笔,故事,nouns,0.14
1346,望远镜,椅子,nouns,0.04
1347,萤幕,監控,nouns,0.59
1348,清洁,一塵不染,adjectives,4.96
1349,货币,交換,nouns,0.78
1350,煮,炒,verbs,0.64
1351,收缩,減少,verbs,3.13
1352,牛肉,肉,nouns,3.46
1353,自然地,非自然,adverbs,0.22
1354,舌头,肌肉,nouns,0.45
1355,小巷,街,nouns,3.13
1356,奇怪,怪異,adjectives,4.04
1357,不同,拗撬,verbs,0.23
1358,橡木,楓木,nouns,2.68
1359,木,石,nouns,0.36
1360,条件,協議,nouns,1.91
1361,软管,汽車,nouns,0.14
1362,箭头,目標,nouns,0.86
1363,方式,方法,nouns,4.36
1364,死亡,悲劇,nouns,1.73
1365,聚集,見面,verbs,0.73
1366,决定,想,verbs,0.55
1367,温和,尖,adjectives,0.0
1368,来,出席,verbs,3.0
1369,优胜者,存在,nouns,0.04
1370,内疚,誠實,adjectives,0.18
1371,骗局,貪污,nouns,1.14
1372,伟大,攞命,adjectives,0.14
1373,瞇,怒視,verbs,0.22
1374,喝,混合,verbs,0.04
1375,安慰,安全,nouns,0.04
1376,实质上,關鍵地,adverbs,0.55
1377,增加,成長,verbs,0.82
1378,全球化,簽證,nouns,0.54
1379,国境,分界線,nouns,3.46
1380,快乐,開心,adjectives,5.32
1381,岛,公主,nouns,0.0
1382,精彩,极好,adjectives,3.41
1383,舒服地,容易地,adverbs,1.23
1384,演员,歌手,nouns,2.36
1385,否定,從未,adjectives,1.41
1386,可靠,負責任,adverbs,3.32
1387,安全,合法,adjectives,0.69
1388,失去,失敗,verbs,0.73
1389,窗帘,竿,nouns,0.27
1390,谷物,小麥,nouns,3.18
1391,走道,大廳,nouns,0.14
1392,奇怪,狡猾,adjectives,0.73
1393,学期,半學年,nouns,3.96
1394,公寓,屋,nouns,4.22
1395,电话,手提電話,nouns,4.46
1396,早餐,煙肉,nouns,0.45
1397,合作,參與,verbs,0.54
1398,保护,防御,verbs,3.73
1399,割礼,包皮,nouns,1.14
1400,嘴巴,鼻子,nouns,0.18
1401,成功,嘗試,verbs,0.23
1402,从不,稍後,adverbs,0.09
1403,拒绝,選舉,verbs,0.0
1404,极其,非常,adverbs,4.18
1405,枫木,橡木,nouns,2.68
1406,茶,檸檬,nouns,0.18
1407,蚂蚁,蒼蠅,nouns,0.73
1408,提高,喝,verbs,0.0
1409,字典,百科全書,nouns,2.09
1410,派对,面具,nouns,0.23
1411,异族,外國人,nouns,4.04
1412,真实,假,adjectives,0.27
1413,标识,俱樂部,nouns,0.04
1414,人,人物,nouns,4.27
1415,女孩,男人,nouns,0.46
1416,机器,電腦,nouns,2.73
1417,丑陋,粗糙,adjectives,0.64
1418,深度地,有意義,adverbs,2.0
1419,麻布,布,nouns,2.96
1420,时装,模式,nouns,0.04
1421,残酷,和藹,adjectives,0.0
1422,根,草,nouns,0.41
1423,大致,不耐煩地,adverbs,0.18
1424,好斗,彎曲,adjectives,0.09
1425,容器,四輪貨運馬車,nouns,0.14
1426,明亮地,非常,adverbs,0.5
1427,沉重,滿載,adjectives,0.77
1428,优雅,風格,nouns,1.27
1429,声望,財富,nouns,0.36
1430,伴侣,情人,nouns,4.81
1431,自由,自由,nouns,4.46
1432,男孩,米飯,nouns,0.04
1433,团结,領帶,verbs,0.0
1434,断绝亲子关系 or...,給,verbs,0.04
1435,冻结,發抖,verbs,0.14
1436,带来,攜帶,verbs,3.63
1437,困难,簡單,adjectives,0.16
1438,证明,解釋,verbs,3.13
1439,脾气,醫生,nouns,0.18
1440,领带,團結,verbs,0.0
1441,菠萝,手機,nouns,0.0
1442,杀,毀滅,verbs,2.77
1443,监护人,成人,nouns,2.69
1444,拖着脚走,騎,verbs,0.0
1445,海报,紙,nouns,2.18
1446,焦虑,不耐煩,adjectives,3.5
1447,地板,屋頂,nouns,0.18
1448,总和,結合,nouns,0.55
1449,小麦,穀物,nouns,3.18
1450,把握,握緊,verbs,2.87
1451,罕见,笨,adjectives,0.14
1452,薄雾,雨,nouns,0.73
1453,惩罚,服從,verbs,0.23
1454,确定,撤離,verbs,0.0
1455,保持,珍愛,verbs,0.27
1456,苹果,檸檬,nouns,0.41
1457,便士,便宜貨,nouns,0.14
1458,歌曲,歌謠,nouns,3.68
1459,智力,洞察力,nouns,2.46
1460,本地,明顯地,adverbs,0.09
1461,塔,鐘,nouns,0.5
1462,异常,奇怪地,adverbs,3.41
1463,雪茄,盒子,nouns,0.09
1464,大灾难,意外,nouns,2.96
1465,笨,聰明,adjectives,0.09
1466,参与,合作,verbs,0.54
1467,坦白,否認,nouns,0.23
1468,起泡,插圖,nouns,0.04
1469,大,重,adjectives,0.55
1470,十年,世紀,nouns,0.64
1471,法官,法庭,nouns,0.86
1472,教育,學習,verbs,2.63
1473,通知,承認,verbs,0.28
1474,名单,陣列,nouns,0.91
1475,有时,每當,adverbs,0.5
1476,家牛,乳酪,nouns,0.46
1477,类似,相像,adjectives,3.04
1478,贪污,騙局,nouns,1.14
1479,兄弟,靈魂,nouns,0.0
1480,保持,借,verbs,0.0
1481,达到,完成,verbs,3.68
1482,亲王国,公國,nouns,1.14
1483,忘记,保留,verbs,0.14
1484,歌曲,演員,nouns,0.18
1485,电缆,巫師,nouns,0.0
1486,密码,標誌,nouns,0.04
1487,男人,勝利者,nouns,0.36
1488,坚固地,冷靜地,adverbs,0.59
1489,蚕,毛毛蟲,nouns,2.27
1490,脚趾,手指,nouns,0.46
1491,允许,反駁,verbs,0.0
1492,器官,肝臟,nouns,2.64
1493,井井有条,雜亂無章,verbs,0.22
1494,无聊,累,adjectives,0.14
1495,妻子,一分錢,nouns,0.18
1496,行星,星星,nouns,2.63
1497,普通,冷,adjectives,0.0
1498,车,的士,nouns,3.81
1499,打印,無視,verbs,0.0
1500,面具,派對,nouns,0.23
1501,准确地,積極地,adverbs,0.86
1502,权利,正義,nouns,0.55
1503,感情上,傷心地,adverbs,0.78
1504,说明,討論,verbs,1.41
1505,语言,溝通,nouns,1.0
1506,卖,提醒,verbs,0.0
1507,价格,價值,nouns,4.0
1508,诚实地,從未,adverbs,0.0
1509,乐趣,遊戲,nouns,0.45
1510,凯旋,勝利,nouns,4.46
1511,提醒,告訴,verbs,2.63
1512,能量,電池,nouns,2.09
1513,大麻,草藥,nouns,2.41
1514,成年人,家長,nouns,3.23
1515,树,船,nouns,0.04
1516,猴子,参加競選,nouns,0.09
1517,区域,地區,nouns,4.68
1518,吞,喝,verbs,1.0
1519,校园,大學,nouns,2.59
1520,哥哥,男孩,nouns,2.54
1521,支气管炎,對乙酰氨基酚,nouns,0.09
1522,苔藓,草,nouns,2.09
1523,选择,選舉,nouns,2.54
1524,海滩,海,nouns,2.5
1525,贡献,給予,nouns,2.87
1526,泉,噴泉,nouns,3.63
1527,放开,按下,verbs,0.09
1528,母亲,妻子,nouns,2.5
1529,组织,收集,verbs,1.18
1530,天空,宇宙,nouns,2.27
1531,教授,學生,nouns,0.27
1532,忠诚地,誠實地,adverbs,4.31
1533,头,鼻子,nouns,0.18
1534,鸡,晚餐,nouns,0.27
1535,奖学金,學費,nouns,0.73
1536,同意,不同意,verbs,0.27
1537,扼杀,燒傷,verbs,0.36
1538,饮食,蘋果,nouns,0.64
1539,精确地,不準確地,adverbs,0.22
1540,走,開始,verbs,0.09
1541,关闭,嘔吐,verbs,0.0
1542,沈闷,枯燥,adjectives,4.32
1543,尊严,徽章,nouns,0.28
1544,飓风,暴風雨,nouns,2.96
1545,杂,聯合,adjectives,0.09
1546,职业,學院,nouns,0.09
1547,乙酰胆碱,鳶尾花,nouns,0.0
1548,豆,煙肉,nouns,0.0
1549,有时候,經常,adverbs,2.68
1550,负面地,非自然,adverbs,0.45
1551,文章,功課,nouns,1.32
1552,鼻子,喉嚨,nouns,0.27
1553,盗窃,犯罪,nouns,3.45
1554,胸部,身體,nouns,1.86
1555,声明放弃,壓抑,verbs,0.14
1556,最近,新,adjectives,2.41
1557,女人,任務,nouns,0.04
1558,圣歌,稻草,nouns,0.18
1559,加入,參與,verbs,4.77
1560,赦免,原諒,verbs,3.46
1561,器具,鍋,nouns,2.36
1562,纸,海報,nouns,2.18
1563,米饭,雞,nouns,0.23
1564,卧室,單車,nouns,0.0
1565,爸爸,母親,nouns,1.14
1566,社会,文化,nouns,0.95
1567,慷慨地,從未,adverbs,0.04
1568,炼狱,後世,nouns,0.09
1569,身体,胸部,nouns,1.86
1570,女儿,父親,nouns,0.41
1571,新鲜,寬,adjectives,0.0
1572,校验,說,verbs,0.0
1573,故事,書,nouns,2.77
1574,两次,一次,adverbs,0.41
1575,骨头,顎,nouns,1.77
1576,手机,菠蘿,nouns,0.0
1577,拒绝,避免,verbs,0.91
1578,观察,觀看,verbs,4.36
1579,怪诞,奇怪,adjectives,4.5
1580,剧院,電影,nouns,2.04
1581,松动,靈活,adjectives,1.46
1582,获得,取得,verbs,4.41
1583,海军,島,nouns,0.04
1584,船,樹,nouns,0.04
1585,羞耻,幸運,adjectives,0.09
1586,酒,世紀,nouns,0.04
1587,牧师,預言家,nouns,0.41
1588,平凡,普通,adjectives,4.96
1589,鞭打,擊敗,verbs,0.54
1590,男人,哨兵,nouns,1.5
1591,裙子,手錶,nouns,0.09
1592,流,漂移,verbs,1.73
1593,工作,任務,nouns,3.27
1594,收集,搖動,verbs,0.04
1595,狭窄,長,adjectives,0.46
1596,拒绝,謝絕,verbs,4.13
1597,国民,大,adjectives,0.0
1598,上衣,帽子,nouns,0.81
1599,剑,王座,nouns,0.23
1600,衣服,抽屜,nouns,0.27
1601,借,保持,verbs,0.0
1602,包含,包括,verbs,5.04
1603,沉闷,平淡,adjectives,2.5
1604,歌谣,歌曲,nouns,3.68
1605,紧张,某些,adjectives,0.04
1606,显然,明顯,adjectives,5.0
1607,前情,過去,nouns,3.54
1608,派,巧克力,nouns,0.36
1609,韵律,韻律,nouns,4.5
1610,开心,瘋狂,adjectives,0.96
1611,吸血鬼,蝙蝠,nouns,0.78
1612,罐,瓶子,nouns,2.46
1613,叔叔,姨媽,nouns,0.59
1614,顶,側面,nouns,0.36
1615,翻译者,外國人,nouns,0.32
1616,尾巴,章,nouns,0.04
1617,激进,暴力,adjectives,2.77
1618,作业,任務,nouns,2.46
1619,地区,區城,nouns,4.68
1620,担心,浪費,verbs,0.0
1621,开始,戒除,verbs,0.04
1622,合唱团,教堂,nouns,0.41
1623,怪异,奇怪,adjectives,4.04
1624,空出,驅逐,verbs,0.32
1625,发送,帶來,verbs,0.14
1626,床,椅子,nouns,1.09
1627,便条,作業,nouns,0.45
1628,意外,緊急情況,nouns,3.63
1629,内衣褲,身體,nouns,0.36
1630,加,除,verbs,0.59
1631,轻信,蠢,adjectives,0.68
1632,候选人,獲勝者,nouns,1.5
1633,非法,不道德,adjectives,2.41
1634,终末,不同,adverbs,0.04
1635,乐队,耐力,nouns,0.0
1636,酒,雞尾酒,nouns,3.73
1637,自豪,喜悅,nouns,2.09
1638,火鸡,鳥,nouns,1.87
1639,尖,平滑,adjectives,0.09
1640,交付,攞,verbs,0.59
1641,草莓,櫻桃,nouns,2.04
1642,钢琴,和聲,nouns,0.59
1643,红酒,白蘭地,nouns,2.96
1644,问,求情,verbs,0.14
1645,费用,工資,nouns,1.04
1646,全然地,完全地,adverbs,4.37
1647,家伙,朋友,nouns,1.04
1648,滑雪,滑雪板,nouns,1.14
1649,矩阵,向量,nouns,0.82
1650,一分钱,妻子,nouns,0.18
1651,长大,未成熟的,adjectives,0.22
1652,参议院,憲法,nouns,0.82
1653,开口,缺口,nouns,3.77
1654,疾病,癌症,nouns,3.78
1655,夺取,攞,verbs,2.77
1656,手臂,肌肉,nouns,0.86
1657,教练,老師,nouns,2.73
1658,打败,贏,verbs,4.04
1659,小木屋,茅屋,nouns,3.0
1660,唇,嘴巴,nouns,3.04
1661,天神,牧師,nouns,0.46
1662,服装,球,nouns,0.09
1663,重要的,正式地,adverbs,0.91
1664,高兴,瘋狂,adjectives,0.55
1665,教,懲罰,verbs,0.5
1666,门口,門,nouns,3.73
1667,黏,濕,adjectives,1.77
1668,蜜蜂,螞蟻,nouns,1.04
1669,疾病,發燒,nouns,2.31
1670,奇怪,正常,adjectives,0.18
1671,马赛克,教堂,nouns,0.0
1672,有时,肯定地,adverbs,0.0
1673,惩罚,擊中,verbs,0.0
1674,硬纸板,紙,nouns,2.77
1675,白天,朝早,nouns,5.37
1676,必须,不需要,adjectives,0.14
1677,棉,聚酯纖維,nouns,0.72
1678,夏天,冬天,nouns,0.14
1679,走,來,verbs,0.36
1680,信,段,nouns,0.09
1681,诗,韻律,nouns,0.54
1682,老鹰,獵鷹,nouns,3.87
1683,稍微地,大致,adverbs,1.5
1684,不公平,公平,adverbs,0.22
1685,旅行,旅程,nouns,4.5
1686,伴侣,夥伴,nouns,2.96
1687,力量,威力,nouns,3.32
1688,狗,馬,nouns,1.14
1689,付款,購買,verbs,3.09
1690,撤退,離開,verbs,3.73
1691,怒视,瞇,verbs,0.22
1692,故障,系統,nouns,0.04
1693,尖顶,教堂,nouns,0.69
1694,航空电子学,航空學,nouns,3.22
1695,群落生境,生物學,nouns,0.72
1696,毁灭,創建,verbs,0.22
1697,电话,小亭,nouns,0.0
1698,马,母馬,nouns,3.55
1699,摇床,幼兒床,nouns,3.5
1700,目标,赢家,nouns,0.18
1701,踝,肘,nouns,0.59
1702,阳光,射線,nouns,0.96
1703,寻求,目標,nouns,0.64
1704,客串角色,性能,nouns,0.04
1705,小心地,謹慎地,adverbs,4.59
1706,薄荷,博物館,nouns,0.04
1707,新,舊,adjectives,0.23
1708,喝,提高,verbs,0.0
1709,肝,肺,nouns,0.59
1710,焦躁不安,年輕,adjectives,0.04
1711,判断,決定,verbs,3.0
1712,国王,統治者,nouns,4.68
1713,作家,小說,nouns,0.27
1714,不显眼地,明顯地,adverbs,0.22
1715,绿洲,自由,nouns,0.04
1716,页,詞,nouns,0.28
1717,柔韧,大,adjectives,0.18
1718,非法,合法,adjectives,0.18
1719,猎鹰,老鷹,nouns,3.87
1720,首领,市長,nouns,3.09
1721,球,球狀物,nouns,3.91
1722,钱,工資,nouns,4.09
1723,下面,上面,nouns,0.04
1724,礼物,作家,nouns,0.04
1725,医生,大夫,nouns,4.91
1726,停止,控制,verbs,0.41
1727,换算,高度,nouns,0.09
1728,给予,拒絕,verbs,0.0
1729,社论,新聞,nouns,2.64
1730,州,家,nouns,0.04
1731,雷达,操縱桿,nouns,0.14
1732,撕开,穿,verbs,0.09
1733,章节,晚上,nouns,0.0
1734,蜜糖,乳製品,nouns,0.32
1735,走道,走廊,nouns,4.68
1736,小炮舰,海岸,nouns,0.09
1737,水,冰,nouns,2.18
1738,邮件,速度,nouns,0.0
1739,哭,哭泣,verbs,5.54
1740,羞辱,安慰,verbs,0.09
1741,古怪,奇怪,adjectives,5.57
1742,作家,禮物,nouns,0.04
1743,信用,借款人,nouns,0.54
1744,雪崩,雪,nouns,2.09
1745,苹果,果汁,nouns,1.09
1746,草原,草地,nouns,4.04
1747,乳制品,蜜糖,nouns,0.32
1748,男人,叔叔,nouns,2.27
1749,完成,完結,adjectives,4.68
1750,诚实地,忠誠地,adverbs,4.31
1751,新,新鮮,adjectives,3.32
1752,房子,公寓,nouns,4.22
1753,费用,付款,nouns,2.37
1754,白色,狹窄,adjectives,0.18
1755,紫罗兰,花朵,nouns,3.54
1756,连接,加入,verbs,0.86
1757,记得,想,verbs,0.22
1758,不需要,必須,adjectives,0.14
1759,码,米,nouns,2.23
1760,承认,否認,verbs,0.22
1761,防御,保護,verbs,3.73
1762,订婚,約定,nouns,1.59
1763,血液,肉,nouns,0.36
1764,总统,市長,nouns,2.5
1765,拥有,吸收,verbs,0.36
1766,强调,輕鬆,adjectives,0.18
1767,放,得到,verbs,0.0
1768,拒绝,避免,verbs,0.41
1769,身体,底衫褲,nouns,0.36
1770,基督教,新教,nouns,3.64
1771,逃跑,逃走,verbs,5.46
1772,石,木,nouns,0.36
1773,卖,借,verbs,0.32
1774,解释,證明,verbs,3.13
1775,主题,主題標籤,nouns,3.32
1776,烧伤,扼殺,verbs,0.36
1777,巨大,大規模,adjectives,3.46
1778,文章,雜誌,nouns,2.22
1779,电动,甜,adjectives,0.0
1780,呕吐,關閉,verbs,0.0
1781,狡猾,堅固,adjectives,0.04
1782,女儿,嬰兒,nouns,2.32
1783,暴力,嬲,adjectives,1.27
1784,农业,單一耕作,nouns,1.5
1785,云,湖,nouns,0.22
1786,最近,最近,adverbs,5.5
1787,最近,現實地,adverbs,0.32
1788,舌头,喉,nouns,0.91
1789,谦虚,謙遜,adjectives,5.31
1790,日出,日落,nouns,0.59
1791,飞机场,片,nouns,0.0
1792,纽扣,衣服,nouns,0.64
1793,市长,首領,nouns,3.09
1794,保持,擁有,verbs,0.91
1795,钩针编织,制服,nouns,0.23
1796,乐观地,可能,adverbs,0.46
1797,消失,搵到,verbs,0.0
1798,知道,理解,verbs,3.46
1799,发动机,機器,nouns,2.36
1800,人口,人,nouns,2.77
1801,主题,故事,nouns,0.78
1802,拿,攜帶,verbs,3.23
1803,运输,汽車,nouns,1.54
1804,侵蚀,褪色,verbs,0.96
1805,出租车,車,nouns,3.81
1806,因式分解,分解,nouns,2.87
1807,大规模,公開地,adverbs,0.72
1808,文明,生活方式,nouns,1.19
1809,钢,合金,nouns,3.5
1810,小,巨大,adjectives,0.14
1811,薪水,錢,nouns,4.09
1812,灵活的,有彈性,adjectives,3.81
1813,章,選擇,nouns,0.09
1814,自豪,膽大,adjectives,1.14
1815,扼杀,擁抱,verbs,0.04
1816,稻草,任務,nouns,0.0
1817,坟墓,重新安葬,nouns,0.82
1818,眼睛,眼淚,nouns,0.55
1819,冷静地,堅固地,adverbs,0.59
1820,紧张地,焦急地,adverbs,3.54
1821,描绘,決定,verbs,0.0
1822,有弹性,靈活的,adjectives,3.81
1823,哨兵,男人,nouns,1.5
1824,聚集,出席,verbs,0.5
1825,大教堂,天花板,nouns,0.09
1826,退出,吸收,verbs,0.04
1827,成功,贏,verbs,3.96
1828,金属,鋁,nouns,2.59
1829,年龄,美人,nouns,0.22
1830,捕获,抓住,verbs,3.68
1831,坚强,自豪,adjectives,0.46
1832,课程,肚,nouns,0.0
1833,流星,地心吸力,nouns,0.28
1834,需要,查詢,verbs,0.18
1835,校验,辯解,verbs,0.27
1836,奇怪地,異常,adverbs,3.41
1837,汤,晚餐,nouns,0.81
1838,驾驶,停,verbs,0.09
1839,难看,亂,adjectives,0.69
1840,失败,失去,verbs,0.73
1841,付款,紙幣,nouns,0.82
1842,悬崖,尾巴,nouns,0.04
1843,理解,知道,verbs,3.5
1844,粗糙地,大致,adverbs,1.18
1845,哭,大笑,verbs,0.22
1846,信念,意見,nouns,0.72
1847,冷淡,粗暴,adjectives,0.09
1848,可悲的是,猛烈地,adverbs,0.14
1849,母鸡,鳥,nouns,1.36
1850,简直,看來,adverbs,0.91
1851,存在,優勝者,nouns,0.04
1852,生气,狂怒,nouns,4.09
1853,股票,資產,nouns,2.91
1854,肥皂泡沫,泡,nouns,3.82
1855,酒,白蘭地酒,nouns,3.64
1856,一次,馬上,adverbs,0.09
1857,风暴,雪,nouns,0.77
1858,女儿,孩子,nouns,2.41
1859,喇叭,鼓,nouns,0.32
1860,成长,擴大,verbs,1.41
1861,晚餐,湯,nouns,0.81
1862,当然,有時,adverbs,0.0
1863,篱笆,跳躍,nouns,0.0
1864,单身牢房,鎖起來,nouns,1.09
1865,高速公路,任務,nouns,0.0
1866,布,麻布,nouns,2.96
1867,苏丹,部,nouns,0.04
1868,被动地,靜靜地,adverbs,0.64
1869,数字,數,nouns,4.28
1870,容易,困難,adjectives,0.25
1871,疯狂,開心,adjectives,0.96
1872,山,窗台,nouns,0.0
1873,戏法,遊戲,nouns,0.5
1874,财富,聲望,nouns,0.36
1875,王座,劍,nouns,0.23
1876,追求,調查,verbs,0.68
1877,强大,強大,adjectives,4.86
1878,确定,預測,verbs,0.14
1879,沙拉,減肥,nouns,0.55
1880,诗人,記者,nouns,0.04
1881,图像,映像,nouns,3.37
1882,锅,器具,nouns,2.36
1883,辣,好,adjectives,0.04
1884,日历,日期,nouns,3.32
1885,家牛,牛,nouns,3.82
1886,陶瓷,陶藝,nouns,2.77
1887,自豪,貧窮,adjectives,0.04
1888,脸颊,舌頭,nouns,0.18
1889,董事,老闆,nouns,4.09
1890,残酷,嚴酷,adjectives,4.04
1891,显然,肯定地,adverbs,3.41
1892,壁,城堡,nouns,0.41
1893,来,到達,verbs,2.59
1894,书,資料,nouns,1.5
1895,刀,槍,nouns,2.0
1896,男孩,哥哥,nouns,2.54
1897,风格,優雅,nouns,1.27
1898,规则,慣例,nouns,2.73
1899,实现,嘗試,verbs,0.59
1900,雪,雪崩,nouns,2.09
1901,朋友,母親,nouns,0.32
1902,肚子,身體,nouns,2.04
1903,保持,保留,verbs,3.54
1904,书,意外,nouns,0.0
1905,遇见,游泳,verbs,0.04
1906,不确定,害怕,adjectives,0.69
1907,怀疑,逮捕,verbs,0.36
1908,必须,完全必要,adjectives,5.46
1909,限定,澄清,verbs,0.0
1910,肥料,發展,nouns,0.59
1911,谷,凹地,nouns,2.54
1912,自信,自己,nouns,0.59
1913,抓住,捕獲,verbs,3.68
1914,欠,進入,verbs,0.0
1915,读者,作者,nouns,0.36
1916,编织,移動,verbs,0.0
1917,大小,深度,nouns,0.54
1918,伟大,壞,adjectives,0.04
1919,说服,追求,verbs,0.23
1920,头,肩,nouns,0.36
1921,注意,謹慎,nouns,3.63
1922,抽屉,衣服,nouns,0.27
1923,球拍,球,nouns,0.54
1924,大主教,主教,nouns,4.18
1925,科学家,護士,nouns,0.14
1926,詞,頁,nouns,0.28
1927,新闻,媒介,nouns,2.54
1928,零,無窮,nouns,0.23
1929,有攻击性的,無禮貌,adjectives,0.72
1930,自豪,傷心,adjectives,0.14
1931,拿,離開,verbs,0.04
1932,管理,管理,nouns,3.5
1933,老师,教練,nouns,2.73
1934,无家可归,億萬富翁,nouns,0.04
1935,大,國民,adjectives,0.0
1936,伤害,戲弄,verbs,0.46
1937,果汁,匙羹,nouns,0.18
1938,评估,學習,verbs,0.32
1939,流言蜚语,新聞,nouns,1.55
1940,拉,推,verbs,0.36
1941,星,小行星,nouns,3.59
1942,类别,混亂,nouns,0.0
1943,模糊,不清楚,adjectives,4.31
1944,显然,本地,adverbs,0.09
1945,常规地,一般,adverbs,3.91
1946,神职人员,僧侶,nouns,2.87
1947,歇斯底里,混亂,nouns,2.5
1948,遇见,離開,verbs,0.18
1949,钟,塔,nouns,0.5
1950,老师,朋友,nouns,0.86
1951,海岸,濱,nouns,2.96
1952,脊柱,身體,nouns,0.96
1953,句法,首詞,nouns,0.5
1954,沐浴,氣球,nouns,0.0
1955,分析,評估,verbs,4.45
1956,踝,窗口,nouns,0.09
1957,生日,年,nouns,0.82
1958,失去,減去,verbs,2.19
1959,自由,審查,nouns,0.09
1960,微晶片,遊標,nouns,0.09
1961,搏斗,咬,verbs,1.09
1962,值得,賺,verbs,0.72
1963,真实,不誠實,adjectives,0.09
1964,需求,拗撬,verbs,0.18
1965,演员,多面體,nouns,0.28
1966,牧师,天神,nouns,0.46
1967,汽车,電梯,nouns,0.09
1968,行动,遊戲,nouns,0.36
1969,军官,副手,nouns,0.77
1970,借,想要,verbs,0.23
1971,真诚地,認真地,adverbs,2.96
1972,衣服,褸,nouns,3.59
1973,伤心地,感情上,adverbs,0.78
1974,从不,否定,adjectives,1.41
1975,分数,評分,verbs,3.18
1976,打扰,加劇,verbs,0.0
1977,面包,肉,nouns,0.27
1978,获得,偷,verbs,0.86
1979,员工,僱主,nouns,0.18
1980,无知,頻繁,adjectives,0.09
1981,球,服裝,nouns,0.09
1982,北,南,nouns,0.72
1983,人类学,考古學,nouns,1.64
1984,撞击,碰撞,verbs,3.72
1985,逻辑,算術,nouns,2.32
1986,恐吓,困擾,verbs,0.32
1987,钢笔,字母,nouns,0.0
1988,植物群,大自然,nouns,1.54
1989,音乐,長笛,nouns,1.32
1990,描绘,通知,verbs,0.0
1991,银行,座位,nouns,0.09
1992,学校,年級,nouns,0.82
1993,排球,球,nouns,3.41
1994,王子,國王,nouns,2.18
1995,魔鬼,天神,nouns,0.09
1996,冲洗,洗,verbs,4.32
1997,携带,運送,verbs,2.72
1998,眉头,眼睛,nouns,0.55
1999,减少,淋透,verbs,0.04
2000,能力,才能,nouns,4.04
2001,找到,逃逸,verbs,0.0
2002,员工,歌手,nouns,0.36
2003,撤离,確定,verbs,0.0
2004,灵活,謙虛,adjectives,0.46
2005,笨,頑固,adjectives,1.09
2006,大笑,唱,verbs,0.18
2007,护士,科學家,nouns,0.14
2008,头脑,神經官能症,nouns,0.32
2009,声明,宣告,verbs,3.5
2010,付款,獎勵,nouns,0.22
2011,蛋白质,柄,nouns,0.04
2012,薄雾,雲,nouns,2.68
2013,武士,男人,nouns,0.78
2014,文章,書,nouns,3.91
2015,财富,名譽,nouns,0.82
2016,离开,撤退,verbs,3.73
2017,踝,骨頭,nouns,0.45
2018,大概,積極地,adverbs,0.36
2019,牛,羊,nouns,1.64
2020,戒指,訂婚,nouns,1.23
2021,简单,脆弱,adjectives,0.27
2022,降低,减少,verbs,3.73
2023,离开,參加,verbs,0.18
2024,非常,极其,adverbs,4.18
2025,笼子,柵欄,nouns,1.09
2026,建立,加,verbs,0.82
2027,合乎体统,有禮貌,adjectives,3.54
2028,鸟,火雞,nouns,1.87
2029,粗鲁,好鬥,adjectives,0.72
2030,价值,價格,nouns,4.0
2031,上面,下面,nouns,0.04
2032,种族,週末,nouns,0.0
2033,推荐,建議,verbs,3.46
2034,绝望,苦難,nouns,3.0
2035,特别,有價值,adjectives,0.64
2036,细胞质,數字,nouns,0.0
2037,柠檬,蘋果,nouns,0.41
2038,原木,木,nouns,4.41
2039,蠕虫,惡意軟件,nouns,0.55
2040,原谅,赦免,verbs,3.46
2041,优雅地,美麗地,adverbs,3.32
2042,父亲,男人,nouns,2.54
2043,扭曲,彎曲,adjectives,3.45
2044,蝴蝶,玫瑰,nouns,0.32
2045,狡猾,奇怪,adjectives,0.73
2046,暴民,人群,nouns,0.68
2047,不定期地,平時,adverbs,0.41
2048,侧面,下面,nouns,0.27
2049,精确,錯誤,adjectives,0.23
2050,资料,報紙,nouns,2.19
2051,主意,形象,nouns,0.04
2052,理性的,清醒,adjectives,3.18
2053,离开,留,verbs,0.14
2054,竿,窗帘,nouns,0.27
2055,粗暴,冷淡,adjectives,0.09
2056,人,元,nouns,0.0
2057,似乎,假扮,verbs,0.32
2058,自豪地,和平地,adverbs,0.36
2059,原子,碳,nouns,0.86
2060,逻辑,智力,nouns,2.96
2061,代数,手術,nouns,0.04
2062,工作者,相機,nouns,0.22
2063,承认,說話,verbs,0.55
2064,清醒,打鼻鼾,verbs,0.18
2065,红色,藍色,adjectives,0.18
2066,乞求,問,verbs,0.64
2067,做,毀滅,verbs,0.23
2068,知会,擦亮,verbs,0.0
2069,信念,概念,nouns,1.14
2070,财富,貧困,nouns,0.14
2071,豆,米飯,nouns,0.5
2072,大致,可靠地,adverbs,0.32
2073,三角洲,海,nouns,0.46
2074,签证,全球化,nouns,0.54
2075,授粉,蕊,nouns,0.82
2076,政治家,總統,nouns,3.09
2077,惯例,規則,nouns,2.73
2078,穿,侵蝕,verbs,0.27
2079,重要,關鍵,adjectives,4.46
2080,挤压,擁抱,verbs,0.27
2081,段,信,nouns,0.09
2082,肯定,自信,adjectives,3.54
2083,保护,冚住,verbs,0.95
2084,做,發生,verbs,0.09
2085,小旅馆,汽車旅館,nouns,3.13
2086,现实,幻想,nouns,2.71
2087,习语,字,nouns,0.86
2088,独特,相反,adjectives,0.64
2089,发展,肥料,nouns,0.59
2090,鸢尾花,乙酰膽鹼,nouns,0.0
2091,粘性,濺,nouns,0.04
2092,赚,做,verbs,0.18
2093,轻轻的,大聲地,adverbs,0.14
2094,教育,教,verbs,3.59
2095,喉咙,鼻子,nouns,0.27
2096,重复,練習,verbs,2.32
2097,活动,運動,nouns,2.73
2098,打,吸引,verbs,0.0
2099,酸,鹼,nouns,0.95
2100,蔗糖,醣類,nouns,2.72
2101,欠,借,verbs,0.41
2102,生活方式,文明,nouns,1.19
2103,偷,獲得,verbs,0.86
2104,想,沉思,verbs,3.5
2105,轻微,十足地,adverbs,0.04
2106,洗手间,廚房,nouns,0.27
2107,公开,未公開,adjectives,0.18
2108,相信,感覺到,verbs,0.59
2109,煤,木炭,nouns,2.72
2110,资本,錢,nouns,3.64
2111,发出气味,發出惡臭,verbs,2.55
2112,笨,蠢,adjectives,5.54
2113,灰尘,掃帚,nouns,0.64
2114,结婚,加入,verbs,0.14
2115,监狱,酒吧,nouns,0.22
2116,罪犯,犯罪者,nouns,5.19
2117,雨,冰雹,nouns,1.14
2118,偶然,經常地,adverbs,0.55
2119,狭窄,寬廣,adjectives,0.23
2120,击中,瞄准,verbs,1.5
2121,悄悄地,自然地,adverbs,0.55
2122,章节,插曲,nouns,0.96
2123,带来,恢復,verbs,0.22
2124,兴趣,注意,nouns,0.59
2125,在家里,在別處,adverbs,0.27
2126,警告,停,verbs,0.14
2127,大笑,哭,verbs,0.22
2128,盒子,帽子,nouns,0.0
2129,貂,油,nouns,0.04
2130,折断,捏碎,verbs,2.5
2131,节目,數學家,nouns,0.04
2132,焦急地,緊張地,adverbs,3.54
2133,退出,拒絕,verbs,0.41
2134,老鼠,容器,nouns,0.0
2135,滨,海岸,nouns,2.96
2136,搂抱,擁抱,verbs,4.96
2137,大,寬廣,adjectives,3.09
2138,白兰地酒,酒,nouns,3.64
2139,批评,評論說,verbs,2.23
2140,判断,作證,verbs,0.09
2141,摔碎,打碎,verbs,3.96
2142,恢复,修理,verbs,1.73
2143,故事,鉛筆,nouns,0.14
2144,交流,語言,nouns,1.0
2145,危险,疾病,nouns,0.59
2146,欺骗,作弊,verbs,2.73
2147,蜜糖,糖,nouns,2.46
2148,容易,簡單,adjectives,4.91
2149,描绘,模仿,verbs,0.77
2150,步行,站立,verbs,0.36
2151,一般,異常地,adverbs,0.0
2152,责怪,推,verbs,0.41
2153,作证,判斷,verbs,0.09
2154,协议,爭論,nouns,0.32
2155,平面,大薄片,nouns,0.5
2156,提高,舉起,verbs,3.14
2157,减少,收縮,verbs,3.13
2158,大声地,猛烈地,adverbs,2.27
2159,沐浴,戲法,nouns,0.04
2160,立方体,玩具,nouns,0.18
2161,不定形,無形,adjectives,2.96
2162,收集,组织,verbs,1.18
2163,港口,包裝紙,nouns,0.04
2164,出口,選舉權,nouns,0.22
2165,篱笆,軌,nouns,0.0
2166,功课,文章,nouns,1.32
2167,不公平地,不合理,adverbs,3.68
2168,今天晚上,明天,adverbs,0.27
2169,望远镜,頭腦風暴,nouns,0.04
2170,笨,醒目,adjectives,0.36
2171,震,地震,nouns,3.87
2172,工作,管理,nouns,0.55
2173,白兰地,紅酒,nouns,2.96
2174,帮忙,問,verbs,0.09
2175,不久,立即,adverbs,1.23
2176,次要,重大,adjectives,0.23
2177,盒子,雪茄,nouns,0.09
2178,订婚,戒指,nouns,1.23
2179,探索,無視,verbs,0.0
2180,灯,精靈,nouns,0.09
2181,座舱,副駕駛,nouns,0.46
2182,平庸,好的,adjectives,0.27
2183,狩猎,搜索,verbs,0.73
2184,湿疹,皮炎,nouns,3.59
2185,俱乐部,標識,nouns,0.04
2186,借,賣,verbs,0.32
2187,社会生物学,突變體,nouns,0.36
2188,愤怒,猶豫,adjectives,0.41
2189,依赖,依靠,verbs,4.37
2190,兄弟会,男人,nouns,1.68
2191,机器,引擎,nouns,2.36
2192,才能,能力,nouns,4.59
2193,电影,爆谷,nouns,0.55
2194,男孩,兒童,nouns,2.63
2195,虚无主义,電影,nouns,0.36
2196,神经心理学,通靈研究,nouns,0.36
2197,坏,極好,adjectives,0.14
2198,表,日落,nouns,0.0
2199,承诺,發誓,verbs,3.78
2200,枪,毛,nouns,0.04
2201,悲伤,幸福,nouns,0.09
2202,苦难,絕望,nouns,3.0
2203,肯定地,肯定地,adverbs,3.86
2204,给,偷,verbs,0.22
2205,旗帜学,旗,nouns,0.82
2206,飞机,噴射機,nouns,3.46
2207,孩子,男孩子,nouns,2.86
2208,老师,學生,nouns,0.68
2209,碰撞,撞擊,verbs,3.72
2210,算术,韻律,nouns,0.04
2211,决定,判斷,verbs,3.0
2212,查询,搜索,verbs,3.78
2213,公寓,家具,nouns,0.22
2214,小说,傳記,nouns,2.14
2215,煮,失去,verbs,0.04
2216,武器,頭盔,nouns,0.95
2217,混合,喝,verbs,0.04
2218,甜,電動,adjectives,0.0
2219,完美地,真實地,adverbs,0.32
2220,矬小,短小,adjectives,3.19
2221,白天,晚上,nouns,0.14
2222,主板,主機板,nouns,3.5
2223,肩膀,手臂,nouns,1.0
2224,胆大,自豪,adjectives,1.14
2225,愤怒,暴力,adjectives,1.27
2226,前进,促進,verbs,1.32
2227,车,船,nouns,0.41
2228,匆匆地写,寫,verbs,3.5
2229,病毒,血液,nouns,0.36
2230,传记,小說,nouns,2.14
2231,简单,生硬,adjectives,0.09
2232,假设,預測,verbs,4.84
2233,外交,談判,nouns,2.04
2234,粘人,缺乏信心,adjectives,0.27
2235,溅,粘性,nouns,0.04
2236,幸福,悲傷,nouns,0.09
2237,爬,遠足,verbs,0.69
2238,进入,走,verbs,0.86
2239,混乱,和平地,adverbs,0.0
2240,臭氧,大氣層,nouns,3.0
2241,大象,恐龍,nouns,0.27
2242,啜,喝,verbs,1.32
2243,总统,小學生,nouns,0.04
2244,组合,結合,nouns,2.91
2245,甲板,老鼠,nouns,0.04
2246,奶昔,果汁,nouns,0.5
2247,轻轻地,明亮地,adverbs,0.14
2248,酒,杜松子酒,nouns,3.91
2249,汽车,橋,nouns,0.23
2250,玉米,玉米,nouns,5.96
2251,留,保留,verbs,4.0
2252,悬崖,小山,nouns,0.32
2253,裁判官,法官,nouns,3.82
2254,不清楚,模糊,adjectives,4.31
2255,电影,戲,nouns,4.41
2256,木材,原木,nouns,3.72
2257,完成,休會,verbs,0.14
2258,汽车旅馆,小旅館,nouns,3.13
2259,上校,牙醫,nouns,0.14
2260,年级,學校,nouns,0.82
2261,日落,傍晚,nouns,4.77
2262,枪,刀,nouns,2.0
2263,冷静地,巧妙的,adverbs,0.73
2264,通常,日常,adverbs,3.18
2265,收割,獲得,verbs,1.91
2266,亿万富翁,無家可歸,nouns,0.04
2267,修道院,沖涼,nouns,0.0
2268,伤心,自豪,adjectives,0.14
2269,沙漠,沙丘,nouns,2.59
2270,收到,實現,verbs,0.14
2271,掩饰,偽裝,verbs,3.77
2272,人,一分錢,nouns,0.14
2273,亲密,個人,adjectives,0.0
2274,树,葉,nouns,0.5
2275,容器,老鼠,nouns,0.0
2276,黎明,晚上,nouns,0.27
2277,组织,成為,verbs,0.09
2278,云,風暴,nouns,1.23
2279,大致,粗糙地,adverbs,1.18
2280,背景,牆紙,nouns,2.59
2281,获得,攞,verbs,3.63
2282,不昂贵,便宜,adjectives,3.41
2283,宪法,皇帝,nouns,0.22
2284,承认,通知,verbs,0.28
2285,包装纸,港口,nouns,0.04
2286,进来,向外,adjectives,0.09
2287,调查,追求,verbs,0.68
2288,给,知道,verbs,0.04
2289,饥饿,累,adjectives,0.5
2290,人,兒童,nouns,2.09
2291,容易地,大致地,adverbs,0.32
2292,公主,餅乾,nouns,0.0
2293,危害,疼痛,nouns,0.5
2294,真诚地,誠實地,adverbs,4.18
2295,来,帶來,verbs,2.04
2296,新娘,公主,nouns,0.36
2297,逃逸,搵到,verbs,0.0
2298,炒,烘烤,verbs,1.73
2299,谨慎地,有禮貌地,adverbs,0.91
2300,恢复,代替,verbs,0.41
2301,污染,大氣層,nouns,0.41
2302,运动,活動,nouns,2.73
2303,收到,接受,verbs,0.78
2304,肉,牛扒,nouns,4.13
2305,税,收入,nouns,0.5
2306,悲剧,死亡,nouns,1.73
2307,家具,公寓,nouns,0.22
2308,锁起来,單身牢房,nouns,1.09
2309,门,兄弟會,nouns,0.0
2310,概念,信念,nouns,1.14
2311,小麦粉,麵包,nouns,1.19
2312,门,門口,nouns,3.73
2313,手指,腳趾,nouns,0.46
2314,伙伴,伴侶,nouns,2.96
2315,发送,發射,verbs,2.46
2316,大笑,傻笑,verbs,3.27
2317,携带,攞,verbs,3.23
2318,发誓,承諾,verbs,3.78
2319,窗,門,nouns,0.59
2320,牛奶,果汁,nouns,0.59
2321,工作者,雇主,nouns,0.41
2322,汽车,街,nouns,0.46
2323,轨,籬笆,nouns,0.0
2324,花,灌木,nouns,1.23
2325,侵蚀,穿,verbs,0.27
2326,负责任,可靠,adverbs,3.32
2327,稍后,從未,adverbs,0.09
2328,判决书,審判,nouns,2.37
2329,积极地,高高興興,adverbs,0.78
2330,牙,鎚,nouns,0.04
2331,未拿定主意,中性,adjectives,0.69
2332,教室,走廊,nouns,0.18
2333,得到,獲得,verbs,4.69
2334,坦克,汽車,nouns,0.69
2335,电话,受害者,nouns,0.04
2336,日落,表,nouns,0.0
2337,弯曲,好鬥,adjectives,0.09
2338,带,環,nouns,2.73
2339,大,容易,adjectives,0.0
2340,给,保持,verbs,0.18
2341,合作伙伴,男孩,nouns,0.5
2342,杯子,罐子,nouns,2.09
2343,公寓,酒店,nouns,1.32
2344,骑,拖著腳走,verbs,0.0
2345,装作,描繪,verbs,0.04
2346,墙纸,背景,nouns,2.59
2347,模仿,捕獲,verbs,0.0
2348,避免,拒絕,verbs,0.91
2349,地板,門,nouns,0.18
2350,检查,調查,verbs,3.5
2351,被动地,積極地,adverbs,0.22
2352,水,加冕禮,nouns,0.04
2353,创造性地,本來,adverbs,0.09
2354,磁盘,充電器,nouns,0.04
2355,正式,強烈地,adverbs,0.64
2356,留,等待,verbs,0.86
2357,大方,友善,adjectives,2.59
2358,马上,一次,adverbs,0.09
2359,后世,煉獄,nouns,0.09
2360,厂,汽車,nouns,0.09
2361,船,車,nouns,0.41
2362,吸收,學習,verbs,3.0
2363,受伤,搞到唔開心,verbs,0.18
2364,过去,前情,nouns,3.54
2365,放,掛,verbs,0.86
2366,平淡,刺激,adjectives,0.27
2367,认真地,真誠地,adverbs,2.96
2368,碱,酸,nouns,0.95
2369,基质,分子,nouns,0.86
2370,鸟,鷹,nouns,2.77
2371,门,鐘,nouns,0.28
2372,蜥蜴,政府,nouns,0.04
2373,船,甲板,nouns,0.82
2374,快,迅速,adjectives,5.2
2375,忙碌,懶,adjectives,0.14
2376,法庭,法官,nouns,0.86
2377,紧密地,本地,adverbs,0.09
2378,问,唔睬,verbs,0.09
2379,精确地,準確地,adverbs,5.09
2380,拿,交付,verbs,0.59
2381,旗,旗幟學,nouns,0.82
2382,公司,企業,nouns,4.18
2383,了解,聽,verbs,0.77
2384,水,鹽,nouns,0.18
2385,疯,生病,adjectives,0.5
2386,副手,軍官,nouns,0.77
2387,划分,團結,verbs,0.18
2388,害怕,不肯定,adjectives,0.69
2389,死,分化,verbs,0.14
2390,叔叔,表哥,nouns,0.96
2391,独立地,負責可靠地,adverbs,1.18
2392,奴隶,僕人,nouns,3.68
2393,来,走,verbs,0.36
2394,到达,出席,verbs,3.0
2395,年轻,開心,adjectives,0.09
2396,啤酒,酒,nouns,4.63
2397,否认,承認,verbs,0.22
2398,女人,男人,nouns,0.5
2399,手臂,骨頭,nouns,0.41
2400,应用,星系,nouns,0.0
2401,脏,狹窄,adjectives,0.0
2402,仆人,奴隸,nouns,3.68
2403,实现,成功,verbs,1.59
2404,耐力,強度,nouns,2.68
2405,气球,沖涼,nouns,0.0
2406,智力,無知,nouns,0.04
2407,看,搜索,verbs,0.91
2408,手稿,文章,nouns,2.77
2409,在别处,在家裡,adverbs,0.27
2410,购买,偷,verbs,0.28
2411,晚上,章節,nouns,0.0
2412,享受,娛樂,verbs,1.04
2413,玻璃,徽章,nouns,0.14
2414,找到,定位,verbs,0.69
2415,依靠,失敗,verbs,0.14
2416,杜松子酒,酒,nouns,3.91
2417,混合,煮,verbs,0.32
2418,开心,年輕,adjectives,0.09
2419,想,嘗試,verbs,0.64
2420,跑,騎,verbs,0.27
2421,煮沸,炒,verbs,0.59
2422,失败,破產,nouns,1.0
2423,眼泪,眼睛,nouns,0.55
2424,大夫,醫生,nouns,4.91
2425,暂停,等待,verbs,1.64
2426,批评,討厭,verbs,0.5
2427,支持者,蟋蟀,nouns,0.04
2428,词,文學,nouns,2.27
2429,暖炉,遮,nouns,0.09
2430,毯,大風,nouns,0.0
2431,读,理解,verbs,0.64
2432,帮手,女僕,nouns,2.37
2433,口香糖,薄荷,nouns,0.5
2434,乞求,借,verbs,0.86
2435,儿子,男孩子,nouns,2.87
2436,了解,原諒,verbs,0.5
2437,写,匆匆地寫,verbs,3.5
2438,花园,軟管,nouns,0.04
2439,矿,岩石,nouns,1.36
2440,女孩,小孩,nouns,2.68
2441,椅子,望遠鏡,nouns,0.04
2442,酒店,公寓,nouns,1.32
2443,警察,副駕駛,nouns,0.09
2444,州长,皇帝,nouns,0.5
2445,查询,需要,verbs,0.18
2446,巧克力,派,nouns,0.36
2447,安全,乏味,adjectives,0.04
2448,地毯,屋,nouns,0.27
2449,观看,觀察,verbs,4.36
2450,保持,擁抱,verbs,0.0
2451,电影,虛無主義,nouns,0.36
2452,中性,未定,adjectives,0.69
2453,休会,完成,verbs,0.14
2454,未成熟的,不負責任,adjectives,1.27
2455,避免,拒絕,verbs,0.41
2456,赶,匆忙,verbs,4.22
2457,日期,生日,nouns,1.68
2458,发送,接收,verbs,0.36
2459,海滩,暗礁,nouns,0.23
2460,需要,安排,verbs,0.09
2461,积极地,準確地,adverbs,0.86
2462,给,放,verbs,0.46
2463,恐龙,大象,nouns,0.27
2464,角,地區,nouns,0.27
2465,清醒,醉酒,adjectives,0.18
2466,头,腳,nouns,0.23
2467,波浪,天氣,nouns,0.09
2468,能力,力量,nouns,3.04
2469,进入,離開,verbs,0.22
2470,其他,相反,adjectives,0.23
2471,吸引,打,verbs,0.0
2472,电视,電影,nouns,2.63
2473,温和地,仁慈地,adverbs,3.59
2474,协议,洞,nouns,0.0
2475,旧,新鮮,adjectives,0.09
2476,大多,深深地,adverbs,0.59
2477,忍耐力,花朵,nouns,0.27
2478,摇动,收集,verbs,0.04
2479,肌肉,骨頭,nouns,0.36
2480,储蓄者,存款,nouns,0.68
2481,洞察力,智力,nouns,2.46
2482,带来,抱怨,verbs,0.09
2483,大教堂,教堂,nouns,5.46
2484,墙壁,裝飾,nouns,0.5
2485,模仿,描繪,verbs,0.77
2486,阿姨,侄子,nouns,0.72
2487,胜利者,男人,nouns,0.36
2488,巨大,笨,adjectives,0.14
2489,让,允許,verbs,3.13
2490,出租车,的士,nouns,5.96
2491,猫,獅子,nouns,1.27
2492,出席,聚集,verbs,0.5
2493,牙齿,嘴巴,nouns,0.64
2494,英雄,女英雄,nouns,4.0
2495,静脉,手臂,nouns,0.14
2496,慷慨地,好心地,adverbs,3.04
2497,给予,收到,verbs,0.18
2498,坠落,傷害,verbs,0.46
2499,协助,援助,verbs,3.91
2500,鼻子,頭,nouns,0.18
2501,机械师,工人,nouns,2.13
2502,分离,連接,verbs,0.18
2503,搜索,狩獵,verbs,0.73
2504,货车,汽車,nouns,2.59
2505,字典,定義,nouns,0.86
2506,掩盖,保護,verbs,0.95
2507,晚上,白天,nouns,0.14
2508,包括,包含,verbs,5.04
2509,英寸,米,nouns,3.04
2510,坏,可怕,adjectives,0.36
2511,裙带关系,國王,nouns,0.22
2512,污染,總統,nouns,0.0
2513,分离,裂開,verbs,2.96
2514,表哥,叔叔,nouns,0.96
2515,水手,隊長,nouns,0.22
2516,绑架,偷,verbs,0.46
2517,枯燥,沈悶,adjectives,4.32
2518,傍晚,日落,nouns,4.77
2519,公开地,大規模,adverbs,0.72
2520,讨论,說明,verbs,1.41
2521,井然有序,亂七八糟,adjectives,0.23
2522,溺爱,聞,verbs,0.0
2523,通常,不定期地,adverbs,0.41
2524,心情,情感,nouns,3.18
2525,床,幼兒床,nouns,3.27
2526,分析,比較,verbs,3.04
2527,懒,忙碌,adjectives,0.14
2528,撤退,降落,verbs,0.09
2529,腿,肢體,nouns,2.23
2530,理解,滿足,verbs,0.23
2531,野兽,動物,nouns,3.5
2532,肚子,腰,nouns,2.37
2533,小孩,成人,nouns,0.55
2534,打破,裂開,verbs,1.5
2535,安全,安慰,nouns,0.04
2536,经常地,偶然,adverbs,0.55
2537,磁盘,電腦,nouns,0.91
2538,幼儿,幼兒園,nouns,1.0
2539,排外主义,種族主義,nouns,3.77
2540,沟通,祈禱,verbs,0.46
2541,幻灯片,光標,nouns,0.23
2542,元,人,nouns,0.0
2543,培根,肉,nouns,2.87
2544,冰雹,雨,nouns,1.14
2545,记者,詩人,nouns,0.04
2546,选举,拒絕,verbs,0.0
2547,善良,大方,adjectives,2.04
2548,喷气式飞机,飛機,nouns,3.46
2549,重,大,adjectives,0.55
2550,大致地,容易地,adverbs,0.32
2551,发现,起源,verbs,0.41
2552,理想地,現實地,adverbs,0.14
2553,娱乐,享受,verbs,1.04
2554,假日,日曆,nouns,0.59
2555,城镇,城市,nouns,3.59
2556,草,根,nouns,0.41
2557,辩解,校驗,verbs,0.27
2558,完全必要,必須,adjectives,5.46
2559,香烟,煙草,nouns,4.23
2560,拯救,救援,verbs,5.04
2561,携带,帶來,verbs,3.63
2562,医生,脾氣,nouns,0.18
2563,名誉,財富,nouns,0.82
2564,湿,黏,adjectives,1.77
2565,动物,野獸,nouns,3.5
2566,有时,一致地,adverbs,0.04
2567,人,氣球,nouns,0.0
2568,感觉到,相信,verbs,0.59
2569,老鼠,鼠,nouns,5.23
2570,原子,分子,nouns,2.36
2571,编织,绑,verbs,1.5
2572,环球航行,行李,nouns,0.23
2573,伤害,跌,verbs,0.46
2574,妻子,洞,nouns,0.32
2575,蜜蜂,女王,nouns,0.0
2576,创建,做,verbs,1.04
2577,叶,樹,nouns,0.5
2578,音乐,旋律,nouns,3.23
2579,河,溪流,nouns,3.41
2580,不同,終末,adverbs,0.04
2581,程序,食物,nouns,0.0
2582,蔑视,收費,verbs,0.0
2583,跳跃,籬笆,nouns,0.0
2584,幸福,和平,nouns,2.5
2585,旋律,節奏,nouns,3.46
2586,方案,主意,nouns,3.54
2587,发现,探索,verbs,2.77
2588,必然,實質上,adverbs,0.5
2589,偷,購買,verbs,0.28
2590,老师,拉比,nouns,0.86
2591,便宜,不昂貴,adjectives,3.41
2592,米,英寸,nouns,3.04
2593,差数,剩餘,nouns,2.54
2594,毛毛雨,雨,nouns,3.81
2595,学习,聽,verbs,0.46
2596,圣经,聖歌,nouns,2.5
2597,抓住,收到,verbs,0.41
2598,离开,無視,verbs,0.32
2599,歌曲,故事,nouns,0.36
2600,统治,贏,verbs,0.5
2601,相机,續集,nouns,0.09
2602,谨慎地,小心地,adverbs,4.59
2603,得出结论,決定,verbs,3.5
2604,环境,劍,nouns,0.18
2605,智力,智慧,nouns,3.96
2606,洗澡,修道院,nouns,0.0
2607,自己,自信,nouns,0.59
2608,雕像,雕塑,nouns,4.91
2609,僧侣,十字架,nouns,0.18
2610,出席,出現,verbs,3.22
2611,年轻,焦躁不安,adjectives,0.04
2612,女演员,演員,nouns,3.46
2613,当然,當然,adverbs,3.86
2614,愉快,快樂,adjectives,5.0
2615,岩浆,火山,nouns,1.69
2616,锁匙,房屋,nouns,0.18
2617,哭泣,哭,verbs,5.54
2618,困难,容易,adjectives,0.14
2619,显然,看來,adverbs,1.68
2620,装作,似乎,verbs,0.32
2621,压抑,宣佈放棄,verbs,0.14
2622,听,察覺,verbs,1.09
2623,失败,依靠,verbs,0.14
2624,蝙蝠,吸血殭屍,nouns,0.78
2625,角度,彎曲,nouns,1.46
2626,货币,並行性,nouns,0.04
2627,忘记,無視,verbs,2.86
2628,考试,教學大綱,nouns,0.82
2629,香槟酒,啤酒,nouns,2.68
2630,留,離開,verbs,0.14
2631,忽略,忘記,verbs,2.86
2632,羊肉,羊,nouns,4.04
2633,最近,目前,adverbs,3.37
2634,电脑,機器,nouns,2.73
2635,蠢,笨,adjectives,5.54
2636,未成熟的,長大,adjectives,0.22
2637,争论,需求,verbs,0.18
2638,移动,編織,verbs,0.0
2639,生活,生存,verbs,3.04
2640,神经官能症,頭腦,nouns,0.32
2641,成熟,巧妙,adverbs,0.36
2642,咬,讀,verbs,0.09
2643,想,記得,verbs,0.22
2644,玉米,玉米,nouns,5.96
2645,手指,手掌,nouns,1.69
2646,嘴巴,嘴唇,nouns,3.04
2647,大海,河流,nouns,2.13
2648,得到,留,verbs,0.59
2649,埋葬,死,verbs,1.54
2650,老鼠,貓,nouns,0.27
2651,副驾驶,警察,nouns,0.09
2652,狂怒,生氣,nouns,4.09
2653,消失,消逝,verbs,4.09
2654,星系,應用程式,nouns,0.0
2655,机械,電動,adjectives,2.54
2656,脆弱,無助,adjectives,1.91
2657,衣服,鈕扣,nouns,0.64
2658,更改,改變,verbs,4.0
2659,走廊,走道,nouns,4.68
2660,雕塑家,大廈,nouns,0.0
2661,申请,申請人,nouns,0.91
2662,海岸,海灘,nouns,3.37
2663,毯子,床,nouns,0.14
2664,认识到,發現,verbs,3.54
2665,极好,棒,adjectives,4.82
2666,手臂,靜脈,nouns,0.14
2667,运动鞋,獎章,nouns,0.09
2668,虫害,農藥,nouns,0.54
2669,完全地,輕微,adverbs,0.04
2670,屏蔽,小圆盾,nouns,0.32
2671,车辆,巴士,nouns,2.59
2672,谢绝,接受,verbs,0.18
2673,红酒,酒,nouns,3.69
2674,大厦,雕塑家,nouns,0.0
2675,打,混合,verbs,0.0
2676,出席,來,verbs,3.0
2677,获得,加入,verbs,0.04
2678,异常地,一般,adverbs,0.0
2679,争论,叫喊,verbs,0.68
2680,弯曲,歪斜,adjectives,3.45
2681,安排,需要,verbs,0.09
2682,离开,出現,verbs,0.04
2683,相机,總統,nouns,0.0
2684,想要,借,verbs,0.23
2685,收到,給予,verbs,0.18
2686,扼杀,制服,verbs,0.27
2687,放走,抓住,verbs,0.36
2688,宇宙,天空,nouns,2.27
2689,傻,笨,adjectives,5.0
2690,任务,工作,nouns,3.27
2691,懒,珍貴,adjectives,0.09
2692,女仆,幫手,nouns,2.37
2693,内疚,壞,adjectives,0.32
2694,膝盖,骨頭,nouns,1.14
2695,有趣,傷心,adjectives,0.09
2696,清醒,理性的,adjectives,3.18
2697,谦虚,靈活,adjectives,0.46
2698,杂,舊,adjectives,0.14
2699,傲慢,自豪,adjectives,3.0
2700,游戏,行動,nouns,0.36
2701,收到,抓住,verbs,0.41
2702,流感,發熱,nouns,1.54
2703,危险,威脅,nouns,4.0
2704,加剧,攻擊,verbs,0.22
2705,瓶子,罐,nouns,2.46
2706,贫困,無助,adjectives,0.78
2707,时代,十,nouns,0.09
2708,发烧,疾病,nouns,2.31
2709,农药,蟲害,nouns,0.54
2710,攻击,閃電攻擊,nouns,3.27
2711,线,日落,nouns,0.0
2712,衣服,衣櫃,nouns,0.69
2713,非常好,脏,adjectives,0.0
2714,收藏,保存,verbs,4.23
2715,房屋,鎖匙,nouns,0.18
2716,每月,每週,adjectives,1.54
2717,静脉,容器,nouns,0.23
2718,收到,發送,verbs,0.36
2719,宣布,宣告,verbs,4.5
2720,音系学,屏幕,nouns,0.0
2721,肺,肝,nouns,0.59
2722,赢,成功,verbs,3.96
2723,腹部,肚皮,nouns,2.59
2724,男人,兄弟會,nouns,1.68
2725,日常,通常,adverbs,3.18
2726,智力,邏輯,nouns,2.96
2727,外套,衣服,nouns,3.59
2728,头,指甲,nouns,0.04
2729,徘徊,離開,verbs,0.14
2730,手表,裙子,nouns,0.09
2731,肠子,神經,nouns,0.23
2732,态度,自信,nouns,1.04
2733,威士忌酒,香檳,nouns,3.09
2734,大灾变,火,nouns,0.54
2735,偷,綁架,verbs,0.46
2736,正常,奇怪,adjectives,0.18
2737,加冕礼,水,nouns,0.04
2738,珍珠,錢,nouns,0.23
2739,步行,跛行,verbs,2.59
2740,沙发,椅子,nouns,2.63
2741,婴儿,女兒,nouns,2.32
2742,友好,不會,adverbs,0.09
2743,海洋,海,nouns,5.73
2744,组织,安排,verbs,0.96
2745,唱,大笑,verbs,0.18
2746,讨论,爭論,nouns,3.69
2747,接受,收到,verbs,0.78
2748,赢家,目標,nouns,0.18
2749,日志,公式,nouns,0.0
2750,门,走廊,nouns,0.36
2751,手,指甲,nouns,0.69
2752,短,長,adjectives,0.23
2753,公主,島,nouns,0.0
2754,天神,心靈,nouns,0.0
2755,长凳,椅子,nouns,3.54
2756,聪明,笨,adjectives,0.09
2757,合唱,歌手,nouns,1.19
2758,白天,黎明,nouns,2.59
2759,肚皮,腹部,nouns,2.59
2760,部,蘇丹,nouns,0.04
2761,使满意,滿足,verbs,4.81
2762,棚屋,避難所,nouns,0.64
2763,相像,類似,adjectives,3.04
2764,花朵,燈泡,nouns,0.0
2765,插曲,章節,nouns,0.96
2766,成长,收縮,verbs,0.09
2767,洞,協議,nouns,0.0
2768,信念,印象,nouns,0.36
2769,罐子,杯子,nouns,2.09
2770,小亭,盒子,nouns,0.0
2771,原木,沖涼,nouns,0.0
2772,聪慧,聰明,adjectives,4.72
2773,可笑,枯燥,adjectives,0.04
2774,出现,離開,verbs,0.04
2775,击败,鞭打,verbs,0.54
2776,幼儿床,搖床,nouns,3.5
2777,部长,拉比,nouns,0.09
2778,量,大小,nouns,2.91
2779,约定,訂婚,nouns,1.59
2780,大声地,輕輕的,adverbs,0.14
2781,病理学,血液學,nouns,2.41
2782,谦逊,謙虛,adjectives,5.31
2783,游泳,見面,verbs,0.04
2784,门,地窖,nouns,0.27
2785,拓扑,結構,nouns,0.04
2786,癌症,疾病,nouns,3.78
2787,叶,幼苗,nouns,0.96
2788,世俗主义,宗教,nouns,0.09
2789,潜水,創建,verbs,0.04
2790,合法,非法,adjectives,0.18
2791,指控,責怪,verbs,3.09
2792,花朵,忍耐力,nouns,0.27
2793,危险地,小心地,adverbs,0.27
2794,钱,珍珠,nouns,0.23
2795,元,百萬富翁,nouns,0.18
2796,传说,道德,nouns,0.04
2797,最近,最近,adverbs,5.5
2798,真实地,重要地,adverbs,0.23
2799,狡诈,靠不住的,adjectives,2.41
2800,浪费,擔心,verbs,0.0
2801,意识,注意,nouns,2.77
2802,骨头,膝蓋,nouns,1.14
2803,意见,偏壓,nouns,0.18
2804,相信,知道,verbs,0.68
2805,舱,棚屋,nouns,0.27
2806,卖,走,verbs,0.04
2807,汽车,單車,nouns,1.0
2808,舱,營地,nouns,0.27
2809,茅屋,小木屋,nouns,3.0
2810,警察,政治家,nouns,0.09
2811,罕见,非一般,adjectives,3.96
2812,分离,離開,verbs,2.77
2813,起源,發現,verbs,0.41
2814,生态系统,經濟,nouns,0.14
2815,脖子,手臂,nouns,0.36
2816,明天,今晚,adverbs,0.27
2817,罗盘,大象,nouns,0.09
2818,手,腳,nouns,1.14
2819,课程,行動,nouns,0.46
2820,大学,校園,nouns,2.59
2821,清洁,整齊,adjectives,3.68
2822,碗,小巷,nouns,0.0
2823,国会,議會,nouns,3.0
2824,偏见,傾向,verbs,2.86
2825,笔直,彎曲,adjectives,0.23
2826,除,乘,verbs,0.36
2827,责怪,指控,verbs,3.09
2828,形象,主意,nouns,0.04
2829,维他命,鐵,nouns,0.54
2830,带来,發送,verbs,0.14
2831,生存,生活,verbs,3.04
2832,埋葬,冚住,verbs,2.45
2833,关键,重要,adjectives,4.46
2834,小心地,安全地,adverbs,2.87
2835,启,開始,verbs,4.0
2836,棚屋,艙,nouns,0.27
2837,视力,知覺,nouns,0.78
2838,聪明,醒目,adjectives,4.72
2839,喷泉,泉,nouns,3.63
2840,律师,畫廊,nouns,0.0
2841,乱,清潔,adjectives,0.14
2842,创造者,製作者,nouns,3.77
2843,密度大,堅硬,adjectives,2.73
2844,续集,相機,nouns,0.09
2845,遇见,打招呼,verbs,0.69
2846,安慰,羞辱,verbs,0.09
2847,哥哥,父親,nouns,0.91
2848,想像,假扮,verbs,0.18
2849,晚餐,早餐,nouns,1.32
2850,家长,父親,nouns,3.63
2851,锁,鎖匙,nouns,0.91
2852,营地,艙,nouns,0.27
2853,磨坊,種子,nouns,0.23
2854,使惊奇,慶祝,verbs,0.27
2855,紧张,害怕,adjectives,2.5
2856,自信,肯定,adjectives,3.54
2857,汽车,貨車,nouns,2.59
2858,审查,自由,nouns,0.09
2859,断绝亲子关系,疏忽,verbs,0.04
2860,扫帚,灰塵,nouns,0.64
2861,柄,蛋白質,nouns,0.04
2862,出席,拗撬,verbs,0.14
2863,史学家,歷史學家,nouns,5.69
2864,宗教,世俗主義,nouns,0.09
2865,聚会,大型會議,nouns,2.91
2866,云,薄霧,nouns,2.68
2867,新,沒用過,adjectives,4.04
2868,羞愧,內疚,adjectives,4.31
2869,停,駕駛,verbs,0.09
2870,沙拉,醋,nouns,0.32
2871,抓住,放走,verbs,0.36
2872,自由,無辜,adjectives,0.04
2873,游行,樂隊,nouns,0.41
2874,选择,監獄,nouns,0.04
2875,反驳,允許,verbs,0.0
2876,大,大規模,adjectives,3.5
2877,易损坏,冷淡,adjectives,0.0
2878,一分钱,人,nouns,0.14
2879,说谎,指控,verbs,0.23
2880,尝试,成功,verbs,0.23
2881,海,三角洲,nouns,0.46
2882,不耐烦,焦慮,adjectives,3.5
2883,三明治,肉,nouns,0.27
2884,轻轻的,堅固地,adverbs,0.04
2885,航空学,航空電子學,nouns,3.22
2886,传播,塗抹,verbs,0.5
2887,申请人,申請,nouns,0.91
2888,宽大,窄小,adjectives,0.23
2889,盒子,小亭,nouns,0.0
2890,目前,微妙地,adverbs,0.18
2891,餐,晚飯,nouns,2.91
2892,加入,連接,verbs,0.86
2893,光标,幻灯片,nouns,0.23
2894,戏法,槍,nouns,0.04
2895,仁慈地,好心地,adverbs,4.59
2896,牙齿,骨頭,nouns,1.32
2897,肯定,確定,adjectives,5.13
2898,跛行,步行,verbs,2.59
2899,政治家,警察,nouns,0.09
2900,有意义,深度地,adverbs,2.0
2901,混乱,類別,nouns,0.0
2902,皮肤,自行車,nouns,0.04
2903,王冠,锁匙,nouns,0.04
2904,强大,弱,adjectives,0.04
2905,字典,字,nouns,0.59
2906,爆玉米花,電影,nouns,0.55
2907,准确地,精確地,adverbs,5.09
2908,十字架,僧侣,nouns,0.18
2909,星星,行星,nouns,2.63
2910,灰濛蒙,預測,nouns,0.14
2911,普通,奇怪,adjectives,0.09
2912,门,窗,nouns,0.59
2913,保龄,保齡球選手,nouns,1.41
2914,酒,啤酒,nouns,4.63
2915,绑,編織,verbs,1.5
2916,高度,換算,nouns,0.09
2917,非自然,自然地,adverbs,0.22
2918,键盘,光,nouns,0.14
2919,漂移,流,verbs,1.73
2920,弯曲,直,adjectives,0.23
2921,生物学,解剖學,nouns,2.59
2922,节约,花费,verbs,0.32
2923,宫殿,高樓大廈,nouns,0.32
2924,瓶子,容器,nouns,3.09
2925,庆祝,儀式,nouns,2.46
2926,立方体,骰子,nouns,2.68
2927,失去,得到,verbs,0.22
2928,熔化,溶解,verbs,4.41
2929,学生,小學生,nouns,3.5
2930,冷静,中性,adjectives,0.36
2931,主意,意見,nouns,4.23
2932,学习,評估,verbs,0.32
2933,肩,身體,nouns,0.73
2934,借款人,信用,nouns,0.54
2935,腰,肚,nouns,2.37
2936,牛肉,家牛,nouns,2.54
2937,说谎,假扮,verbs,2.59
2938,女士,先生,nouns,0.54
2939,坏,不誠實,adjectives,0.96
2940,锤,牙,nouns,0.04
2941,峡谷,山谷,nouns,4.22
2942,疏忽,斷絕父子關係,verbs,0.04
2943,貂,毛,nouns,0.55
2944,墙,磚,nouns,0.73
2945,图解,圖表,nouns,3.04
2946,外国人,翻譯者,nouns,0.32
2947,高高兴兴,積極地,adverbs,0.78
2948,啤酒,香檳,nouns,2.68
2949,信息,熵,nouns,0.36
2950,两次,總是,adverbs,0.14
2951,检查,檢查,verbs,5.0
2952,小亭,電話,nouns,0.0
2953,制服,鈎織編織,nouns,0.23
2954,手术,心臟,nouns,0.45
2955,牛排,肉,nouns,4.13
2956,早餐,晚餐,nouns,1.32
2957,不可能,友好,adverbs,0.09
2958,病原,病菌,nouns,3.13
2959,女人,牛仔褲,nouns,0.14
2960,说,校驗,verbs,0.0
2961,收入,税,nouns,0.5
2962,忘记,知道,verbs,0.04
2963,目标,尋求,nouns,0.64
2964,餐,晚餐,nouns,3.13
2965,缺席,在场,nouns,0.18
2966,分子,空氣,nouns,0.55
2967,正式,合乎體統,adjectives,3.46
2968,解剖学,生物學,nouns,2.59
2969,工作,工具,nouns,0.32
2970,无穷,零,nouns,0.23
2971,西方,北,nouns,0.14
2972,静脉,肚,nouns,0.27
2973,发现,認識到,verbs,3.54
2974,云,霧氣,nouns,2.27
2975,使满意,同意,verbs,2.27
2976,意见,信念,nouns,0.72
2977,抖动,攪拌,verbs,1.23
2978,主机板,主板,nouns,3.5
2979,得罪,侮辱,verbs,3.18
2980,听见,說話,verbs,0.32
2981,天气,雪,nouns,1.09
2982,拥抱,扼殺,verbs,0.04
2983,樱桃,士多啤梨,nouns,2.04
2984,酒吧,監獄,nouns,0.22
2985,意见,主意,nouns,4.23
2986,拒绝,給予,verbs,0.0
2987,搜索,搵,verbs,4.23
2988,完成,達到,verbs,3.68
2989,乐队,遊行,nouns,0.41
2990,炒,煮,verbs,0.64
2991,知觉,視力,nouns,0.78
2992,敬佩,崇拜,verbs,4.59
2993,古老,現代,adjectives,0.09
2994,任务,島,nouns,0.0
2995,演员,女演員,nouns,3.46
2996,电梯,運輸,verbs,0.95
2997,新闻,社論,nouns,2.64
2998,月,八月,nouns,2.43
2999,统计资料,網球,nouns,0.0
3000,完全地,全然地,adverbs,4.37
3001,马,牛,nouns,1.14
3002,游标,微晶片,nouns,0.09
3003,预测,確定,verbs,0.14
3004,光线电话机,同音詞,nouns,0.0
3005,手机,電話,nouns,4.46
3006,得到,放,verbs,0.0
3007,门口,出口,nouns,3.54
3008,立即,不久,adverbs,1.23
3009,向外,進來,adjectives,0.09
3010,嘴巴,牙齒,nouns,0.64
3011,匆忙,趕,verbs,4.22
3012,无辜,自由,adjectives,0.04
3013,自由,自由,nouns,4.46
3014,奖励,付款,nouns,0.22
3015,泡,肥皂泡沫,nouns,3.82
3016,经济,生態系統,nouns,0.14
3017,指南,手冊,nouns,2.96
3018,捕获,模仿,verbs,0.0
3019,对手,對手,nouns,5.18
3020,菜单,點菜,nouns,1.14
3021,推,拉,verbs,0.36
3022,射手,探路者,nouns,0.18
3023,服从,聽,verbs,3.37
3024,说话,承認,verbs,0.55
3025,冠军,優勝者,nouns,4.96
3026,意外,書,nouns,0.0
3027,喝,啜,verbs,1.32
3028,棒球,沙發,nouns,0.0
3029,海,海灘,nouns,2.5
3030,案件,電,nouns,0.04
3031,成为,做,verbs,2.59
3032,编译器,子程序,nouns,0.54
3033,平均,頻繁,adjectives,0.32
3034,天空,夢想,nouns,0.09
3035,木,紙,nouns,0.45
3036,疼痛,危害,nouns,0.5
3037,性能,客串角色,nouns,0.04
3038,出现,成為,verbs,0.32
3039,侄子,阿姨,nouns,0.72
3040,枪,筆記本,nouns,0.0
3041,赢,統治,verbs,0.5
3042,显然,不顯眼地,adverbs,0.22
3043,母亲,監護人,nouns,3.0
3044,时装,風尚,nouns,2.73
3045,听,學習,verbs,0.46
3046,床,醫院,nouns,0.36
3047,不负责任,未成熟的,adjectives,1.27
3048,不同意,搏鬥,verbs,0.0
3049,老师,幫手,nouns,0.64
3050,接受,謝絕,verbs,0.18
3051,给,斷絕父子關係,verbs,0.04
3052,海,海洋,nouns,5.73
3053,船,電動機,nouns,0.23
3054,威力,力量,nouns,3.32
3055,枫树,樹木,nouns,4.27
3056,攻击,犯罪,nouns,0.91
3057,正直地,成熟地,adverbs,0.68
3058,死气沉沉的,高高興興地,adverbs,0.22
3059,到达,來,verbs,2.59
3060,保护,保持,verbs,0.41
3061,紧紧地,難以置信地,adverbs,0.14
3062,害羞,昂貴,adjectives,0.0
3063,父亲,女兒,nouns,0.41
3064,基本上,充分,adverbs,0.59
3065,人们,派對,nouns,0.5
3066,对乙酰氨基酚,支氣管炎,nouns,0.09
3067,同意,使滿意,verbs,2.27
3068,猎物,神,nouns,0.0
3069,生病,瘋,adjectives,0.5
3070,苹果,飲食,nouns,0.64
3071,大风,毯,nouns,0.0
3072,惱火,不開心,adjectives,3.23
3073,简单,困難,adjectives,0.16
3074,运送,接受,verbs,0.0
3075,激情,情緒,nouns,2.63
3076,狭窄,瘦,adjectives,1.0
3077,使心烦,搞到氣餒,verbs,2.81
3078,腿,手臂,nouns,0.41
3079,赢得,完成,verbs,1.59
3080,装作,講大話,verbs,2.59
3081,海军,軍隊,nouns,3.59
3082,军队,班,nouns,0.36
3083,环,帶,nouns,2.73
3084,坏,平庸,adjectives,0.04
3085,冷淡,易損壞,adjectives,0.0
3086,屋顶,地板,nouns,0.18
3087,创建,想像,verbs,0.45
3088,等待,離開,verbs,0.18
3089,敬礼,演出,verbs,0.0
3090,教堂,電纜,nouns,0.0
3091,拿,偷,verbs,0.72
3092,小说,作家,nouns,0.27
3093,牙医,上校,nouns,0.14
3094,舌头,臉頰,nouns,0.18
3095,椅子,床,nouns,1.09
3096,购买,得到,verbs,0.41
3097,改变,更改,verbs,4.0
3098,统治者,國王,nouns,4.68
3099,新闻,流言蜚語,nouns,1.55
3100,运气,幸福,nouns,0.86
3101,犯罪者,罪犯,nouns,5.19
3102,谦逊地,自豪的,adverbs,0.36
3103,词性变化,感染,nouns,0.09
3104,报纸,字,nouns,1.32
3105,美,十四行詩,nouns,0.04
3106,食物,程序,nouns,0.0
3107,僧侣,神職人員,nouns,2.87
3108,听,服從,verbs,3.37
3109,码,英寸,nouns,2.91
3110,宽广,狹窄,adjectives,0.23
3111,蔑视,討厭,verbs,2.82
3112,想,決定,verbs,0.55
3113,攻击,傷害,verbs,3.04
3114,段,頁,nouns,0.72
3115,兴奋,受驚,adjectives,0.5
3116,做,成為,verbs,2.59
3117,努力,阻礙,verbs,0.0
3118,能力,才能,nouns,4.59
3119,看来,明顯地,adverbs,1.68
3120,耐力,樂隊,nouns,0.0
3121,痛苦,悲痛,nouns,5.0
3122,卡,橋,nouns,0.18
3123,和平,幸福,nouns,2.5
3124,付款,費用,nouns,2.37
3125,宣告,聲明,verbs,3.5
3126,离开,進入,verbs,0.22
3127,字,習語,nouns,0.86
3128,鸡尾酒,酒,nouns,3.73
3129,重大,次要,adjectives,0.23
3130,驱逐,空出,verbs,0.32
3131,渴,飢餓,adjectives,1.96
3132,学生,老師,nouns,0.68
3133,个人,親密,adjectives,0.0
3134,显微镜,生物學家,nouns,0.45
3135,装作,想像,verbs,0.18
3136,地心引力,流星,nouns,0.28
3137,雪,風暴,nouns,0.77
3138,冬天,夏天,nouns,0.14
3139,创建,毀滅,verbs,0.22
3140,行李,環球航行,nouns,0.23
3141,傻,孩子氣,adjectives,2.68
3142,创新,有創意,adjectives,4.78
3143,打中,未打中,verbs,0.22
3144,尺寸,戲法,nouns,0.0
3145,无助,貧困,adjectives,0.78
3146,查询,想,verbs,0.18
3147,存款,儲蓄者,nouns,0.68
3148,杆,旗,nouns,1.0
3149,作者,讀者,nouns,0.36
3150,得到,失去,verbs,0.22
3151,喇叭,車,nouns,0.18
3152,灾难,死亡,nouns,1.68
3153,发动机,活塞,nouns,0.95
3154,辣,弱,adjectives,0.04
3155,壁橱,衣服,nouns,0.69
3156,诈骗,犯罪,nouns,2.73
3157,首词,句法,nouns,0.5
3158,底部,基底,nouns,3.31
3159,路,高速公路,nouns,3.5
3160,难得,稀少,adjectives,3.82
3161,容易,大,adjectives,0.0
3162,汽车,運輸,nouns,1.54
3163,收缩,消失,verbs,0.5
3164,悲伤,羞愧,nouns,1.68
3165,犯罪,詐騙,nouns,2.73
3166,家牛,牛肉,nouns,2.54
3167,喜悦,自豪,nouns,2.09
3168,建造,做,verbs,2.77
3169,圣人,罪人,nouns,0.09
3170,散热器,傳感器,nouns,0.54
3171,贫穷,自豪,adjectives,0.04
3172,巨大,小,adjectives,0.14
3173,大型会议,聚會,nouns,2.91
3174,解决,完成,verbs,2.23
3175,害怕,緊張,adjectives,2.5
3176,碗,碟,nouns,2.09
3177,灯泡,花朵,nouns,0.0
3178,黎明,白天,nouns,2.59
3179,不公平,殘忍,adjectives,0.55
3180,消失,收縮,verbs,0.5
3181,累,飢餓,adjectives,0.5
3182,兄弟会,門,nouns,0.0
3183,合作,參加,verbs,0.46
3184,火,大災變,nouns,0.54
3185,标志,密碼,nouns,0.04
3186,红酒,酒,nouns,3.59
3187,擦亮,通知,verbs,0.0
3188,摇铃,噪聲,nouns,1.73
3189,厨房,洗手間,nouns,0.27
3190,契约,協議,nouns,4.18
3191,缺口,開口,nouns,3.77
3192,副驾驶,座艙,nouns,0.46
3193,问,祈禱,verbs,0.46
3194,赌,打賭,verbs,4.22
3195,明显,顯著的,adjectives,4.54
3196,数学家,節目,nouns,0.04
3197,杀,絞刑,verbs,3.09
3198,威士忌酒,酒,nouns,3.82
3199,谦逊地,糟糕,adverbs,0.14
3200,加入,獲得,verbs,0.04
3201,丈夫,男人,nouns,2.63
3202,妻子,女人,nouns,2.68
3203,树木,楓樹,nouns,4.27
3204,脆弱,簡單,adjectives,0.27
3205,允许,侵蝕,verbs,0.0
3206,相机,鏡片,nouns,0.64
3207,接受,承認,verbs,3.13
3208,伤害,攻擊,verbs,3.04
3209,充分,基本上,adverbs,0.59
3210,陶艺,陶瓷,nouns,2.77
3211,大多,主要,adverbs,3.46
3212,牛油,土豆,nouns,0.18
3213,民主,帝制,nouns,0.04
3214,苹果,醬,nouns,0.27
3215,教学大纲,考試,nouns,0.82
3216,妻子,母親,nouns,2.5
3217,搅拌,抖動,verbs,1.23
3218,忘记,原諒,verbs,0.32
3219,澄清,限定,verbs,0.0
3220,身体,神經,nouns,1.19
3221,指控,說謊,verbs,0.23
3222,主题标签,話題,nouns,3.32
3223,积极地,大概,adverbs,0.36
3224,选择,意見,nouns,1.0
3225,玫瑰,蝴蝶,nouns,0.32
3226,宽,新鮮,adjectives,0.0
3227,晚上,黎明,nouns,0.27
3228,接受,同意,verbs,3.87
3229,创建,潛水,verbs,0.04
3230,浮动,唱,verbs,0.0
3231,打,陷害,nouns,0.18
3232,桥,卡,nouns,0.18
3233,社会,俱樂部,nouns,0.04
3234,显著的,明顯,adjectives,4.54
3235,奇怪,古怪,adjectives,5.57
3236,多,兩次,adverbs,0.18
3237,喝,吞,verbs,1.0
3238,公牛,小牛,nouns,3.27
3239,强度,耐力,nouns,2.68
3240,机器人技术,模擬,nouns,0.5
3241,醋,沙拉,nouns,0.32
3242,等待,留,verbs,0.86
3243,搜索,看,verbs,0.91
3244,小马,馬,nouns,3.45
3245,和平地,自豪地,adverbs,0.36
3246,乏味,安全,adjectives,0.04
3247,烘烤,炒,verbs,1.73
3248,狡猾,機靈,adjectives,2.32
3249,顽固,蠢,adjectives,1.09
3250,同意,不同,verbs,0.04
3251,主要地,末期,adverbs,0.04
3252,树枝,手臂,nouns,0.04
3253,模拟,機器人技術,nouns,0.5
3254,词元,音節,nouns,0.96
3255,南,北,nouns,0.72
3256,叔叔,男人,nouns,2.27
3257,国王,裙帶關係,nouns,0.22
3258,脚,沙漠,nouns,0.09
3259,车,汽車,nouns,5.91
3260,大致,明顯地,adverbs,0.82
3261,极好,壞,adjectives,0.14
3262,每当,有時,adverbs,0.5
3263,手臂,身體,nouns,0.64
3264,培根,早餐,nouns,0.45
3265,忽略,問,verbs,0.09
3266,选择,想,verbs,0.45
3267,冰,雪,nouns,3.05
3268,旋律,音樂,nouns,3.23
3269,心脏,手術,nouns,0.45
3270,行为主义,治療,nouns,0.0
3271,变成,似乎,verbs,0.5
3272,房间,沖涼,nouns,0.32
3273,使气馁,搞到唔開心,verbs,2.81
3274,治疗,行動主義,nouns,0.0
3275,木,原木,nouns,4.41
3276,频繁,平均,adjectives,0.32
3277,距离,角度,nouns,0.41
3278,满足,理解,verbs,0.23
3279,快乐,愉快,adjectives,5.0
3280,帝制,民主,nouns,0.04
3281,创建,建立,verbs,4.23
3282,月亮,行星,nouns,2.69
3283,状况,情況,nouns,5.31
3284,画廊,律師,nouns,0.0
3285,教,教育,verbs,3.59
3286,广口瓶,瓶子,nouns,3.86
3287,退休,退出,verbs,1.09
3288,精彩,偉大,adjectives,0.77
3289,四轮货运马车,馬車,nouns,3.87
3290,拇指,指甲,nouns,1.18
3291,庆祝,使驚奇,verbs,0.27
3292,通灵研究,神經心理學,nouns,0.36
3293,祈祷,問,verbs,0.46
3294,果汁,蘋果,nouns,1.09
3295,完成,贏得,verbs,1.59
3296,阿姨,叔叔,nouns,0.59
3297,妻子,稻草,nouns,0.09
3298,枪,戲法,nouns,0.04
3299,寻求,搜索,verbs,3.41
3300,合法,安全,adjectives,0.69
3301,毁灭,建造,nouns,0.34
3302,刀口,草,nouns,0.0
3303,侵蚀,允許,verbs,0.0
3304,床,房間,nouns,0.22
3305,外套,針織套衫,nouns,2.96
3306,鼓励,使氣餒,verbs,0.18
3307,评分,分數,verbs,3.18
3308,钝,尖,adjectives,0.18
3309,一餐,腰部,nouns,0.0
3310,偷,攞,verbs,0.72
3311,减去,失去,verbs,2.19
3312,满载,沉重,adjectives,0.77
3313,结构,拓撲,nouns,0.04
3314,崇拜,敬佩,verbs,4.59
3315,走开,離開,verbs,3.77
3316,提醒,賣,verbs,0.0
3317,扩大,成長,verbs,1.41
3318,演员,電視,nouns,0.78
3319,创造者,作者,nouns,3.82
3320,雾气,雲,nouns,2.27
3321,挂,放,verbs,0.86
3322,简单,容易,adjectives,4.91
3323,洞,妻子,nouns,0.32
3324,非一般,罕見,adjectives,3.96
3325,整齐,乾淨,adjectives,3.68
3326,累,無聊,adjectives,0.14
3327,新,最近,adjectives,2.41
3328,音节,詞元,nouns,0.96
3329,实际地,理想地,adverbs,0.14
3330,坚固地,輕輕的,adverbs,0.04
3331,鸡,牛扒,nouns,0.14
3332,手册,指南,nouns,2.96
3333,小牛,公牛,nouns,3.27
3334,远足,爬,verbs,0.69
3335,诚实,內疚,adjectives,0.18
3336,降落,撤退,verbs,0.09
3337,教堂,大教堂,nouns,5.46
3338,參加,合作,verbs,0.46
3339,骨头,踝,nouns,0.45
3340,晚饭,餐,nouns,2.91
3341,戏法,尺寸,nouns,0.0
3342,熵,信息,nouns,0.36
3343,停,警告,verbs,0.14
3344,选举,選擇,nouns,2.54
3345,拿,獲得,verbs,3.63
3346,似乎,變成,verbs,0.5
3347,打赌,賭,verbs,4.22
3348,按下,放開,verbs,0.09
3349,绞刑,殺,verbs,3.09
3350,盒子,電梯,nouns,0.04
3351,使心烦,受傷,verbs,0.18
3352,蟋蟀,支持者,nouns,0.04
3353,政府,蜥蜴,nouns,0.04
3354,锌,金,nouns,1.54
3355,冷静,輕鬆,adjectives,0.64
3356,价值观,信念,nouns,3.46
3357,草,苔蘚,nouns,2.09
3358,安排,組織,verbs,0.96
3359,沉思,想,verbs,3.5
3360,海滩,海岸,nouns,3.37
3361,之前,之後,adverbs,0.22
3362,字母,鋼筆,nouns,0.0
3363,主力舰,无畏舰,nouns,2.5
3364,电动,機械,adjectives,2.54
3365,任务,女人,nouns,0.04
3366,八月,月,nouns,2.43
3367,手腕,手,nouns,2.73
3368,倒,滴,verbs,0.73
3369,允许,讓,verbs,3.13
3370,死亡,災難,nouns,1.68
3371,一尘不染,清潔,adjectives,4.96
3372,管理,工作,nouns,0.55
3373,北方,西方,nouns,0.14
3374,飞机,機場,nouns,0.86
3375,无知,智力,nouns,0.04
3376,眼睛,眉頭,nouns,0.55
3377,偷偷,信心十足地,adverbs,0.0
3378,身体,手臂,nouns,0.64
3379,体操,擊劍,nouns,0.73
3380,故事,歌曲,nouns,0.36
3381,事实,證明,nouns,0.96
3382,逃走,逃跑,verbs,5.46
3383,卧室,廁所,nouns,0.5
3384,仪式,慶祝,nouns,2.46
3385,鼓,吉他,nouns,0.54
3386,天花板,地板,nouns,0.22
3387,羞愧,謙虛,adjectives,0.36
3388,幼苗,葉,nouns,0.96
3389,大,柔韌,adjectives,0.18
3390,母亲,朋友,nouns,0.32
3391,古老,新,adjectives,0.18
3392,才能,能力,nouns,4.04
3393,制服,扼殺,verbs,0.27
3394,伪装,掩飾,verbs,3.77
3395,拥抱,摟抱,verbs,4.96
3396,跟随,追逐,verbs,2.63
3397,酒,葡萄酒,nouns,3.69
3398,香槟,威士忌酒,nouns,3.09
3399,旧,雜,adjectives,0.14
3400,失去,保持,verbs,0.14
3401,想,合理的解釋,verbs,0.18
3402,沐浴,妻子,nouns,0.04
3403,抱怨,帶來,verbs,0.09
3404,淫贱,髒,adjectives,0.59
3405,碳,原子,nouns,0.86
3406,分化,死,verbs,0.14
3407,牛,馬,nouns,1.14
3408,停止,禁止,verbs,2.87
3409,理论,定理,nouns,4.18
3410,裂开,分離,verbs,2.96
3411,调查,檢查,verbs,3.5
3412,事件,募捐活動,nouns,0.86
3413,便宜货,便士,nouns,0.14
3414,朋友,傢伙,nouns,1.04
3415,平滑,尖,adjectives,0.09
3416,雪,冰,nouns,3.05
3417,女人,毛,nouns,0.0
3418,复诊,病人,nouns,0.5
3419,朋友,老師,nouns,0.86
3420,自豪,堅強,adjectives,0.46
3421,乐队,酒,nouns,0.0
3422,书,手稿,nouns,0.96
3423,面包,小麥粉,nouns,1.19
3424,水平,得分,nouns,0.69
3425,完结,完成,adjectives,4.68
3426,神经,身體,nouns,1.19
3427,百万富翁,元,nouns,0.18
3428,避免,唔睬,verbs,0.55
3429,公共汽车,的士,nouns,2.32
3430,肚子,課程,nouns,0.0
3431,精彩,愉快,adjectives,2.64
3432,编剧,電視,nouns,0.69
3433,坚硬,强硬,adjectives,3.37
3434,批评,無禮貌,adjectives,0.64
3435,现实地,最近,adverbs,0.32
3436,赛跑,哲學家,nouns,0.09
3437,承认,接受,verbs,3.13
3438,三文治,午飯,nouns,0.55
3439,身体,脊柱,nouns,0.96
3440,手臂,樹枝,nouns,0.04
3441,烟草,香煙,nouns,4.23
3442,相反,其他,adjectives,0.23
3443,行政管理,行政管理,nouns,3.5
3444,涂抹,傳播,verbs,0.5
3445,分子,基質,nouns,0.86
3446,极好,精彩,adjectives,3.41
3447,僵硬,簡單,adjectives,0.09
3448,巧妙,成熟,adverbs,0.36
3449,非自然,負面地,adverbs,0.45
3450,发光,照耀,verbs,3.59
3451,糖果,蘋果,nouns,0.14
3452,枪,人,nouns,0.28
3453,戒除,開始,verbs,0.04
3454,救,淹,verbs,0.09
3455,建立,創建,verbs,4.23
3456,教授,醫生,nouns,0.78
3457,子程序,編譯器,nouns,0.54
3458,燕麦,田,nouns,0.64
3459,海,海嘯,nouns,1.54
3460,历史学家,史學家,nouns,5.69
3461,火鸡,母雞,nouns,2.23
3462,纱,線,nouns,2.13
3463,没有覆蓋的,冚住,adjectives,0.14
3464,枯燥,好笑,adjectives,0.04
3465,微妙地,目前,adverbs,0.18
3466,总统,污染,nouns,0.0
3467,字,提示,nouns,0.23
3468,作曲家,作家,nouns,2.41
3469,乱七八糟,井然有序,adjectives,0.23
3470,避难所,棚屋,nouns,0.64
3471,有礼貌地,謹慎地,adverbs,0.91
3472,新教,基督教,nouns,3.64
3473,指甲,頭,nouns,0.04
3474,大厦,房間,nouns,0.23
3475,种族主义,排外主義,nouns,3.77
3476,工人,機器匠,nouns,2.13
3477,天花板,大教堂,nouns,0.09
3478,哭,哭泣,verbs,5.68
3479,毛毛虫,蠶,nouns,2.27
3480,混合,攪拌,verbs,4.0
