ID,EST,FRA,PoS,score
1,rütm,poème,nouns,1.75
2,oletama,prédire,verbs,3.05
3,koer,chat,nouns,1.95
4,tehing,centime,nouns,0.2
5,algama,provenir,verbs,1.2
6,nõustuma,accepter,verbs,4.5
7,muru,mousse,nouns,2.25
8,auto,usine,nouns,0.8
9,kallama,goutter,verbs,1.35
10,niit,brin,nouns,2.9
11,täielikult,au fond,adverbs,1.6
12,tunnel,chemin,nouns,1.5
13,hiiglasuur,stupide,adjectives,0.75
14,rahumeelselt,calmement,adverbs,4.7
15,vastutustundlikult,indépendamment,adverbs,1.5
16,näpistama,frapper,verbs,2.25
17,tegema,détruire,verbs,1.1
18,globalism,visa,nouns,1.1
19,läbi kukkuma,réussir,verbs,1.2
20,piibel,hymne,nouns,0.45
21,veri,virus,nouns,1.6
22,täht,planète,nouns,2.95
23,vaimustav,terne,adjectives,0.35
24,viga,système,nouns,0.5
25,nina,gorge,nouns,1.95
26,mees,oncle,nouns,2.35
27,relv,casque,nouns,1.25
28,katus,sol,nouns,1.45
29,advokaat,galerie,nouns,0.05
30,loputama,laver,verbs,4.0
31,sisalik,crocodile,nouns,3.0
32,päästma,détruire,verbs,0.75
33,deemon,ange,nouns,1.75
34,tegema,devenir,verbs,1.3
35,raevukas,hésitant,adjectives,0.65
36,tädi,neveu,nouns,1.85
37,müüt,satire,nouns,1.5
38,raamat,thème,nouns,1.05
39,põhjendamatult,injustement,adverbs,2.6
40,ennustama,supposer,verbs,2.92
41,hindeid panema,noter,verbs,5.3
42,kino,pop-corn,nouns,1.45
43,radar,manette,nouns,0.3
44,käsi,genou,nouns,1.6
45,veski,grain,nouns,1.7
46,sassis,ordonné,adjectives,1.25
47,imik,adulte,nouns,1.55
48,uskumus,concept,nouns,2.4
49,ära tõukama,négliger,verbs,1.8
50,pastakas,alphabet,nouns,0.85
51,rahul,heureux,adjectives,4.55
52,intelligentne,malin,adjectives,4.9
53,lennuk,aéroport,nouns,2.05
54,kaval,étrange,adjectives,1.4
55,linateos,film,nouns,5.5
56,teenima,faire,verbs,0.65
57,küsima,plaider,verbs,2.75
58,klaas,badge,nouns,0.4
59,suurepärane,brillant,adjectives,4.85
60,hiir,gestion,nouns,0.0
61,õiglus,droit,nouns,3.5
62,valetama,prétendre,verbs,3.35
63,suur,national,adjectives,0.6
64,ruupor,tambour,nouns,1.75
65,taasmatmine,tombe,nouns,1.65
66,lugu,sujet,nouns,2.05
67,sajand,décennie,nouns,2.25
68,vastu võtma,recommander,verbs,0.75
69,põlglik,dédaigneux,adjectives,5.65
70,poiss,soldat,nouns,1.3
71,puhas,désordonné,adjectives,1.0
72,pirukas,chocolat,nouns,1.4
73,rahutult,nerveusement,adverbs,5.2
74,rahvastik,personne,nouns,3.65
75,privaatne,personnel,adjectives,5.5
76,veok,voiture,nouns,3.2
77,tee,citron,nouns,1.1
78,bronhiit,paracétamol,nouns,1.25
79,säilitama,rester,verbs,1.6
80,ranne,main,nouns,2.6
81,müüma,aller,verbs,0.35
82,haruldane,inhabituel,adjectives,4.8
83,abikaasa (mees),homme,nouns,3.8
84,aju,nerf,nouns,2.0
85,filosoof,course,nouns,0.15
86,mahl,milk-shake,nouns,2.0
87,romaan,écrivain,nouns,1.75
88,põhiseadus,empereur,nouns,1.0
89,propageerima,avancer,verbs,2.8
90,sõltuma,compter sur,verbs,3.35
91,sõbralik,généreux,adjectives,2.75
92,kohut mõistma,témoigner,verbs,1.5
93,seisund,situation,nouns,4.25
94,keha,sang,nouns,1.85
95,luu,cou,nouns,1.4
96,varastama,acquérir,verbs,1.2
97,sõdur,paix,nouns,0.9
98,nautima,détester,verbs,0.85
99,vihje,fait,nouns,1.1
100,viiul,instrument,nouns,2.9
101,vaidlema,convaincre,verbs,2.8
102,ilmselt,simplement,adverbs,1.45
103,korraldama,collecter,verbs,1.0
104,autor,créateur,nouns,5.2
105,täiskasvanu,bébé,nouns,1.55
106,tass,cône,nouns,0.55
107,taotleja,candidature,nouns,2.1
108,muld,boue,nouns,2.9
109,vili,maïs,nouns,2.4
110,pall,panier,nouns,1.05
111,tuntud,national,adjectives,1.3
112,koridor,salle de cours,nouns,1.05
113,lõuna,nord,nouns,1.9
114,täna õhtul,aujourd'hui,adverbs,2.85
115,stipendium,frais de scolarité,nouns,1.85
116,unustama,savoir,verbs,1.0
117,jumal,prêtre,nouns,1.75
118,valetama,nier,verbs,1.85
119,keha,estomac,nouns,2.3
120,tila,fluide,nouns,1.45
121,plärtsatus,viscosité,nouns,0.4
122,kits,vache,nouns,1.85
123,julm,agréable,adjectives,0.55
124,kahuripaat,côte,nouns,0.55
125,auto,jauge,nouns,0.95
126,poliitik,policier,nouns,1.05
127,lumi,glace,nouns,3.55
128,džinn,lampe,nouns,1.35
129,põrand,toit,nouns,1.45
130,kandidaat,vainqueur,nouns,1.9
131,tugevalt,officiellement,adverbs,0.7
132,sild,voiture,nouns,0.6
133,sfäär,ballon,nouns,2.25
134,töö,outil,nouns,1.05
135,valmistaja,créateur,nouns,4.45
136,jõukus,renommée,nouns,1.8
137,male,échouage,nouns,1.55
138,puuvill,pull-over,nouns,1.45
139,haruldane,stupide,adjectives,0.15
140,laps,adulte,nouns,1.7
141,elekter,boîtier,nouns,0.85
142,teravili,blé,nouns,3.6
143,äädikas,salade,nouns,1.15
144,küllus,profusion,nouns,5.1
145,tegema,se produire,verbs,1.35
146,uba,café,nouns,1.05
147,hoidma,posséder,verbs,2.55
148,jogurt,bétail,nouns,0.35
149,suhtlema,prier,verbs,0.8
150,kirg,émotion,nouns,3.8
151,võtma,obtenir,verbs,2.7
152,lõhnama,puer,verbs,3.3
153,kasutamata,nouveau,adjectives,4.4
154,lusikas,tasse,nouns,1.55
155,mööbel,lit,nouns,2.6
156,parlament,congrès,nouns,3.45
157,jäätisekokteil,jus,nouns,2.0
158,põõsas,fleur,nouns,2.1
159,püsimatu,jeune,adjectives,1.15
160,soovima,désirer,verbs,5.15
161,ebanormaalselt,normalement,adverbs,1.05
162,kleepuv,humide,adjectives,1.85
163,naljakas,triste,adjectives,0.95
164,põikpäine,stupide,adjectives,2.15
165,õppima,éduquer,verbs,3.45
166,hellitama,garder,verbs,2.55
167,panema,pendre,verbs,1.3
168,seade,pot,nouns,0.2
169,ebaloomulikult,négativement,adverbs,1.2
170,otsima,regarder,verbs,2.05
171,silm,sourcil,nouns,2.0
172,hoomama,satisfaire,verbs,0.45
173,puhtalt,complètement,adverbs,2.6
174,kohalikult,évidemment,adverbs,0.2
175,kodutu,milliardaire,nouns,1.15
176,miljardär,sans abri,nouns,1.15
177,orkester,groupe,nouns,3.45
178,kana,dîner,nouns,1.15
179,ausalt,loyalement,adverbs,3.7
180,kino,télévision,nouns,2.75
181,raputama,recueillir,verbs,0.2
182,hoidma,retenir,verbs,4.55
183,arvama,énerver,verbs,0.35
184,kuulama,apprendre,verbs,2.1
185,tapma,détruire,verbs,3.0
186,auto,réservoir,nouns,1.2
187,alandama,conforter,verbs,0.45
188,korporatsioon,porte,nouns,0.15
189,lahkuma,apparaître,verbs,0.3
190,riis,haricot,nouns,1.7
191,siduma,unir,verbs,3.8
192,nutikas,stupide,adjectives,1.0
193,käänamine,infection,nouns,0.15
194,fakt,preuve,nouns,3.55
195,skeemitaja,stratège,nouns,3.25
196,kott,porte-monnaie,nouns,3.1
197,kohut mõistma,accuser,verbs,3.05
198,miljonär,dollar,nouns,1.45
199,kaduma,rétrécir,verbs,1.75
200,lahendama,terminer,verbs,3.2
201,kokkulepe,pacte,nouns,5.2
202,õigustama,vérifier,verbs,2.15
203,lubama,aller,verbs,0.45
204,tunnistama,parler,verbs,1.0
205,katus,fenêtre,nouns,1.45
206,pehme,violent,adjectives,0.65
207,ärkama,ronfler,verbs,1.2
208,kursor,frites,nouns,0.3
209,ilmselgelt,apparemment,adverbs,2.5
210,õhtusöök,poulet,nouns,1.15
211,aluspesu,corps,nouns,1.25
212,mesilane,fourmi,nouns,1.7
213,võitja,objectif,nouns,1.05
214,vedelik,jet,nouns,1.45
215,preester,prophète,nouns,2.0
216,optimistlikult,éventuellement,adverbs,1.0
217,auto,ascenseur,nouns,0.7
218,tööline,appareil photo,nouns,0.1
219,eeldama,prédire,verbs,2.8
220,laenama,garder,verbs,1.2
221,suhkur,miel,nouns,2.45
222,umbes,marginalement,adverbs,1.1
223,uks,portail,nouns,4.05
224,raske,ardu,adjectives,5.25
225,laisk,occupé,adjectives,0.6
226,raha,salaire,nouns,3.95
227,kinni püüdma,attraper,verbs,5.0
228,riistvara,étui,nouns,1.15
229,voodi,canapé,nouns,2.95
230,paindlik,lâche,adjectives,1.5
231,õepoeg,tante,nouns,1.85
232,kindel,certain,adjectives,5.45
233,kaklema,mordre,verbs,1.45
234,kapital,argent,nouns,4.05
235,madu,lézard,nouns,2.6
236,põllumajandus,plante,nouns,1.65
237,palee,gratte-ciel,nouns,1.6
238,auk,femme,nouns,0.15
239,vesistama,crier,verbs,3.25
240,põld,avoine,nouns,1.75
241,isiklik,privé,adjectives,5.5
242,vaidlema,hurler,verbs,1.55
243,sile,tranchant,adjectives,1.25
244,saal,allée,nouns,1.4
245,ignoreerima,imprimer,verbs,0.1
246,põlastav,méprisant,adjectives,5.65
247,relv,sergent,nouns,1.0
248,osalema,apparaître,verbs,1.35
249,amet,gestion,nouns,1.85
250,puitmaterjal,rondin,nouns,3.5
251,noor,agité,adjectives,1.15
252,reostus,président,nouns,0.3
253,tugev,fier,adjectives,1.3
254,entroopia,information,nouns,1.65
255,koguma,secouer,verbs,0.2
256,imlselgelt,grossièrement,adverbs,0.55
257,orkaan,orage,nouns,3.65
258,karp,matériel,nouns,1.15
259,kogunemine,convocation,nouns,3.35
260,rüüpama,engloutir,verbs,2.25
261,vastandlik,unique,adjectives,0.8
262,rünnak,blitz,nouns,3.45
263,galaktika,application,nouns,0.2
264,võti,verrou,nouns,2.1
265,otseloomulikult,discrètement,adverbs,0.8
266,paindlik,facile,adjectives,1.5
267,huul,hanche,nouns,0.85
268,päikeseloojang,table,nouns,0.05
269,valimine,choix,nouns,3.45
270,piim,jus,nouns,1.65
271,põhimõtteliselt,pleinement,adverbs,1.6
272,pruut,princesse,nouns,1.95
273,poeg,frère,nouns,1.7
274,voodi,chaise,nouns,1.5
275,harima,apprendre,verbs,3.45
276,tušš,couvent,nouns,0.2
277,jooma,mélanger,verbs,0.7
278,edu saavutama,échouer,verbs,1.2
279,kurjategija,délinquant,nouns,4.85
280,karistama,frapper,verbs,2.4
281,brändi,alcool,nouns,3.0
282,jumaldama,admirer,verbs,4.45
283,kindlus,mur,nouns,1.5
284,ruumikas,gros,adjectives,4.0
285,võrdlema,analyser,verbs,3.4
286,relv,aube,nouns,0.1
287,imeline,beau,adjectives,3.95
288,raamat,histoire,nouns,2.5
289,müts,manteau,nouns,1.7
290,silm,larme,nouns,1.6
291,toores,laid,adjectives,0.95
292,meel,intuition,nouns,3.65
293,lõbu,football,nouns,0.75
294,lööma,attirer,verbs,0.85
295,juhtuma,faire,verbs,1.35
296,jõgi,mer,nouns,2.2
297,august,mois,nouns,2.55
298,meelt lahutama,satisfaire,verbs,1.85
299,otsustamata,neutre,adjectives,2.1
300,luu,bras,nouns,1.75
301,eitamine,confession,nouns,1.35
302,kokkukutsumine,rassemblement,nouns,3.35
303,tuba,échouage,nouns,1.65
304,kinematograafia,réalisateur,nouns,1.9
305,taotlus,candidat,nouns,2.1
306,bioloogia,anatomie,nouns,2.7
307,ärritama,décourager,verbs,2.0
308,talv,saison,nouns,3.25
309,valelik,mal,adjectives,2.85
310,administratsioon,gestion,nouns,4.55
311,karm,cruel,adjectives,3.6
312,kirikutorn,chapelle,nouns,2.1
313,vend,fils,nouns,1.7
314,jääma,obtenir,verbs,0.2
315,steik,viande,nouns,4.55
316,massiivselt,ouvertement,adverbs,0.75
317,rahvasumm,foule,nouns,5.6
318,kontor,ouvrier,nouns,0.8
319,jahtima,chercher,verbs,2.1
320,ajurünnak,télescope,nouns,0.05
321,ametlikult,fortement,adverbs,0.7
322,võitma,accomplir,verbs,1.5
323,president,politicien,nouns,3.5
324,jää,neige,nouns,3.55
325,pära,arrière,nouns,2.95
326,ohver,téléphone,nouns,0.25
327,reis,voyage,nouns,4.3
328,makse,frais,nouns,3.45
329,samasugune,similaire,adjectives,5.0
330,armee,légion,nouns,3.5
331,pall,volley-ball,nouns,2.15
332,üritus,collecte de fonds,nouns,1.15
333,lill,croyance,nouns,0.05
334,rebane,chien,nouns,1.65
335,kahtlustama,arrêter,verbs,1.45
336,meri,delta,nouns,1.7
337,kitarr,batterie,nouns,1.9
338,lumi,météo,nouns,1.75
339,salat,régime,nouns,1.3
340,vana,frais,adjectives,0.25
341,läbirääkimine,diplomatie,nouns,3.55
342,siin,maintenant,adverbs,1.85
343,karusnahk,vison,nouns,3.55
344,kogunema,assister,verbs,1.15
345,reegel,usage,nouns,4.05
346,ebaseaduslik,légitime,adjectives,1.0
347,vann,ballon,nouns,0.2
348,test,essai,nouns,5.05
349,jalg,main,nouns,2.0
350,luuletaja,journaliste,nouns,1.6
351,uitama,laisser,verbs,0.65
352,rahu,soldat,nouns,0.9
353,astronoom,galaxie,nouns,1.55
354,otsima,chercher,verbs,2.1
355,lubama,laisser,verbs,4.25
356,lennuk,feuille,nouns,0.2
357,mantel,chapeau,nouns,1.7
358,võlts,réel,adjectives,1.1
359,täiskasvanu,enfant,nouns,1.7
360,täpselt,inexactement,adverbs,1.0
361,ilukirjandus,biographie,nouns,1.9
362,esinema,saluer,verbs,0.25
363,neutraalne,calme,adjectives,2.25
364,pära,falaise,nouns,0.05
365,kummaline,bizarre,adjectives,5.8
366,hing,frère,nouns,0.6
367,võimas,fort,adjectives,5.15
368,mõõk,trône,nouns,0.8
369,ülikond,crochet,nouns,0.25
370,lahkuma,rester,verbs,1.1
371,lihtsalt,apparemment,adverbs,1.45
372,vägivaldne,fâché,adjectives,2.25
373,lill,buisson,nouns,2.1
374,partner,type,nouns,1.85
375,kohtuma,laisser,verbs,0.35
376,õpetama,punir,verbs,0.45
377,uskumus,opinion,nouns,3.85
378,paraad,foule,nouns,2.3
379,list,tableau,nouns,2.35
380,abikaasa (naine),femme,nouns,4.15
381,firma,affaire,nouns,3.95
382,tooma,envoyer,verbs,1.35
383,lisama,construire,verbs,1.2
384,jagama,unir,verbs,1.5
385,diskreetselt,manifestement,adverbs,0.8
386,vaidlema,se plaindre,verbs,1.6
387,ehitamine,destruction,nouns,1.5
388,kaos,anarchie,nouns,3.7
389,tapeet,arrière-plan,nouns,3.1
390,uhke,audacieux,adjectives,2.15
391,vältima,ignorer,verbs,4.0
392,hoone,pièce,nouns,1.65
393,segatud,combiné,adjectives,4.3
394,lumi,tempête,nouns,2.25
395,erinev,normal,adjectives,1.3
396,kristall,verre,nouns,2.8
397,sukelduma,créer,verbs,0.25
398,ühinema,attacher,verbs,1.3
399,valimisõigus,sortie,nouns,0.45
400,kasvatama,développer,verbs,3.9
401,märg,collant,adjectives,1.85
402,võtma,posséder,verbs,2.4
403,tüütama,aggraver,verbs,1.0
404,ütlema,participer,verbs,1.3
405,tsink,or,nouns,1.9
406,kaetud,découvert,adjectives,1.1
407,õrnalt,calmement,adverbs,1.8
408,õhtu,crépuscule,nouns,4.3
409,president,pollution,nouns,0.3
410,äsja,concrètement,adverbs,0.3
411,leht,avion,nouns,0.2
412,portreteerima,imiter,verbs,2.45
413,teispoolsus,purgatoire,nouns,2.05
414,juur,herbe,nouns,1.85
415,käsi,cou,nouns,1.5
416,uskumatult,fermement,adverbs,0.4
417,mask,fête,nouns,1.4
418,võimalikult,avec optimisme,adverbs,1.0
419,haavama,insulter,verbs,3.9
420,vabastama,expulser,verbs,1.4
421,ala,coin,nouns,0.8
422,ulatuslik,gros,adjectives,3.9
423,paluma,emprunter,verbs,1.45
424,õppima,écouter,verbs,2.1
425,jänes,chat,nouns,1.45
426,kindlalt,clairement,adverbs,3.2
427,välja tõstma,partir,verbs,1.7
428,hääletama,choisir,verbs,4.1
429,ebavajalik,nécessaire,adjectives,1.1
430,palvetama,communiquer,verbs,0.8
431,post,vitesse,nouns,0.15
432,toit,programme,nouns,0.7
433,õnnelikult,activement,adverbs,1.05
434,karp,chapeau,nouns,0.8
435,agressivne,grossier,adjectives,2.45
436,õhupall,bain,nouns,0.2
437,küttekeha,parapluie,nouns,0.3
438,igav,médiocre,adjectives,2.9
439,ütlema,rappeler,verbs,2.65
440,delikaatselt,actuellement,adverbs,0.35
441,hambaarst,orthodontiste,nouns,4.95
442,võimatu,faisable,adjectives,1.15
443,rahu,bonheur,nouns,2.9
444,nõudma,réprimander,verbs,0.75
445,pakt,accord,nouns,5.2
446,vaip,maison,nouns,0.95
447,prestiiž,richesse,nouns,2.05
448,ilu,âge,nouns,1.0
449,tuju,médecin,nouns,0.1
450,metsamajake,chalet,nouns,3.35
451,kontrollima,enquêter,verbs,3.4
452,lämbuma,respirer,verbs,1.35
453,kaootiliselt,pacifiquement,adverbs,0.75
454,jumal,diable,nouns,1.85
455,mängima,combattre,verbs,1.05
456,tita,fille,nouns,2.05
457,tükk,aéroport,nouns,0.1
458,realistlikult,idéalement,adverbs,1.35
459,kaamera,lentille,nouns,2.0
460,keeruline,facile,adjectives,1.15
461,mast,drapeau,nouns,1.75
462,tütar,père,nouns,1.65
463,rahvahulk,attroupement,nouns,5.6
464,sõnaraamat,mot,nouns,2.2
465,andestama,accepter,verbs,2.3
466,liha,boeuf,nouns,3.3
467,laul,interprète,nouns,1.75
468,ignorantne,ordinaire,adjectives,0.65
469,valem,équation,nouns,3.6
470,käsi,veine,nouns,1.15
471,luuletus,rythme,nouns,1.75
472,täiskasvanu,tuteur,nouns,2.6
473,terav,terne,adjectives,0.4
474,uus,vieux,adjectives,1.2
475,patune,saint,nouns,1.25
476,kulutama,sauver,verbs,0.65
477,sarnane,ressemblant,adjectives,5.0
478,omandama,joindre,verbs,0.85
479,puudumine,présence,nouns,1.55
480,paljusus,abondance,nouns,5.1
481,valem,registre,nouns,1.9
482,ignoreerima,éviter,verbs,4.0
483,mitu korda,deux fois,adverbs,2.6
484,võimas,faible,adjectives,0.8
485,aktsia,actif,nouns,3.45
486,sõna,journal,nouns,1.55
487,riietatud,couvert,adjectives,4.1
488,kuul,canon,nouns,1.15
489,palk,honoraire,nouns,4.65
490,jooksja,athlète,nouns,3.25
491,korter,meuble,nouns,1.55
492,tarkus,intelligence,nouns,4.45
493,häbelik,coûteux,adjectives,0.15
494,kiibid,curseur,nouns,0.3
495,haigusetekitaja,germe,nouns,3.85
496,külge tõmbama,frapper,verbs,0.85
497,luu,muscle,nouns,1.9
498,leotama,réduire,verbs,0.3
499,abistama,assister,verbs,5.05
500,pea,ongle,nouns,0.85
501,kaotama,garder,verbs,0.95
502,raske,facile,adjectives,1.15
503,käeturvis,bouclier,nouns,3.1
504,väljapääs,porte,nouns,3.3
505,väetis,croissance,nouns,1.75
506,looma,construire,verbs,4.25
507,pesema,rincer,verbs,4.0
508,tegema,gagner,verbs,0.65
509,halvenema,essuyer,verbs,0.25
510,väljuma,séparer,verbs,1.2
511,uhkelt,humblement,adverbs,1.2
512,metall,aluminium,nouns,3.0
513,fantastiliselt,incroyablement,adverbs,4.85
514,imelik,bizarre,adjectives,5.75
515,keraamika,poterie,nouns,4.1
516,seaduslik,illégal,adjectives,1.0
517,valjusti,doucement,adverbs,0.65
518,naine,jeans,nouns,0.2
519,harilik,étrange,adjectives,1.15
520,kong,prison,nouns,4.3
521,halb,immoral,adjectives,3.85
522,riided,tissu,nouns,2.65
523,vulkaan,magma,nouns,2.15
524,pilv,brouillard,nouns,2.7
525,penn,occasion,nouns,0.2
526,erinema,débattre,verbs,1.4
527,auto,vélo,nouns,1.65
528,öö,chapitre,nouns,0.15
529,nõbu,oncle,nouns,2.4
530,sulgema,vomir,verbs,0.05
531,elegantselt,admirablement,adverbs,3.7
532,triivima,couler,verbs,2.05
533,habras,frigide,adjectives,0.45
534,hommikusöök,bacon,nouns,1.2
535,tavaliselt,irrégulièrement,adverbs,0.9
536,võmm,shérif,nouns,3.75
537,monitor,écran,nouns,5.0
538,näidik,voiture,nouns,0.95
539,kolonel,dentiste,nouns,0.3
540,lääs,nord,nouns,1.75
541,oluline,mineur,adjectives,1.0
542,rannik,canonnière,nouns,0.55
543,karm,sournois,adjectives,0.65
544,aktiivselt,heureusement,adverbs,1.05
545,ausalt,sincèrement,adverbs,5.5
546,pühkima,détériorer,verbs,0.25
547,laps,homme,nouns,1.85
548,ausalt,jamais,adverbs,0.05
549,tool,tabouret,nouns,4.1
550,abiline,servante,nouns,2.55
551,auk,accord,nouns,0.05
552,isa,homme,nouns,2.7
553,võitma,réussir,verbs,4.4
554,saabuma,laisser,verbs,0.6
555,kartser,cellule,nouns,4.3
556,armee,marine,nouns,3.25
557,õun,citron,nouns,1.8
558,armee,section,nouns,1.9
559,tagasihoidlik,flexible,adjectives,0.55
560,valge,étroit,adjectives,0.15
561,hea,épicé,adjectives,0.7
562,org,dépression,nouns,0.9
563,kõht,cours,nouns,0.15
564,igav,fatigué,adjectives,1.55
565,nahk,vélo,nouns,0.3
566,pliiats,histoire,nouns,0.45
567,atsetüülkoliin,iris,nouns,nan
568,umbes,impatiemment,adverbs,0.6
569,nurjuma,compter,verbs,0.2
570,teenijanna,fille,nouns,1.4
571,saama,apparaître,verbs,1.05
572,putukas,abeille,nouns,3.2
573,jaanalind,verger,nouns,0.05
574,üllatama,fêter,verbs,0.85
575,muffin,persil,nouns,0.5
576,preagu,récemment,adverbs,3.8
577,putukamürk,parasite,nouns,1.6
578,mäss,dessin,nouns,0.2
579,suu,nez,nouns,1.95
580,võtma,recevoir,verbs,2.2
581,ümbermaailmareis,bagage,nouns,0.95
582,näts,menthe,nouns,0.9
583,lein,agonie,nouns,2.2
584,käsikiri,article,nouns,2.05
585,segatud,vieux,adjectives,0.15
586,au,estime,nouns,3.2
587,ahv,campagne,nouns,0.1
588,korruptsioon,fraude,nouns,3.85
589,rahvas,ballon,nouns,0.1
590,kergeusklik,stupide,adjectives,3.35
591,põhiliselt,en phase terminale,adverbs,0.0
592,hädaline,impuissant,adjectives,2.85
593,õrnalt,brillamment,adverbs,0.6
594,tuju,colère,nouns,2.7
595,spetsiaalselt,significativement,adverbs,1.85
596,rahustama,humilier,verbs,0.45
597,vaidlema,exiger,verbs,1.7
598,elastne,flexible,adjectives,4.5
599,hümn,conquête,nouns,0.55
600,kulutama,porter,verbs,0.75
601,käsi,muscle,nouns,2.0
602,süüdistama,mentir,verbs,0.75
603,viski,alcool,nouns,2.95
604,lahkuma,attendre,verbs,0.75
605,aed,saut d'obstacles,nouns,1.5
606,võit,triomphe,nouns,5.2
607,kohtuma,recueillir,verbs,1.8
608,saar,plage,nouns,1.85
609,täkkvarss,cheval,nouns,3.8
610,lagi,cathédrale,nouns,0.75
611,kõndima,boiter,verbs,2.8
612,võistlema,terminer,verbs,0.3
613,lahkelt,gentiment,adverbs,3.0
614,taipama,comprendre,verbs,5.5
615,siiralt,sérieusement,adverbs,2.05
616,lubama,éroder,verbs,0.25
617,kritiseerima,remarquer,verbs,1.9
618,süüdistama,pousser,verbs,0.45
619,veider,étrange,adjectives,5.72
620,meri,tsunami,nouns,1.7
621,kunstiteos,artiste,nouns,2.0
622,uskumatu,ordinaire,adjectives,0.95
623,koostööd tegema,rejoindre,verbs,2.3
624,normaalne,différent,adjectives,1.3
625,kilp,armure,nouns,3.1
626,kabel,clocher,nouns,2.1
627,teostatav,impossible,adjectives,1.15
628,pensionile jääma,rétracter,verbs,0.65
629,näitleja,télévision,nouns,1.4
630,vangla,choix,nouns,0.35
631,kroon,clé,nouns,0.5
632,hirmul,anxieux,adjectives,2.95
633,ajaloolane,historiographe,nouns,4.8
634,mõte,schéma,nouns,2.2
635,kokkuhoid,épargnant,nouns,2.35
636,teooria,chimie,nouns,1.3
637,lugema,mordre,verbs,0.1
638,noomima,exiger,verbs,0.75
639,korrutamine,division,nouns,2.15
640,vaene,solitaire,adjectives,0.85
641,informatsioon,livre,nouns,1.65
642,illustratsioon,ampoule,nouns,0.2
643,koridor,allée,nouns,4.0
644,auto,automobile,nouns,5.5
645,kätte toimetama,prendre,verbs,0.8
646,eesnahk,circoncision,nouns,1.85
647,diskreetselt,poliment,adverbs,2.9
648,teleskoop,chaise,nouns,0.2
649,alkohol,vin,nouns,3.0
650,nüri,passionnant,adjectives,0.35
651,uhke,arrogant,adjectives,3.85
652,majandus,écosystème,nouns,1.35
653,negatiivselt,anormalement,adverbs,1.2
654,riiklik,connu,adjectives,1.3
655,semu,compagnon,nouns,4.75
656,jagama,ajouter,verbs,1.05
657,ruut,carte,nouns,0.65
658,kallistama,tenir,verbs,2.95
659,ülesanne,île,nouns,0.05
660,film,long métrage,nouns,5.5
661,šokolaad,tarte,nouns,1.4
662,püüdma,chasser,verbs,1.9
663,isa,fils,nouns,2.25
664,kalkun,oiseau,nouns,2.95
665,lihtne,difficile,adjectives,1.2
666,edu saavutama,gagner,verbs,4.4
667,haiget tegema,tomber,verbs,1.55
668,küsima,aider,verbs,1.05
669,dollar,personne,nouns,0.1
670,vägev,puissant,adjectives,5.15
671,aasta,siècle,nouns,2.2
672,valitsus,lézard,nouns,0.0
673,märksõna,syntaxe,nouns,1.15
674,järv,nuage,nouns,0.6
675,otsustama,penser,verbs,2.55
676,vallutus,hymne,nouns,0.55
677,putka,téléphone,nouns,1.35
678,iil,couverture,nouns,0.3
679,floora,nature,nouns,3.25
680,tähistama,surprendre,verbs,0.85
681,teostama,devenir,verbs,1.55
682,saama,accepter,verbs,3.05
683,kodutöö,tâche,nouns,3.1
684,märk,symbole,nouns,5.1
685,riided,tiroir,nouns,1.2
686,nurjuma,décourager,verbs,1.65
687,televisioon,communication,nouns,2.4
688,röövima,voler,verbs,3.85
689,varastama,kidnapper,verbs,3.85
690,mitte kunagi,honnêtement,adverbs,0.05
691,kirjandus,livre,nouns,2.8
692,vokalist,employé,nouns,0.6
693,laviin,neige,nouns,2.15
694,sent,femme,nouns,0.1
695,võimlemine,escrime,nouns,2.05
696,sisenev,extraverti,adjectives,0.55
697,lugu,livre,nouns,2.5
698,rahvas,population,nouns,3.65
699,ise,confiance,nouns,1.5
700,pärima,penser,verbs,1.0
701,tooma,venir,verbs,0.95
702,ingel,démon,nouns,1.75
703,liha,sandwich,nouns,1.45
704,mööda lööma,faire grève,verbs,1.5
705,lõpetama,terminer,verbs,2.45
706,medal,basket,nouns,0.4
707,jätma,prendre,verbs,1.25
708,müts,boîte,nouns,0.8
709,uurima,poursuivre,verbs,1.55
710,täna,ce soir,adverbs,2.85
711,regulaarne,moyen,adjectives,3.05
712,õnn,paix,nouns,2.9
713,informeerima,notifier,verbs,5.6
714,seeme,moulin,nouns,1.7
715,uus,inutilisé,adjectives,4.4
716,piirama,réduire,verbs,4.4
717,leidma,disparaître,verbs,0.55
718,vesi,sécheresse,nouns,1.3
719,lisama,séparer,verbs,0.9
720,kaamera,président,nouns,0.25
721,pihk,doigt,nouns,1.5
722,ehitama,ajouter,verbs,1.2
723,anne,écrivain,nouns,0.55
724,näima,devenir,verbs,1.05
725,hirmunud,incertain,adjectives,1.8
726,tormama,se dépêcher,verbs,4.85
727,kaaspiloot,cockpit,nouns,1.45
728,looma,détruire,verbs,1.05
729,hobune,poulain,nouns,3.8
730,tehislik,faux,adjectives,4.35
731,riided,chiffon,nouns,2.25
732,kuritegu,attaque,nouns,2.35
733,mugavalt,facilement,adverbs,1.6
734,uba,riz,nouns,1.7
735,hoidma,protéger,verbs,3.8
736,tavaliselt,sincèrement,adverbs,0.7
737,tegema,cesser,verbs,1.35
738,illegaalne,immoral,adjectives,2.75
739,tsunaami,mer,nouns,1.7
740,väljuv,entrant,adjectives,0.55
741,kirjandus,mot,nouns,1.95
742,haiget tegema,taquiner,verbs,2.4
743,sale,svelte,adjectives,5.35
744,koheselt,bientôt,adverbs,2.85
745,salat,vinaigre,nouns,1.15
746,õppekava,examen,nouns,1.5
747,päikesepaiste,pomme,nouns,0.5
748,mootor,machine,nouns,2.95
749,torm,vent,nouns,3.5
750,spirituaalne,désincarné,adjectives,3.9
751,tuginema,échouer,verbs,0.2
752,säästja,épargne,nouns,2.35
753,palk,bain,nouns,0.0
754,uskumus,impression,nouns,2.05
755,õpilane,enseignant,nouns,1.95
756,valik,chapitre,nouns,0.8
757,abikaasa (naine),baignoire,nouns,0.05
758,keeruline,simple,adjectives,1.25
759,teema,hashtag,nouns,3.0
760,kaabel,sorcier,nouns,0.0
761,selgroog,cou,nouns,2.15
762,modernne,ancien,adjectives,1.2
763,ilusti,élégamment,adverbs,3.7
764,film,nihilisme,nouns,0.35
765,tööstus,affaire,nouns,2.5
766,ühtne,informe,adjectives,0.8
767,ülesanne,autoroute,nouns,0.15
768,sümbol,signe,nouns,5.1
769,laenama,devoir,verbs,1.0
770,president,appareil photo,nouns,0.25
771,ootama,laisser,verbs,0.75
772,saama,acheter,verbs,1.85
773,nüüd,ici,adverbs,1.85
774,bioloogia,biotope,nouns,1.7
775,vaidlema,différer,verbs,1.4
776,kuulsus,richesse,nouns,1.8
777,hindama,évaluer,verbs,5.3
778,tagasi võtma,prendre sa retraite,verbs,0.65
779,rada,tunnel,nouns,1.5
780,relv,portable,nouns,0.1
781,kitsas,blanc,adjectives,0.15
782,vara,action,nouns,3.45
783,kuupäev,date,nouns,2.45
784,sügavalt,significativement,adverbs,3.45
785,mõtlema,essayer,verbs,0.6
786,printima,ignorer,verbs,0.1
787,õhtu,coucher de soleil,nouns,2.95
788,põhiliselt,sévèrement,adverbs,0.4
789,lõik,page,nouns,2.15
790,mees,vainqueur,nouns,0.9
791,doktor,médecin,nouns,5.4
792,leib,farine,nouns,1.9
793,sotsiobioloogia,mutant,nouns,0.6
794,tava,règle,nouns,4.05
795,haru,bras,nouns,1.15
796,kena,extraverti,adjectives,1.75
797,karusnahk,pistolet,nouns,0.35
798,trell,prison,nouns,2.15
799,põrand,porte,nouns,0.95
800,valima,élire,verbs,4.1
801,tabamus,cadre,nouns,0.35
802,pöörane,content,adjectives,0.95
803,ebaausalt,équitablement,adverbs,1.05
804,teleskoop,cogitation,nouns,0.05
805,piiskop,archevêque,nouns,4.3
806,mõtlema,décider,verbs,2.55
807,peatuma,conduire,verbs,1.05
808,udu,nuage,nouns,2.88
809,käsi,épaule,nouns,2.15
810,mitte nõustuma,être d'accord,verbs,1.1
811,lihas,bras,nouns,2.0
812,uhke,fort,adjectives,1.3
813,muutmine,altitude,nouns,0.3
814,köök,porte,nouns,0.7
815,tüssama,tricher,verbs,4.45
816,tuntud,bon,adjectives,0.95
817,kohtuma,saluer,verbs,2.1
818,suhtumine,confiance,nouns,1.55
819,võitlus,conquête,nouns,2.75
820,valima,rejeter,verbs,1.0
821,selgitama,expliquer,verbs,5.05
822,rand,rivage,nouns,4.25
823,sool,eau,nouns,1.0
824,hammustama,combattre,verbs,1.45
825,normaalselt,systématiquement,adverbs,2.8
826,heldelt,jamais,adverbs,0.15
827,vaidlema,persuader,verbs,1.45
828,kuld,zinc,nouns,1.9
829,lammas,agneau,nouns,4.4
830,küüs,tête,nouns,0.85
831,number,cytoplasme,nouns,0.05
832,torn,cloche,nouns,1.45
833,nihilism,film,nouns,0.35
834,depressioon,vallée,nouns,0.9
835,kahur,pistolet,nouns,2.75
836,portreteerima,notifier,verbs,0.8
837,kasvama,rétrécir,verbs,1.1
838,neuropsühholoogia,parapsychologie,nouns,1.95
839,paat,pont,nouns,1.15
840,ebaloomulikult,naturellement,adverbs,1.0
841,peatükk,nuit,nouns,0.15
842,vahepeal,n'importe quand,adverbs,0.95
843,jalgpall,plaisir,nouns,0.75
844,põud,eau,nouns,1.3
845,vähendama,restreindre,verbs,4.4
846,tool,télescope,nouns,0.2
847,magma,volcan,nouns,2.15
848,pagas,circumnavigation,nouns,0.95
849,pahkluu,os,nouns,2.55
850,nööp,habit,nouns,1.5
851,viha,frustration,nouns,2.95
852,hõivatud,paresseux,adjectives,0.6
853,jõukus,prestige,nouns,2.05
854,valik,élection,nouns,3.45
855,skulptuur,statue,nouns,4.95
856,ilmselge,apparent,adjectives,4.7
857,hõljuma,chanter,verbs,0.1
858,eine,dîner,nouns,3.65
859,valgus,clavier,nouns,0.2
860,ebamoraalne,illégal,adjectives,2.75
861,rõõm,tristesse,nouns,1.45
862,ekraan,phonologie,nouns,0.15
863,värske,large,adjectives,0.15
864,hävitama,sauver,verbs,0.75
865,ema,ami,nouns,1.8
866,trikk,bain,nouns,0.0
867,maks,revenu,nouns,1.45
868,summa,union,nouns,2.75
869,lihas,os,nouns,1.9
870,kissitama,éblouir,verbs,0.8
871,parim,cinquième,adjectives,0.5
872,kallutama,influencer,verbs,3.55
873,ananass,smartphone,nouns,0.05
874,sõber,invité,nouns,2.45
875,agressioon,hostilité,nouns,3.8
876,rääkima,entendre,verbs,1.3
877,katse,test,nouns,5.05
878,arst,docteur,nouns,5.4
879,kompilaator,fonction,nouns,1.45
880,kirjanik,don,nouns,0.55
881,karvapealt,exactement,adverbs,5.5
882,fakt,perspicacité,nouns,1.1
883,pall,sphère,nouns,2.25
884,kartul,beurre,nouns,1.35
885,naine,secrétaire,nouns,1.45
886,kohalolek,gagnant,nouns,0.6
887,teenijanna,auxiliaire,nouns,2.55
888,tee,voie-rapide,nouns,4.0
889,proovima,convaincre,verbs,1.2
890,vann,femme,nouns,0.05
891,magamistuba,vélo,nouns,0.1
892,värske,vieux,adjectives,0.25
893,aken,cheville,nouns,0.0
894,mõis,sculpteur,nouns,0.4
895,alamprogramm,compilateur,nouns,1.45
896,andma,permettre,verbs,1.9
897,kalender,date,nouns,2.55
898,moslem,évêque,nouns,1.25
899,jahikoer,renard,nouns,1.65
900,laisk,précieux,adjectives,0.25
901,hobune,chien,nouns,1.5
902,teadma,comprendre,verbs,3.2
903,nädalavahetus,course,nouns,0.25
904,lamp,génie,nouns,1.35
905,heidutama,frustrer,verbs,3.1
906,kohv,haricot,nouns,1.05
907,linnapea,chef,nouns,2.65
908,rüüpama,boire,verbs,4.8
909,tark,stupide,adjectives,1.2
910,küün,maison,nouns,1.95
911,aed,tuyau,nouns,1.0
912,ketas,chargeur,nouns,0.75
913,kõri,nez,nouns,1.95
914,palk,bois,nouns,3.5
915,kell,tour,nouns,1.45
916,jalg,sable,nouns,0.35
917,klaviatuur,lumière,nouns,0.2
918,torm,ouragan,nouns,3.65
919,juhtkond,souris,nouns,0.0
920,tõstma,transporter,verbs,1.7
921,sõjalaev,cuirassé,nouns,5.1
922,ebaküps,adulte,adjectives,0.9
923,sajand,liqueur,nouns,0.05
924,eitama,mentir,verbs,1.85
925,telefon,victime,nouns,0.25
926,omandama,trouver,verbs,2.2
927,raamat,accident,nouns,0.35
928,mõistma,pardonner,verbs,2.55
929,võlts,artificiel,adjectives,4.35
930,neutraalne,indécis,adjectives,2.1
931,riie,lin,nouns,2.95
932,peatükk,épisode,nouns,4.0
933,mõnikord,uniformément,adverbs,0.65
934,kallistama,câliner,verbs,4.9
935,eksootiline,rare,adjectives,4.45
936,keha,colonne vertébrale,nouns,1.9
937,ühinema,coopérer,verbs,2.3
938,ilmuma,devenir,verbs,1.05
939,oksendama,fermer,verbs,0.05
940,diivan,lit,nouns,2.95
941,osalema,arriver,verbs,0.5
942,kitsas,long,adjectives,1.3
943,surmavalt,différemment,adverbs,0.1
944,passivselt,silencieusement,adverbs,1.6
945,liha,lard,nouns,3.15
946,edu saavutama,essayer,verbs,1.85
947,teadma,donner,verbs,0.3
948,ujuma,rencontrer,verbs,0.3
949,tööline,employeur,nouns,1.75
950,imeline,génial,adjectives,4.7
951,värske,nouveau,adjectives,4.0
952,võtma,porter,verbs,1.5
953,kondensaator,diode,nouns,1.8
954,katkestama,terminer,verbs,3.05
955,maantee,voiture,nouns,1.7
956,peekon,haricot,nouns,0.9
957,sahtel,habit,nouns,1.2
958,ostma,recevoir,verbs,1.85
959,süütu,libre,adjectives,1.4
960,harva,souvent,adverbs,1.15
961,sõbralik,improbable,adverbs,0.0
962,vastupidavus,fleur,nouns,0.35
963,kihlus,bague,nouns,1.8
964,auto,rue,nouns,1.05
965,tõlge,étranger,nouns,1.3
966,katastroof,accident,nouns,4.6
967,pilvelõhkuja,palais,nouns,1.6
968,väiksevõitu,nain,adjectives,4.2
969,üdi,sang,nouns,1.85
970,siiralt,généralement,adverbs,0.7
971,süüdi,honteux,adjectives,2.5
972,räpane,bon marché,adjectives,0.8
973,räpane,étroit,adjectives,0.35
974,proovima,penser,verbs,0.6
975,pall,raquette,nouns,1.7
976,tütar,bébé,nouns,2.05
977,vallutus,bataille,nouns,2.75
978,turvaline,fastidieux,adjectives,0.45
979,arutama,expliquer,verbs,2.6
980,eraldama,attacher,verbs,0.9
981,keeruline,difficile,adjectives,5.25
982,ootamatu,fortuit,adjectives,5.55
983,roos,papillon,nouns,0.55
984,olukord,condition,nouns,4.25
985,õnnelikult,sûrement,adverbs,1.8
986,teavitama,informer,verbs,5.6
987,jahu,pain,nouns,1.9
988,lagi,toit,nouns,3.9
989,õppima,évaluer,verbs,1.1
990,muru,lame,nouns,0.35
991,loll,intelligent,adjectives,1.1
992,käekell,jupe,nouns,0.45
993,pärl,argent,nouns,1.05
994,kass,lapin,nouns,1.45
995,jätma,rencontrer,verbs,0.35
996,tagasi lükkama,élire,verbs,1.0
997,abikaasa (naine),trou,nouns,0.15
998,palk,argent,nouns,3.95
999,aktiivselt,exactement,adverbs,0.5
1000,kandma,ronger,verbs,0.75
1001,aken,porte,nouns,1.9
1002,rahvas,dollar,nouns,0.1
1003,suurus,centime,nouns,0.4
1004,raha,capital,nouns,4.05
1005,valitseja,roi,nouns,4.7
1006,vägivaldne,passif,adjectives,0.6
1007,raskus,effort,nouns,2.95
1008,pilvkate,prévision,nouns,1.0
1009,ulatus,profondeur,nouns,2.3
1010,abikaasa (naine),mari,nouns,3.55
1011,taipama,découvrir,verbs,3.15
1012,naps,siècle,nouns,0.05
1013,erinevalt,en phase terminale,adverbs,0.1
1014,saak,dieu,nouns,0.15
1015,meeter,pouce,nouns,2.35
1016,maamaja,hutte,nouns,3.35
1017,peatama,attendre,verbs,2.15
1018,kõver,agressif,adjectives,0.25
1019,klassiruum,couloir,nouns,1.05
1020,vastu võtma,recevoir,verbs,3.05
1021,puu,feuille,nouns,1.8
1022,kampaania,singe,nouns,0.1
1023,laskuma,battre en retraite,verbs,0.85
1024,varsti,immédiatement,adverbs,2.85
1025,osalema,débattre,verbs,0.65
1026,hoidma,perdre,verbs,0.95
1027,keha,sous-vêtement,nouns,1.25
1028,kirjanik,roman,nouns,1.75
1029,päike,ciel,nouns,1.95
1030,avalik,confidentiel,adjectives,0.75
1031,neuroos,esprit,nouns,1.45
1032,loobuma,renier,verbs,2.7
1033,liide,affixe,nouns,3.7
1034,võti,couronne,nouns,0.5
1035,suruma,libérer,verbs,0.4
1036,võlur,câble,nouns,0.0
1037,äsja,actuellement,adverbs,3.8
1038,sviiter,coton,nouns,1.45
1039,aken,toit,nouns,1.45
1040,peekon,viande,nouns,3.15
1041,lina,tissu,nouns,2.95
1042,planeet,lune,nouns,2.2
1043,uks,cuisine,nouns,0.7
1044,kümnend,ère,nouns,2.65
1045,kommunikatsioon,télévision,nouns,2.4
1046,arendus,collecte de fonds,nouns,1.2
1047,sirge,incurvé,adjectives,1.1
1048,vabariik,duc,nouns,0.65
1049,ema,gardien,nouns,1.45
1050,rahe,pluie,nouns,3.0
1051,vale,précis,adjectives,0.5
1052,lusikas,jus,nouns,0.8
1053,uus,frais,adjectives,4.0
1054,regioon,espace,nouns,3.1
1055,väsinud,ennuyeux,adjectives,1.55
1056,tuul,bourrasque,nouns,3.5
1057,ilmselge,perceptible,adjectives,3.5
1058,tähelepanelikult,prudemment,adverbs,3.75
1059,peatuma,prévenir,verbs,0.85
1060,järg,appareil photo,nouns,0.2
1061,tuginema,dépendre,verbs,3.35
1062,kodu,état,nouns,0.35
1063,troon,épée,nouns,0.8
1064,poiss,riz,nouns,0.1
1065,vend,père,nouns,1.95
1066,võitma,dominer,verbs,2.8
1067,suur,facile,adjectives,0.3
1068,kaotama,obtenir,verbs,0.8
1069,takso,autobus,nouns,2.35
1070,liblikas,rose,nouns,0.55
1071,konteiner,wagon,nouns,1.1
1072,ülesanne,femme,nouns,0.1
1073,tunnistama,nier,verbs,1.15
1074,kass,chien,nouns,1.95
1075,saavutama,réussir,verbs,4.2
1076,minema,envoyer,verbs,0.8
1077,lennuk,hélicoptère,nouns,2.65
1078,kaneel,bonbon,nouns,1.15
1079,buss,taxi,nouns,2.35
1080,kindlus,attitude,nouns,1.55
1081,abiline,enseignant,nouns,2.15
1082,sipelgas,abeille,nouns,1.7
1083,värav,gagnant,nouns,1.05
1084,märk,verre,nouns,0.4
1085,nõustuma,satisfaire,verbs,1.6
1086,käsi,os,nouns,1.75
1087,triumf,victoire,nouns,5.2
1088,võõrsil,à domicile,adverbs,1.25
1089,köök,salle de bain,nouns,1.9
1090,segadusse ajama,apprendre,verbs,0.8
1091,avastama,provenir,verbs,0.4
1092,advokaat,avocat,nouns,4.2
1093,pingutus,difficulté,nouns,2.95
1094,karp,cigare,nouns,0.95
1095,hankima,prendre,verbs,2.7
1096,eraldama,diviser,verbs,2.35
1097,hambad,os,nouns,2.5
1098,õlg,corps,nouns,1.6
1099,tüdruk,mec,nouns,1.55
1100,torm,nuage,nouns,1.7
1101,rivi,liste,nouns,2.35
1102,varastama,donner,verbs,0.85
1103,järgima,persuader,verbs,0.5
1104,naljakas,sérieux,adjectives,1.3
1105,heidutama,contrarier,verbs,2.0
1106,nina,bouche,nouns,1.95
1107,kalju,queue,nouns,0.05
1108,alumiinium,étain,nouns,2.0
1109,lugu,chanson,nouns,2.4
1110,purustamine,construction,nouns,1.5
1111,tragöödia,mort,nouns,2.6
1112,iste,banque,nouns,1.15
1113,seletama,clarifier,verbs,5.05
1114,sisalik,gouvernement,nouns,0.0
1115,säär,bras,nouns,2.25
1116,klooster,douche,nouns,0.2
1117,panema,obtenir,verbs,0.35
1118,sõber,copain,nouns,5.2
1119,harima,enseigner,verbs,4.85
1120,ümbris,port,nouns,0.45
1121,mahl,cuillère,nouns,0.8
1122,töötaja,employeur,nouns,2.15
1123,keskmine,ordinaire,adjectives,3.05
1124,usaldusväärselt,passivement,adverbs,0.55
1125,mees,guerrier,nouns,2.05
1126,reaalsus,fantastique,nouns,1.4
1127,kael,bras,nouns,1.5
1128,ära tõukama,renoncer,verbs,2.7
1129,kaval,dur,adjectives,0.65
1130,nõustuma,être en désaccord,verbs,1.1
1131,lahkuma,arriver,verbs,0.6
1132,sent,taille,nouns,0.4
1133,ülbe,fier,adjectives,3.85
1134,häbenev,coupable,adjectives,2.5
1135,määrama,évacuer,verbs,0.25
1136,imelik,étrange,adjectives,5.8
1137,sõrmus,fiançailles,nouns,1.8
1138,mõtlema,se renseigner,verbs,1.0
1139,kast,cabine,nouns,1.55
1140,puus,lèvre,nouns,0.85
1141,hiir,réceptacle,nouns,0.25
1142,pärast,avant,adverbs,1.25
1143,magus,électrique,adjectives,0.3
1144,palk,bois,nouns,3.1
1145,mehed,fraternité,nouns,1.45
1146,saama,donner,verbs,1.15
1147,iidne,moderne,adjectives,1.2
1148,periood,semestre,nouns,3.85
1149,sularaha,argent,nouns,4.2
1150,kaduma,trouver,verbs,0.55
1151,allikas,geyser,nouns,3.75
1152,elevant,boussole,nouns,0.55
1153,märkima,critiquer,verbs,1.9
1154,kana,riz,nouns,1.1
1155,korporatsioon,base-ball,nouns,0.3
1156,anarhia,chaos,nouns,3.7
1157,veider,ordinaire,adjectives,1.2
1158,uhke,triste,adjectives,0.65
1159,hüppamine,barres,nouns,1.5
1160,magamistuba,salle de bain,nouns,2.0
1161,lõimima,bouger,verbs,0.35
1162,põhi,côté,nouns,1.7
1163,umbes,évidemment,adverbs,0.55
1164,viha,fureur,nouns,5.1
1165,telefon,cabine,nouns,1.35
1166,vagun,récipient,nouns,1.1
1167,tank,voiture,nouns,1.2
1168,andma,mettre,verbs,1.2
1169,ajastu,décennie,nouns,2.65
1170,oluline,nécessaire,adjectives,4.8
1171,vihm,bruine,nouns,4.35
1172,teadma,oublier,verbs,1.0
1173,ründama,blesser,verbs,2.5
1174,rahutu,apeuré,adjectives,2.95
1175,vaidlema,assister,verbs,0.65
1176,kaart,carré,nouns,0.65
1177,pilv,lac,nouns,0.6
1178,ebaselge,vague,adjectives,4.9
1179,värav,porte,nouns,4.05
1180,lagunema,mourir,verbs,2.65
1181,jumal,proie,nouns,0.15
1182,raamat,dissertation,nouns,1.4
1183,laenama,donner,verbs,2.8
1184,keel,soleil couchant,nouns,0.05
1185,trikk,jeu,nouns,2.05
1186,pisar,œil,nouns,1.6
1187,naps,vin,nouns,2.45
1188,mahl,pomme,nouns,2.0
1189,lahingulaev,croiseur,nouns,5.1
1190,paberraha,paiement,nouns,2.05
1191,puit,couverture,nouns,0.2
1192,koostööd tegema,participer,verbs,3.35
1193,eestkostja,adulte,nouns,2.6
1194,saavutama,essayer,verbs,1.25
1195,uks,présence,nouns,0.35
1196,võitja,homme,nouns,0.9
1197,keel,gorge,nouns,1.8
1198,imetlema,adorer,verbs,4.45
1199,võmm,copilote,nouns,0.55
1200,pilv,météo,nouns,2.0
1201,tõstma,boire,verbs,0.45
1202,tekk,souris,nouns,0.2
1203,kallis,timide,adjectives,0.15
1204,naerma,pouffer,verbs,4.55
1205,ökosüsteem,économie,nouns,1.35
1206,teadlane,infirmier,nouns,0.8
1207,näljane,fatigué,adjectives,1.5
1208,lõpetama,ajourner,verbs,3.05
1209,andestama,comprendre,verbs,2.55
1210,koostama,faire,verbs,3.55
1211,mõjutama,incliner,verbs,3.55
1212,koor,église,nouns,2.15
1213,maks,organe,nouns,2.75
1214,ütlema,vérifier,verbs,1.5
1215,bioloog,microscope,nouns,1.65
1216,üle kuhjama,étouffer,verbs,2.4
1217,tekk,bois,nouns,0.2
1218,seltskondlik,agréable,adjectives,1.75
1219,kauss,ruelle,nouns,0.0
1220,kurbus,honte,nouns,1.8
1221,paindlik,modeste,adjectives,0.55
1222,ära ütlema,refuser,verbs,5.35
1223,pealik,maire,nouns,2.65
1224,täpne,faux,adjectives,0.5
1225,uskuma,savoir,verbs,2.5
1226,kartmatu,fier,adjectives,2.15
1227,veiseliha,viande,nouns,3.3
1228,seersant,pistolet,nouns,1.0
1229,näitleja,polyèdre,nouns,0.15
1230,kana,oiseau,nouns,2.5
1231,ulatus,taille,nouns,3.75
1232,õnnetus,catastrophe,nouns,4.6
1233,lehm,chèvre,nouns,1.85
1234,pühak,pécheur,nouns,1.25
1235,praegu,délicatement,adverbs,0.35
1236,kerge,gros,adjectives,0.3
1237,heameelt tegema,être d'accord,verbs,1.6
1238,sein,décoration,nouns,1.45
1239,lahkuma,entrer,verbs,0.45
1240,puhas,impeccable,adjectives,4.85
1241,tekk,lit,nouns,1.8
1242,tänav,ruelle,nouns,4.35
1243,õli,vison,nouns,0.3
1244,kuninganna,abeille,nouns,1.45
1245,surema,se désintégrer,verbs,2.65
1246,teksad,femme,nouns,0.2
1247,raha,perle,nouns,1.05
1248,niit,pâturage,nouns,4.55
1249,pööraselt,tristement,adverbs,0.65
1250,tõenäoliselt,positivement,adverbs,1.15
1251,surm,tragédie,nouns,2.6
1252,operatsioon,coeur,nouns,1.2
1253,korter,hôtel,nouns,1.85
1254,otsustama,représenter,verbs,0.95
1255,korraldama,nécessiter,verbs,0.55
1256,lihtne,facile,adjectives,4.95
1257,lõvi,chat,nouns,2.35
1258,lennundus,vol,nouns,2.3
1259,seisund,garçon,nouns,0.1
1260,pärinema,découvrir,verbs,0.4
1261,negatiivne,jamais,adjectives,1.25
1262,oluliselt,sérieusement,adverbs,2.1
1263,karusnahk,femme,nouns,0.45
1264,otsekohe,autrefois,adverbs,0.7
1265,kahtlusalune,homme,nouns,1.2
1266,rannik,rive,nouns,4.2
1267,arvamus,préjugé,nouns,3.35
1268,lugu,crayon,nouns,0.45
1269,vana,mixte,adjectives,0.15
1270,mees,enfant,nouns,1.85
1271,täht,intensité,nouns,1.35
1272,hirmus,mal,adjectives,2.55
1273,päev,nuit,nouns,1.75
1274,kukkuma,blesser,verbs,1.55
1275,leib,fromage,nouns,1.75
1276,lämmatama,brûler,verbs,0.55
1277,viisakalt,discrètement,adverbs,2.9
1278,biotoop,biologie,nouns,1.7
1279,keemia,théorie,nouns,1.3
1280,pilv,brume,nouns,3.05
1281,jalgratas,voiture,nouns,1.65
1282,leht,arbre,nouns,1.8
1283,hiir,pont,nouns,0.2
1284,delta,mer,nouns,1.7
1285,biheiviorism,thérapie,nouns,1.65
1286,muru,racine,nouns,1.85
1287,pahkluu,fenêtre,nouns,0.0
1288,piin,chagrin,nouns,2.2
1289,autopasun,voiture,nouns,1.45
1290,lahkuma,errer,verbs,0.65
1291,veendunud,sûr,adjectives,5.45
1292,edendama,promouvoir,verbs,2.8
1293,režissöör,cinématographie,nouns,1.9
1294,amet,lycée,nouns,0.95
1295,veenma,débattre,verbs,2.8
1296,tulemus,niveau,nouns,2.25
1297,pidu,gens,nouns,1.05
1298,laager,chalet,nouns,1.25
1299,korratu,organisé,verbs,1.2
1300,alumiinium,métal,nouns,3.0
1301,mutant,sociobiologie,nouns,0.6
1302,kannatused,désespoir,nouns,3.1
1303,tööandja,employé,nouns,2.15
1304,galaktika,astronome,nouns,1.55
1305,vastu võtma,décliner,verbs,1.25
1306,kriket,supporter,nouns,0.35
1307,mägi,corniche,nouns,1.55
1308,pink,chaise,nouns,3.75
1309,kehatu,spirituel,adjectives,3.9
1310,kohane,formel,adjectives,1.1
1311,voodi,pièce,nouns,0.9
1312,hämmastav,sale,adjectives,0.6
1313,vihkama,apprécier,verbs,0.85
1314,tegu,cours,nouns,1.95
1315,toetaja,criquet,nouns,0.35
1316,liikumine,activité,nouns,3.2
1317,vihmavari,calibre,nouns,0.1
1318,puhkus,calendrier,nouns,1.7
1319,teater,film,nouns,1.8
1320,komm,pomme,nouns,1.25
1321,päästma,noyer,verbs,1.15
1322,või,pomme de terre,nouns,1.35
1323,imepisike,énorme,adjectives,1.1
1324,lämmatama,submerger,verbs,2.4
1325,siiralt,honnêtement,adverbs,5.5
1326,kaisutama,étreindre,verbs,4.9
1327,suur,énorme,adjectives,4.15
1328,küsima,mendier,verbs,3.45
1329,sultan,ministère,nouns,0.6
1330,rahulikult,subtilement,adverbs,1.8
1331,toll,mètre,nouns,2.35
1332,rändama,errer,verbs,3.05
1333,hoidma,emprunter,verbs,1.2
1334,tagasihoidlik,pur,adjectives,1.35
1335,voolik,voiture,nouns,0.3
1336,õnnetus,registre,nouns,0.35
1337,meenutama,vendre,verbs,0.2
1338,etendus,mathématicien,nouns,0.15
1339,sidrun,pomme,nouns,1.8
1340,partner,garçon,nouns,1.95
1341,eitama,éviter,verbs,1.8
1342,meeleheide,misère,nouns,3.1
1343,joonistus,émeute,nouns,0.2
1344,õnneseen,honteux,adjectives,0.45
1345,vormimata,uniforme,adjectives,0.8
1346,küngas,falaise,nouns,2.45
1347,purjus,sobre,adjectives,1.2
1348,tekk,tempête,nouns,0.3
1349,äri,entreprise,nouns,3.95
1350,noor,heureux,adjectives,0.75
1351,piparmünt,gomme,nouns,0.9
1352,lai,étroit,adjectives,1.15
1353,org,canyon,nouns,3.95
1354,doktor,professeur,nouns,2.85
1355,suurus,magnitude,nouns,3.75
1356,lõpmatus,zéro,nouns,1.55
1357,mahl,lait,nouns,1.65
1358,ettenägematu,imprévu,adjectives,5.55
1359,assisteerima,aider,verbs,5.05
1360,iga,beauté,nouns,1.0
1361,domineerima,gagner,verbs,2.8
1362,närviline,effrayé,adjectives,1.9
1363,juust,pain,nouns,1.75
1364,õhtusöök,repas,nouns,3.65
1365,ilmuma,assister,verbs,1.35
1366,petersell,muffin,nouns,0.5
1367,mood,style,nouns,4.3
1368,kulm,œil,nouns,2.0
1369,pisik,pathogène,nouns,3.85
1370,vaenulikkus,agression,nouns,3.8
1371,diood,condensateur,nouns,1.8
1372,tagasi lükkama,éviter,verbs,2.15
1373,karp,électricité,nouns,0.85
1374,edu saavutama,atteindre,verbs,4.2
1375,unustama,rappeler,verbs,1.1
1376,märgatav,évident,adjectives,3.5
1377,karjuma,débattre,verbs,1.55
1378,austus,honneur,nouns,3.2
1379,põsk,langue,nouns,1.5
1380,hirmutama,hanter,verbs,3.1
1381,nüri,ennuyé,adjectives,1.65
1382,sihtima,frapper,verbs,2.4
1383,esik,corridor,nouns,4.8
1384,ilmselgelt,localement,adverbs,0.2
1385,ukseava,porte,nouns,3.05
1386,naine,épouse,nouns,4.15
1387,aru saama,savoir,verbs,3.2
1388,maja,clé,nouns,1.25
1389,pilv,tempête,nouns,1.7
1390,tool,lit,nouns,1.5
1391,merevägi,armée,nouns,3.25
1392,surmavalt,principalement,adverbs,0.0
1393,kast,source,nouns,0.0
1394,ühiskond,culture,nouns,2.9
1395,mööbel,appartement,nouns,1.55
1396,peenike,étroit,adjectives,2.7
1397,ootama,s'arrêter,verbs,2.15
1398,passiivselt,sérieusement,adverbs,0.55
1399,õpetaja,étudiant,nouns,1.95
1400,tõestama,débattre,verbs,2.35
1401,gravitatsioon,météore,nouns,1.1
1402,harva,d'habitude,adverbs,1.15
1403,pagema,s'échapper,verbs,5.6
1404,ameerika jalgpall,football américain,nouns,3.55
1405,plekitu,propre,adjectives,4.85
1406,põiktänav,rue,nouns,4.35
1407,ilus,merveilleux,adjectives,3.95
1408,rahumeelselt,fièrement,adverbs,0.8
1409,klaver,harmonie,nouns,1.6
1410,kerge,rigide,adjectives,0.25
1411,tüütu,sûr,adjectives,0.45
1412,pehmelt,fermement,adverbs,1.0
1413,kannatamatu,inquiet,adjectives,3.05
1414,sassis,laid,adjectives,1.05
1415,puit,papier,nouns,2.05
1416,vaikselt,passivement,adverbs,1.6
1417,šerif,flic,nouns,3.75
1418,menüü,commande,nouns,1.75
1419,paat,moteur,nouns,1.2
1420,andma,savoir,verbs,0.3
1421,tõend,fait,nouns,3.55
1422,organiseerima,devenir,verbs,0.5
1423,võtma,livrer,verbs,0.8
1424,varastama,acheter,verbs,1.1
1425,igapäevaselt,normalement,adverbs,2.95
1426,andma,voler,verbs,0.85
1427,statistika,tennis,nouns,0.45
1428,soovitama,accepter,verbs,0.75
1429,tuli,apocalypse,nouns,1.25
1430,korv,ballon,nouns,1.05
1431,uks,fraternité,nouns,0.15
1432,koidik,pistolet,nouns,0.1
1433,veresoon,veine,nouns,4.3
1434,suhkruroog,moissonneuse-batteuse,nouns,0.75
1435,erinevalt,curieusement,adverbs,1.9
1436,õpetama,éduquer,verbs,4.85
1437,närv,corps,nouns,1.15
1438,suund,estomac,nouns,0.15
1439,kiusama,blesser,verbs,2.4
1440,parapsühholoogia,neuropsychologie,nouns,1.95
1441,sportlane,coureur,nouns,3.25
1442,saama,prendre,verbs,2.2
1443,tass,cuillère,nouns,1.55
1444,anatoomia,biologie,nouns,2.7
1445,kelder,porte,nouns,1.1
1446,vein,alcool,nouns,3.0
1447,rakendus,galaxie,nouns,0.2
1448,targalt,mûrement,adverbs,3.7
1449,oht,maladie,nouns,1.05
1450,tihedalt,incroyablement,adverbs,0.4
1451,uks,ouverture,nouns,3.05
1452,tütar,gamin,nouns,1.55
1453,sõnaraamat,définition,nouns,2.45
1454,minema,vendre,verbs,0.35
1455,hauakamber,réinhumation,nouns,1.65
1456,haavatav,facile,adjectives,0.75
1457,uks,couloir,nouns,1.8
1458,põnevil,effrayé,adjectives,1.75
1459,hindama,apprendre,verbs,1.1
1460,peatuma,siffler,verbs,0.4
1461,kärbes,fourmi,nouns,2.0
1462,täiskasvanu,parent,nouns,3.55
1463,naerma,crier,verbs,1.5
1464,nuga,pistolet,nouns,2.7
1465,emaplaat,carte graphique,nouns,3.55
1466,trumm,guitare,nouns,1.9
1467,galerii,avocat,nouns,0.05
1468,uskumus,fleur,nouns,0.05
1469,avastama,ignorer,verbs,0.35
1470,heameelt tegema,divertir,verbs,1.85
1471,nisu,céréale,nouns,3.6
1472,poiss,frère,nouns,2.3
1473,kahur,ballon,nouns,1.15
1474,koridor,porte,nouns,1.8
1475,voodi,meuble,nouns,2.6
1476,tolmendamine,étamine,nouns,2.1
1477,prohvet,prêtre,nouns,2.0
1478,matma,mourir,verbs,1.55
1479,ettevaatlikult,soigneusement,adverbs,3.75
1480,riie,vêtement,nouns,2.65
1481,jääma,partir,verbs,1.1
1482,normaalne,bizarre,adjectives,1.2
1483,õnnetus,urgence,nouns,3.45
1484,deemon,monstre,nouns,4.2
1485,definitisioon,dictionnaire,nouns,2.45
1486,imelikult,différemment,adverbs,1.9
1487,mõtlema,se souvenir,verbs,2.6
1488,väärima,gagner,verbs,2.6
1489,väärtus,croyance,nouns,2.5
1490,säilitama,oublier,verbs,1.05
1491,tahtma,emprunter,verbs,0.8
1492,ehitama,créer,verbs,4.25
1493,lugeja,auteur,nouns,1.65
1494,juhtkond,emploi,nouns,1.85
1495,tekk,sol,nouns,1.85
1496,ebakindel,effrayé,adjectives,1.8
1497,tabama,viser,verbs,2.4
1498,pöörane,insensé,adjectives,5.3
1499,laulma,rire,verbs,1.15
1500,kerge,simple,adjectives,4.95
1501,saatma,assister,verbs,0.6
1502,unistus,ciel,nouns,0.8
1503,motell,auberge,nouns,4.15
1504,bänd,alcool,nouns,0.45
1505,aritmeetika,rythme,nouns,0.75
1506,suurus,astuce,nouns,0.05
1507,kohane,poli,adjectives,2.95
1508,voolik,jardin,nouns,1.0
1509,tekk,bateau,nouns,1.15
1510,vastupidavus,groupe,nouns,0.25
1511,patrull,armée,nouns,1.9
1512,veri,corps,nouns,1.85
1513,ots,chapitre,nouns,0.05
1514,välja vihastama,agresser,verbs,1.3
1515,rahvuslik,gros,adjectives,0.6
1516,süntaks,mot-clé,nouns,1.15
1517,geiser,source,nouns,3.75
1518,ideaalselt,mécaniquement,adverbs,0.35
1519,valik,prison,nouns,0.35
1520,kaitsma,défendre,verbs,5.05
1521,tavaline,incroyable,adjectives,0.95
1522,mesilane,reine,nouns,1.45
1523,saatma,apporter,verbs,1.35
1524,solvama,offenser,verbs,3.9
1525,peekon,petit déjeuner,nouns,1.2
1526,kabel,câble,nouns,0.05
1527,rahulikult,fermement,adverbs,0.8
1528,veenma,se disputer,verbs,1.45
1529,ehmunud,enthousiasmé,adjectives,1.75
1530,homofoon,photophone,nouns,0.35
1531,kaotama,soustraire,verbs,1.75
1532,peen,mature,adjectives,1.3
1533,hiiglasuur,grand,adjectives,4.15
1534,tugevalt,calmement,adverbs,0.8
1535,osuti,transparent,nouns,0.15
1536,tänav,voiture,nouns,1.05
1537,tavaline,froid,adjectives,0.4
1538,ohutu,légal,adjectives,2.1
1539,ebaviisakas,bruyant,adjectives,1.7
1540,poeg,père,nouns,2.25
1541,puuvijaaed,autruche,nouns,0.05
1542,kuu,planète,nouns,2.2
1543,inimene,animal,nouns,1.5
1544,elektriline,doux,adjectives,0.3
1545,automobiil,voiture,nouns,5.5
1546,andma,désavouer,verbs,0.25
1547,mikroskoop,biologiste,nouns,1.65
1548,instrument,violon,nouns,2.9
1549,õnnelik,fâché,adjectives,0.85
1550,loom,bête,nouns,5.15
1551,religioon,laïc,nouns,1.85
1552,õppima,confondre,verbs,0.8
1553,korjandus,développement,nouns,1.2
1554,eelarvamus,opinion,nouns,3.35
1555,keha,bras,nouns,1.7
1556,selgelt,certainement,adverbs,3.2
1557,ettevaatlikult,dangereusement,adverbs,0.6
1558,juhtkang,radar,nouns,0.3
1559,alkohol,whisky,nouns,2.95
1560,molekul,air,nouns,1.5
1561,lammutama,fracasser,verbs,4.55
1562,rumal,idiot,adjectives,5.5
1563,legend,morale,nouns,1.25
1564,tagasi lükkama,accepter,verbs,1.2
1565,kaklema,tuer,verbs,1.55
1566,kõrs,tâche,nouns,0.1
1567,kallis,paresseux,adjectives,0.25
1568,rikkuma,sentir,verbs,0.1
1569,naarits,fourrure,nouns,3.55
1570,hammustama,lire,verbs,0.1
1571,kristlane,protestant,nouns,3.45
1572,kuu,août,nouns,2.55
1573,odav,sale,adjectives,0.8
1574,nurk,surface,nouns,0.8
1575,valjult,subtilement,adverbs,0.65
1576,suund,action,nouns,1.95
1577,kerge,vulnérable,adjectives,0.75
1578,ärritunud,honteux,adjectives,0.75
1579,laine,météo,nouns,0.65
1580,luud,poussière,nouns,1.55
1581,kivi,bois,nouns,1.45
1582,välja tõstma,quitter,verbs,1.4
1583,lind,dinde,nouns,2.95
1584,kuju,sculpture,nouns,4.95
1585,eksam,programme,nouns,1.5
1586,kena,cruel,adjectives,0.55
1587,tunnistama,notifier,verbs,1.3
1588,pakk,camion,nouns,0.75
1589,reaalsus,illusion,nouns,1.65
1590,süda,chirurgie,nouns,1.2
1591,täiskasvanud,immature,adjectives,0.9
1592,artikkel,manuscrit,nouns,2.05
1593,valvur,homme,nouns,2.0
1594,konseptsioon,croyance,nouns,2.4
1595,rahvas,pistolet,nouns,0.25
1596,näitlejanna,acteur,nouns,4.7
1597,loll,idiot,adjectives,5.35
1598,kokkulangevus,cours,nouns,0.7
1599,härg,cheval,nouns,1.85
1600,saba,bol,nouns,0.05
1601,hoomama,lire,verbs,1.05
1602,rumal,stupide,adjectives,5.35
1603,kõht,chambre,nouns,0.15
1604,kriitiline,grossier,adjectives,0.95
1605,tooma,se plaindre,verbs,0.15
1606,kerge,difficile,adjectives,1.15
1607,hea,connu,adjectives,0.95
1608,säravalt,légèrement,adverbs,0.6
1609,käsivars,jambe,nouns,2.25
1610,voolama,dériver,verbs,2.05
1611,õhk,molécule,nouns,1.5
1612,heelium,air,nouns,2.1
1613,linnapea,président,nouns,2.05
1614,nutitelefon,ananas,nouns,0.05
1615,haiget tegema,attaque,verbs,2.5
1616,ühendama,attacher,verbs,3.8
1617,kange,facile,adjectives,0.25
1618,valuuta,concours,nouns,0.7
1619,eelarvamus,chauvin,nouns,0.85
1620,nurk,courbe,nouns,2.05
1621,teekond,promenade,nouns,4.3
1622,imperaator,constitution,nouns,1.0
1623,putka,boîte,nouns,1.55
1624,kool,droit,nouns,1.05
1625,lõpetama,résoudre,verbs,3.2
1626,segadus,hystérie,nouns,2.55
1627,skulptor,château,nouns,0.4
1628,privaatne,public,adjectives,1.6
1629,ebaviisakas,agressif,adjectives,2.45
1630,sammal,herbe,nouns,2.25
1631,kaer,champ,nouns,1.75
1632,vähetähtis,important,adjectives,1.0
1633,sipelgas,mouche,nouns,2.0
1634,auto,pont,nouns,0.6
1635,maatriks,molécule,nouns,0.55
1636,ülesanne,paille,nouns,0.1
1637,essee,livre,nouns,1.4
1638,haistma,gâcher,verbs,0.1
1639,proovima,réussir,verbs,1.85
1640,emotsioon,humeur,nouns,3.8
1641,nõudma,arguer,verbs,1.7
1642,sajand,année,nouns,2.2
1643,kirik,cathédrale,nouns,4.45
1644,hävitama,créer,verbs,1.05
1645,heegeldus,uniforme,nouns,0.25
1646,kaduma,se dissiper,verbs,5.3
1647,jäädvustama,imiter,verbs,0.7
1648,radiaator,capteur,nouns,0.6
1649,õde,scientifique,nouns,0.8
1650,peatükk,queue,nouns,0.05
1651,valjult,follement,adverbs,2.45
1652,pikk,étroit,adjectives,1.3
1653,põlgama,haïr,verbs,4.4
1654,haavatav,impuissant,adjectives,3.65
1655,auto,klaxon,nouns,1.45
1656,compass,éléphant,nouns,0.55
1657,ärritama,deviner,verbs,0.35
1658,kokku põrkama,emboutir,verbs,3.4
1659,täielikult,légèrement,adverbs,1.45
1660,nutma,sangloter,verbs,2.85
1661,tooma,restaurer,verbs,0.2
1662,vannituba,chambre à coucher,nouns,2.0
1663,kaklema,jouer,verbs,1.05
1664,oponent,adversaire,nouns,5.6
1665,häbi,chagrin,nouns,1.8
1666,stiil,mode,nouns,4.3
1667,otsima,chasser,verbs,2.1
1668,tipp,côté,nouns,1.5
1669,kaebama,apporter,verbs,0.15
1670,ülesanne,travail,nouns,3.95
1671,dieet,salade,nouns,1.3
1672,liikuma,tisser,verbs,0.35
1673,osalema,rassembler,verbs,1.15
1674,kurvalt,émotionnellement,adverbs,2.05
1675,vahekäik,entrée,nouns,1.4
1676,suurepärane,mal,adjectives,0.45
1677,teesklema,représenter,verbs,0.7
1678,surm,catastrophe,nouns,2.15
1679,kummaline,ordinaire,adjectives,1.15
1680,mõistma,écouter,verbs,2.0
1681,püüdma,saisir,verbs,0.4
1682,videvik,soir,nouns,4.3
1683,keskpärane,ennuyeux,adjectives,2.9
1684,sõber,mère,nouns,1.8
1685,hirmunud,nerveux,adjectives,1.9
1686,hulktahukas,acteur,nouns,0.15
1687,tapma,défendre,verbs,0.95
1688,leidma,échapper,verbs,0.5
1689,avastama,comprendre,verbs,3.15
1690,kõht,corps,nouns,2.3
1691,paat,ancre,nouns,1.65
1692,tegema,construire,verbs,3.55
1693,uitama,chercher,verbs,1.95
1694,kurat,dieu,nouns,1.85
1695,vürtsine,faible,adjectives,0.1
1696,tapma,se battre,verbs,1.55
1697,kirik,chœur,nouns,2.15
1698,rass,week-end,nouns,0.25
1699,kõht,veine,nouns,0.8
1700,kalender,vacances,nouns,1.7
1701,tõene,malhonnête,adjectives,0.8
1702,kaos,classe,nouns,0.3
1703,tegevus,mouvement,nouns,3.2
1704,heaks kiitma,permettre,verbs,3.65
1705,kokpit,copilote,nouns,1.45
1706,ankur,bateau,nouns,1.65
1707,mees,sentinelle,nouns,2.0
1708,abitu,vulnérable,adjectives,3.65
1709,kergelt,approximativement,adverbs,0.7
1710,tähendusrikkalt,spécialement,adverbs,1.85
1711,mootor,bateau,nouns,1.2
1712,õpetaja,assistant,nouns,2.15
1713,arheoloogia,anthropologie,nouns,2.1
1714,vilistama,arrêter,verbs,0.4
1715,õppima,oublier,verbs,1.0
1716,näitleja,chanteur,nouns,2.35
1717,õpetaja,ami,nouns,1.3
1718,allikas,boîte,nouns,0.0
1719,positiivselt,probablement,adverbs,1.15
1720,vannituba,cuisine,nouns,1.9
1721,pikk,court,adjectives,1.15
1722,sigar,boîte,nouns,0.95
1723,šovinist,préjudice,nouns,0.85
1724,lööma,punir,verbs,2.4
1725,näitleja,actrice,nouns,4.7
1726,apelsin,agrume,nouns,3.85
1727,regulaarselt,parfois,adverbs,2.1
1728,tuba,lit,nouns,0.9
1729,mehaaniliselt,idéalement,adverbs,0.35
1730,kuulma,parler,verbs,1.3
1731,vaene,fier,adjectives,0.6
1732,tihe,difficile,adjectives,2.1
1733,põiktänav,bol,nouns,0.0
1734,kuluma,permettre,verbs,0.25
1735,kohalolek,porte,nouns,0.35
1736,ball,costume,nouns,1.65
1737,vajalik,inutile,adjectives,1.1
1738,legaalne,sûr,adjectives,2.1
1739,tähendusrikkalt,profondément,adverbs,3.45
1740,uhke,pauvre,adjectives,0.6
1741,õrnalt,doucement,adverbs,3.0
1742,printsess,île,nouns,0.25
1743,relv,gens,nouns,0.25
1744,tavaliselt,rarement,adverbs,1.15
1745,põhi,sud,nouns,1.9
1746,kroonimine,eau,nouns,0.35
1747,tsitrus,orange,nouns,3.85
1748,vann,journal,nouns,0.0
1749,märkmik,pistolet,nouns,0.1
1750,kõri,langue,nouns,1.8
1751,satiir,mythe,nouns,1.5
1752,liit,somme,nouns,2.75
1753,film,théâtre,nouns,1.8
1754,vargus,criminalité,nouns,2.95
1755,halb,coupable,adjectives,2.05
1756,eraldama,partir,verbs,1.2
1757,säilitama,garder,verbs,4.55
1758,peenike,mince,adjectives,5.35
1759,hertsog,république,nouns,0.65
1760,veen,estomac,nouns,0.8
1761,kaamera,suite,nouns,0.2
1762,segama,cuisiner,verbs,1.6
1763,julm,dur,adjectives,3.6
1764,väärtuslik,spécial,adjectives,3.15
1765,saar,marine,nouns,0.85
1766,laenama,supplier,verbs,1.45
1767,laulja,acteur,nouns,2.35
1768,veen,choix,nouns,0.3
1769,peatükk,choix,nouns,0.8
1770,õudne,mal,adjectives,3.35
1771,mitte kunagi,négatif,adjectives,1.25
1772,dinosaurus,éléphant,nouns,1.25
1773,imenduma,posséder,verbs,0.95
1774,sõber,professeur,nouns,1.3
1775,tulema,arriver,verbs,4.5
1776,viha,humeur,nouns,2.7
1777,udu,pluie,nouns,2.95
1778,sild,carte,nouns,0.4
1779,kitsas,vaste,adjectives,0.7
1780,algama,aller,verbs,0.95
1781,rahutu,impatient,adjectives,3.05
1782,lagi,sol,nouns,1.65
1783,abieluväline,tabou,adjectives,1.45
1784,seletama,discuter,verbs,2.6
1785,jalgratas,chambre à coucher,nouns,0.1
1786,lambatall,mouton,nouns,4.4
1787,välistama,lutter,verbs,0.4
1788,keegel,lanceur,nouns,1.55
1789,kiirustama,se ruer,verbs,4.85
1790,arvamus,croyance,nouns,3.85
1791,sisehõõrdumine,éclaboussure,nouns,0.4
1792,vähendama,mouiller,verbs,0.3
1793,panema,donner,verbs,1.2
1794,trikk,taille,nouns,0.05
1795,soolikas,nerf,nouns,1.0
1796,sõdur,garçon,nouns,1.3
1797,klaaspurk,bouteille,nouns,2.8
1798,närv,intestin,nouns,1.0
1799,ebaregulaarselt,généralement,adverbs,0.9
1800,tsoon,surface,nouns,4.15
1801,sent,personne,nouns,0.1
1802,aktsepteerima,être d'accord,verbs,4.5
1803,sügavus,magnitude,nouns,2.3
1804,raamat,sujet,nouns,1.15
1805,saar,princesse,nouns,0.25
1806,tööandja,ouvrier,nouns,1.75
1807,raha,liquide,nouns,4.2
1808,uppuma,sauver,verbs,1.15
1809,võileib,viande,nouns,1.45
1810,süüa tegema,mélanger,verbs,1.6
1811,müüma,emprunter,verbs,0.9
1812,vildakas,incurvé,adjectives,5.25
1813,asteroid,étoile,nouns,2.7
1814,kauss,queue,nouns,0.05
1815,hambaarst,colonel,nouns,0.3
1816,tuba,bain,nouns,1.1
1817,umbes,facilement,adverbs,0.7
1818,tugevus,aptitude,nouns,3.2
1819,kutt,tombeur,nouns,1.75
1820,tüdinud,terne,adjectives,1.65
1821,lõpetama,commencer,verbs,1.1
1822,marginaalselt,grossièrement,adverbs,1.1
1823,teema,livre,nouns,1.1
1824,käepide,protéine,nouns,0.1
1825,haigutama,réveiller,verbs,1.2
1826,umbes,fiablement,adverbs,0.6
1827,veri,moelle,nouns,1.85
1828,vihmavari,radiateur,nouns,0.3
1829,omama,prendre,verbs,2.4
1830,eine,taille,nouns,0.3
1831,torm,neige,nouns,2.25
1832,muuseum,menthe,nouns,0.0
1833,viisakas,bon,adjectives,2.95
1834,lärm,raquette,nouns,0.6
1835,aken,nuage,nouns,0.55
1836,ihaldama,vouloir,verbs,5.15
1837,hotell,appartement,nouns,1.85
1838,taevas,rêve,nouns,0.8
1839,kinnitama,justifier,verbs,2.15
1840,taim,agriculture,nouns,1.65
1841,naps,groupe,nouns,0.45
1842,süsteem,faute,nouns,0.5
1843,õun,jus,nouns,2.0
1844,loll,rare,adjectives,0.15
1845,püüdma,terminer,verbs,0.6
1846,mesi,sucre,nouns,2.45
1847,imiteerima,capturer,verbs,0.7
1848,süüdi,honnête,adjectives,1.0
1849,meel,névrose,nouns,1.45
1850,hape,base,nouns,1.65
1851,papp,papier,nouns,3.45
1852,heameelt tegema,plaider,verbs,0.25
1853,ühinema,acquérir,verbs,0.85
1854,süüdi,mal,adjectives,2.05
1855,laiendama,croître,verbs,3.9
1856,pööraselt,fortement,adverbs,2.45
1857,võõramaalane,extraterrestre,nouns,2.8
1858,tilkuma,verser,verbs,1.35
1859,stsenarist,télévision,nouns,1.45
1860,mulje,croyance,nouns,2.05
1861,tööline,bureau,nouns,0.8
1862,aus,coupable,adjectives,1.0
1863,palavik,grippe,nouns,2.8
1864,programm,alimentation,nouns,0.7
1865,deemant,argent,nouns,1.8
1866,printsess,mariée,nouns,1.95
1867,igapäevane,ordinaire,adjectives,5.35
1868,enamasti,profondément,adverbs,0.9
1869,sõitma,arrêter,verbs,1.05
1870,tööriist,emploi,nouns,1.05
1871,mull,mousse,nouns,2.5
1872,kaetud,vêtu,adjectives,4.1
1873,aastaeg,hiver,nouns,3.25
1874,pudel,pot,nouns,2.8
1875,lend,aviation,nouns,2.3
1876,treener,joueur,nouns,2.0
1877,paindlik,grand,adjectives,0.35
1878,telliskivi,mur,nouns,1.7
1879,kuulama,comprendre,verbs,2.0
1880,käsi,branche,nouns,1.15
1881,rünnak,criminalité,nouns,2.35
1882,rutiinselt,normalement,adverbs,2.8
1883,lööma,pincer,verbs,2.25
1884,nõu andma,recommander,verbs,5.25
1885,nüri,marrant,adjectives,0.35
1886,küpselt,justement,adverbs,1.05
1887,sõna,dictionnaire,nouns,2.2
1888,väljapääs,suffrage,nouns,0.45
1889,teesklema,mentir,verbs,3.35
1890,õigus,justice,nouns,3.5
1891,purustama,démolir,verbs,4.55
1892,ilmuma,laisser,verbs,0.3
1893,sessioon,patient,nouns,0.5
1894,rahul,fou,adjectives,0.95
1895,abitu,nécessiteux,adjectives,2.85
1896,kole,désordonné,adjectives,1.05
1897,omama,garder,verbs,2.55
1898,valik,veine,nouns,0.3
1899,külaline,ami,nouns,2.45
1900,trumm,cor,nouns,1.75
1901,planeet,étoile,nouns,2.95
1902,vaidlema,prouver,verbs,2.35
1903,relv,canon,nouns,2.75
1904,politseinik,politicien,nouns,1.05
1905,perv,montagne,nouns,1.55
1906,maailm,globe,nouns,4.15
1907,üksildane,pauvre,adjectives,0.85
1908,koletis,démon,nouns,4.2
1909,auto,bateau,nouns,1.45
1910,jurist,juriste,nouns,4.2
1911,jooksma,chevaucher,verbs,1.15
1912,eitama,accepter,verbs,1.0
1913,ilu,sonnet,nouns,0.75
1914,isa,fille,nouns,1.65
1915,televisioon,cinéma,nouns,2.75
1916,lisama,diviser,verbs,1.05
1917,terav,doux,adjectives,0.85
1918,vürtsikas,bien,adjectives,0.7
1919,kunaiganes,parfois,adverbs,0.95
1920,aktsepteerima,pardonner,verbs,2.3
1921,riided,manteau,nouns,2.75
1922,erinema,être d'accord,verbs,0.9
1923,võtma,voler,verbs,2.65
1924,närviline,certain,adjectives,0.3
1925,hümn,paille,nouns,0.1
1926,dekoratsioon,mur,nouns,1.45
1927,võimekus,force,nouns,3.2
1928,helde,agréable,adjectives,2.3
1929,helikopter,avion,nouns,2.65
1930,heledus,étoile,nouns,1.35
1931,hümn,bible,nouns,0.45
1932,nõrk,puissant,adjectives,0.8
1933,lahtine,flexible,adjectives,1.5
1934,vastu võtma,livrer,verbs,0.85
1935,kombain,canne à sucre,nouns,0.75
1936,pea,pied,nouns,1.55
1937,tabama,manquer,verbs,1.5
1938,eriline,précieux,adjectives,3.15
1939,eelkool,crèche,nouns,2.95
1940,ala,région,nouns,3.1
1941,kole,brut,adjectives,0.95
1942,laenaja,crédit,nouns,1.85
1943,pentsik,étrange,adjectives,5.7
1944,külg,haut,nouns,1.5
1945,põhi,ouest,nouns,1.75
1946,kummaline,bizarre,adjectives,5.7
1947,vehklemine,gymnastique,nouns,2.05
1948,alluma,punir,verbs,1.1
1949,rind,corps,nouns,2.2
1950,võtma,laisser,verbs,1.25
1951,kael,os,nouns,1.4
1952,ühendama,diviser,verbs,1.5
1953,lõppema,être diplômé,verbs,2.45
1954,lõdvestunud,stressé,adjectives,1.2
1955,kuningas,dirigeant,nouns,4.7
1956,ühtlaselt,parfois,adverbs,0.65
1957,pettus,corruption,nouns,3.85
1958,kaart,pont,nouns,0.4
1959,normaalselt,quotidiennement,adverbs,2.95
1960,rahuldama,saisir,verbs,0.45
1961,rahakorjamine,événement,nouns,1.15
1962,protestant,chrétien,nouns,3.45
1963,skeem,idée,nouns,2.2
1964,intuitsioon,sentiment,nouns,3.65
1965,kallas,côte,nouns,4.2
1966,taburet,chaise,nouns,4.1
1967,lubama,donner,verbs,1.9
1968,rohumaa,prairie,nouns,4.55
1969,liiv,pied,nouns,0.35
1970,lumi,avalanche,nouns,2.15
1971,vesi,sacre,nouns,0.35
1972,rist,moine,nouns,1.45
1973,ära tõukama,donner,verbs,0.25
1974,heidutama,échouer,verbs,1.65
1975,alus,acide,nouns,1.65
1976,kunstnik,oeuvre,nouns,2.0
1977,patarei,théâtre,nouns,0.25
1978,voodi,couverture,nouns,1.8
1979,pärima,exiger,verbs,0.85
1980,vajama,organiser,verbs,0.55
1981,pettus,infraction,nouns,3.95
1982,intiimne,personnel,adjectives,4.8
1983,jõgi,vallée,nouns,1.75
1984,kohalolek,absence,nouns,1.55
1985,surmavalt,heureusement,adverbs,0.35
1986,õigustama,débattre,verbs,2.75
1987,antropoloogia,archéologie,nouns,2.1
1988,halb,génial,adjectives,0.45
1989,magamistuba,estomac,nouns,0.15
1990,eitama,donner,verbs,0.35
1991,avalikustamata,manifeste,adjectives,0.75
1992,nutma,pleurer,verbs,3.25
1993,meteoor,gravité,nouns,1.1
1994,jõukus,pauvreté,nouns,1.35
1995,häbenev,chanceux,adjectives,0.45
1996,sisenema,devoir,verbs,0.2
1997,raiskama,inquiéter,verbs,0.3
1998,sõrm,paume,nouns,1.5
1999,ohutult,tranquillement,adverbs,1.8
2000,normaalselt,anormalement,adverbs,1.05
2001,küps,sophistiqué,adjectives,1.3
2002,org,rivière,nouns,1.75
2003,tasu,paiement,nouns,3.45
2004,krokodill,lézard,nouns,3.0
2005,raev,colère,nouns,5.1
2006,fotofon,homophone,nouns,0.35
2007,katus,plafond,nouns,3.9
2008,klubi,marque,nouns,0.6
2009,tähestik,stylo,nouns,0.85
2010,päris,faux,adjectives,1.1
2011,seebivaht,bulle,nouns,2.5
2012,kindlalt,parfois,adverbs,0.75
2013,kops,foie,nouns,1.85
2014,märk,club,nouns,0.6
2015,suur,vaste,adjectives,3.9
2016,laud,coucher de soleil,nouns,0.05
2017,portreteerima,prétendre,verbs,0.7
2018,lai,frais,adjectives,0.15
2019,haruldane,exotique,adjectives,4.45
2020,kaamera,ouvrier,nouns,0.1
2021,andur,radiateur,nouns,0.6
2022,ebatõenäoline,amical,adverbs,0.0
2023,vajama,se renseigner,verbs,0.85
2024,teater,batterie,nouns,0.25
2025,ümber lükkama,permettre,verbs,0.25
2026,saama,rester,verbs,0.2
2027,hävitama,faire,verbs,1.1
2028,uitama,parcourir,verbs,3.05
2029,sein,château,nouns,1.5
2030,veen,vaisseau,nouns,4.3
2031,prokurör,avocat,nouns,2.4
2032,soetama,voler,verbs,1.2
2033,õhk,hélium,nouns,2.1
2034,lubama,approuver,verbs,3.65
2035,võitja,champion,nouns,5.2
2036,kaitsma,garder,verbs,3.8
2037,vann,astuce,nouns,0.0
2038,kleepuv,sale,adjectives,2.25
2039,vend,garçon,nouns,2.3
2040,vastutustundlikult,sérieusement,adverbs,3.95
2041,halb,terrible,adjectives,3.35
2042,organ,foie,nouns,2.75
2043,viisa,globalisation,nouns,1.1
2044,kanjon,vallée,nouns,3.95
2045,puit,pierre,nouns,1.45
2046,kolledž,profession,nouns,0.95
2047,lõimima,attacher,verbs,3.65
2048,ajakirjanik,poète,nouns,1.6
2049,loom,personne,nouns,1.5
2050,kaliiber,parapluie,nouns,0.1
2051,ministeerium,sultan,nouns,0.6
2052,teesklema,imaginer,verbs,1.55
2053,käsi,corps,nouns,1.7
2054,vana,nouveau,adjectives,1.2
2055,evakueerima,déterminer,verbs,0.25
2056,ustavalt,honnêtement,adverbs,3.7
2057,pool,bas,nouns,1.7
2058,puit,rondin,nouns,3.1
2059,täpselt,activement,adverbs,0.5
2060,tõsiselt,sincèrement,adverbs,2.05
2061,laenama,vouloir,verbs,0.8
2062,koer,cheval,nouns,1.5
2063,tervitama,rencontrer,verbs,2.1
2064,kinnitama,dire,verbs,1.5
2065,ratas,revêtement,nouns,0.3
2066,biograafia,fiction,nouns,1.9
2067,süüa tegema,perdre,verbs,0.05
2068,raskendama,déranger,verbs,1.0
2069,tulema,apporter,verbs,0.95
2070,muretsema,gaspiller,verbs,0.3
2071,koridor,couloir,nouns,4.8
2072,keel,joue,nouns,1.5
2073,nutma,rire,verbs,1.5
2074,naljakas,terne,adjectives,0.35
2075,paindlik,élastique,adjectives,4.5
2076,ausalt,injustement,adverbs,1.05
2077,apokalüpsis,feu,nouns,1.25
2078,tõsiselt,grandement,adverbs,2.1
2079,suurepäraselt,brillamment,adverbs,3.35
2080,vein,liqueur,nouns,2.45
2081,ülesanne,affectation,nouns,3.1
2082,sikutama,soulever,verbs,1.7
2083,kõver,droit,adjectives,1.1
2084,nüri,tranchant,adjectives,0.4
2085,poolitama,détacher,verbs,2.35
2086,riided,bouton,nouns,1.5
2087,peapiiskop,évêque,nouns,4.3
2088,haamer,dent,nouns,0.1
2089,paber,bois,nouns,2.05
2090,nõu andma,suggérer,verbs,5.15
2091,uurima,examiner,verbs,3.4
2092,keha,nerf,nouns,1.15
2093,pärinema,commencer,verbs,1.2
2094,taastama,apporter,verbs,0.2
2095,saama,accomplir,verbs,1.55
2096,univesum,ciel,nouns,2.45
2097,ükskord,immédiatement,adverbs,0.7
2098,kurb,fier,adjectives,0.65
2099,vastu võtma,rejeter,verbs,1.2
2100,küpselt,intelligemment,adverbs,3.7
2101,pidu,masque,nouns,1.4
2102,enne,après,adverbs,1.25
2103,mäng,tour,nouns,2.05
2104,looma,plonger,verbs,0.25
2105,diplomaatia,négociation,nouns,3.55
2106,esineja,chanson,nouns,1.75
2107,hämmastavalt,fantastiquement,adverbs,4.85
2108,voodi,hôpital,nouns,1.4
2109,tulnukas,étranger,nouns,2.8
2110,lennujaam,pièce,nouns,0.1
2111,paluma,demander,verbs,3.45
2112,kitsas,sale,adjectives,0.35
2113,minema,commencer,verbs,0.95
2114,auto,autoroute,nouns,1.7
2115,andma,nier,verbs,0.35
2116,leegion,armée,nouns,3.5
2117,omama,absorber,verbs,0.95
2118,järgima,enquêter,verbs,1.55
2119,teraapia,comportementalisme,nouns,1.65
2120,räpane,collant,adjectives,2.25
2121,arst,caractère,nouns,0.1
2122,ebatavaline,rare,adjectives,4.8
2123,jalgpall,football,nouns,3.55
2124,leib,viande,nouns,1.3
2125,lasteaed,maternelle,nouns,2.95
2126,simulatsioon,robotique,nouns,1.45
2127,patoloogia,hématologie,nouns,2.0
2128,imiteerima,représenter,verbs,2.45
2129,null,infini,nouns,1.55
2130,tööline,mécanicien,nouns,2.95
2131,ignoreerima,explorer,verbs,0.35
2132,uduvihm,pluie,nouns,4.35
2133,mais,blé,nouns,2.4
2134,kiirus,courrier,nouns,0.15
2135,avatult,massivement,adverbs,0.75
2136,jõud,persévérance,nouns,3.1
2137,säravalt,grandement,adverbs,3.35
2138,rakett,bruit,nouns,0.6
2139,maantee,tâche,nouns,0.15
2140,abikaasa (naine),centime,nouns,0.1
2141,aitama,demander,verbs,1.05
2142,võlgnema,entrer,verbs,0.2
2143,hoidma,étreindre,verbs,2.95
2144,gripp,fièvre,nouns,2.8
2145,leht,semis,nouns,1.15
2146,lahkuma,expulser,verbs,1.7
2147,puuvill,polyester,nouns,1.75
2148,keha,poitrine,nouns,2.2
2149,krediit,emprunteur,nouns,1.85
2150,uks,cave,nouns,1.1
2151,kandma,prendre,verbs,1.5
2152,päikeseloojang,chaîne,nouns,0.05
2153,juht,manager,nouns,4.45
2154,arv,chiffre,nouns,4.9
2155,molekul,matrice,nouns,0.55
2156,diagramm,graphique,nouns,2.75
2157,tunnistama,juger,verbs,1.5
2158,kutt,ami,nouns,2.2
2159,elevant,dinosaure,nouns,1.25
2160,jälitama,attraper,verbs,1.9
2161,isiklik,intime,adjectives,4.8
2162,vöökoht,repas,nouns,0.3
2163,realistlikult,récemment,adverbs,0.3
2164,merevägi,île,nouns,0.85
2165,alkohol,cognac,nouns,3.0
2166,veenma,poursuivre,verbs,0.5
2167,ohtlikult,soigneusement,adverbs,0.6
2168,stressis,détendu,adjectives,1.2
2169,jäik,fragile,adjectives,0.45
2170,arreteerima,suspecter,verbs,1.45
2171,hoidma,chérir,verbs,2.55
2172,järelliide,suffixe,nouns,3.7
2173,mesilane,insecte,nouns,3.2
2174,agressiivne,incurvé,adjectives,0.25
2175,tolmukas,pollinisation,nouns,2.1
2176,seelik,montre,nouns,0.45
2177,kasv,engrais,nouns,1.75
2178,põletama,étouffer,verbs,0.55
2179,loll,intelligent,adjectives,1.2
2180,pesapall,canapé,nouns,0.15
2181,kuningas,népotisme,nouns,1.75
2182,ebakohane,extraconjugal,adjectives,1.45
2183,sissetulek,impôt,nouns,1.45
2184,kombineeritud,mixte,adjectives,4.3
2185,jooma,élever,verbs,0.45
2186,tõbi,danger,nouns,1.05
2187,õun,sauce,nouns,0.95
2188,suur,flexible,adjectives,0.35
2189,organiseerima,organiser,verbs,5.15
2190,tolm,balai,nouns,1.55
2191,poliitik,président,nouns,3.5
2192,vabadus,censure,nouns,1.1
2193,metall,étain,nouns,3.15
2194,räpane,incroyable,adjectives,0.6
2195,võõras,traducteur,nouns,1.3
2196,soovitama,conseiller,verbs,5.15
2197,prognoos,révision,nouns,1.0
2198,raske,simple,adjectives,1.15
2199,klaas,cristal,nouns,2.8
2200,lõpetama,faire,verbs,1.35
2201,poiss,condition,nouns,0.1
2202,äkkrünnak,attaque,nouns,3.45
2203,dollar,millionnaire,nouns,1.45
2204,tapma,étouffer,verbs,3.1
2205,preester,dieu,nouns,1.75
2206,vastane,opposant,nouns,5.6
2207,hingama,étouffer,verbs,1.35
2208,mitte kunagi,généreusement,adverbs,0.15
2209,ekraan,moniteur,nouns,5.0
2210,auto,tuyau,nouns,0.3
2211,ignoreerima,demander,verbs,0.65
2212,põngerjas,fille,nouns,1.55
2213,kuupäev,calendrier,nouns,2.55
2214,analüüsima,comparer,verbs,3.4
2215,lipp,mât,nouns,1.75
2216,tšempion,gagnant,nouns,5.2
2217,halb,malhonnête,adjectives,2.85
2218,rannik,plage,nouns,3.5
2219,kuluma,pâlir,verbs,1.1
2220,komm,cannelle,nouns,1.15
2221,korrapärane,désordonné,adjectives,1.25
2222,vägivaldne,doux,adjectives,0.65
2223,vihm,brume,nouns,2.95
2224,ronima,randonner,verbs,2.2
2225,kurv,angle,nouns,2.05
2226,sügavalt,surtout,adverbs,0.9
2227,vihje,mot,nouns,1.15
2228,õigus,école,nouns,1.05
2229,osalema,coopérer,verbs,3.35
2230,lind,poule,nouns,2.5
2231,lubama,réfuter,verbs,0.25
2232,kõver,courbé,adjectives,5.25
2233,katma,déguiser,verbs,2.8
2234,uskuma,ressentir,verbs,2.05
2235,õrnalt,bruyamment,adverbs,0.65
2236,lahutama,perdre,verbs,1.75
2237,suur,grand,adjectives,4.0
2238,saama,organiser,verbs,0.5
2239,käsi,pied,nouns,2.0
2240,taevas,soleil,nouns,1.95
2241,robootika,simulation,nouns,1.45
2242,sõitma,courir,verbs,1.15
2243,õiglaselt,mûrement,adverbs,1.05
2244,meelde tuletama,oublier,verbs,1.1
2245,uks,fenêtre,nouns,1.9
2246,teras,alliage,nouns,3.5
2247,margniaalselt,complètement,adverbs,1.45
2248,tool,banc,nouns,3.75
2249,alati,deux fois,adverbs,0.75
2250,pehmelt,bruyamment,adverbs,0.65
2251,nautima,divertir,verbs,1.75
2252,sünnipäev,anniversaire,nouns,2.45
2253,mehaanik,ouvrier,nouns,2.95
2254,saama,perdre,verbs,0.8
2255,veendunud,nerveux,adjectives,0.3
2256,puur,bateau,nouns,0.2
2257,vajalik,important,adjectives,4.8
2258,lennujaam,avion,nouns,2.05
2259,fantaasia,réalité,nouns,1.4
2260,lubatud,légal,adjectives,5.1
2261,elajas,animal,nouns,5.15
2262,ebaviisakas,critique,adjectives,0.95
2263,hull,fou,adjectives,5.3
2264,basiilika,mosaïque,nouns,0.75
2265,pank,siège,nouns,1.15
2266,otsima,errer,verbs,1.95
2267,korraldama,arranger,verbs,5.15
2268,seaduserikkuja,criminel,nouns,4.85
2269,võitja,candidat,nouns,1.9
2270,oaas,liberté,nouns,0.55
2271,õun,confiserie,nouns,1.25
2272,hematoloogia,pathologie,nouns,2.0
2273,vihm,grêle,nouns,3.0
2274,kahanema,croître,verbs,1.1
2275,kummaline,sournois,adjectives,1.4
2276,intelligentsus,sagesse,nouns,4.45
2277,vabadus,oasis,nouns,0.55
2278,loomulikult,bizarrement,adverbs,1.0
2279,täielikult,strictement,adverbs,2.6
2280,kuritegu,fraude,nouns,3.95
2281,taganema,descendre,verbs,0.85
2282,vaidlema,justifier,verbs,2.75
2283,kohtuma,nager,verbs,0.3
2284,viirus,sang,nouns,1.6
2285,vihane,violent,adjectives,2.25
2286,ilmne,évident,adjectives,4.7
2287,müksama,s'écraser,verbs,3.4
2288,saama,sembler,verbs,1.05
2289,nõustuma,différer,verbs,0.9
2290,paat,arbre,nouns,0.2
2291,teadus,psychologie,nouns,2.4
2292,laenama,vendre,verbs,0.9
2293,rand,côte,nouns,3.5
2294,organiseeritud,désorganisé,verbs,1.2
2295,konteiner,souris,nouns,0.25
2296,paratsetamol,bronchite,nouns,1.25
2297,mängija,entraîneur,nouns,2.0
2298,põrand,plafond,nouns,1.65
2299,tossud,médaille,nouns,0.4
2300,tihti,rarement,adverbs,1.15
2301,taldrik,bol,nouns,2.65
2302,fonoloogia,écran,nouns,0.15
2303,illusioon,réalité,nouns,1.65
2304,rand,île,nouns,1.85
2305,ortodont,docteur,nouns,3.45
2306,segama,boire,verbs,0.7
2307,sõna,littérature,nouns,1.95
2308,ilm,vague,nouns,0.65
2309,patsient,session,nouns,0.5
2310,massivne,astronomique,adjectives,2.75
2311,lukk,clé,nouns,2.1
2312,osalema,envoyer,verbs,0.6
2313,osalema,dire,verbs,1.3
2314,viies,haut,adjectives,0.5
2315,meeleolu,émotion,nouns,3.8
2316,võlgnema,prêter,verbs,1.0
2317,unustama,apprendre,verbs,1.0
2318,kutt,fille,nouns,1.55
2319,naine,fourrure,nouns,0.45
2320,televisioon,acteur,nouns,1.4
2321,teenima,mériter,verbs,2.6
2322,matkama,grimper,verbs,2.2
2323,luu,cheville,nouns,2.55
2324,kokkulepe,trou,nouns,0.05
2325,popkorn,cinéma,nouns,1.45
2326,korporatsioon,homme,nouns,1.45
2327,hiilgav,génial,adjectives,4.85
2328,müüma,rappeler,verbs,0.2
2329,abikaasa (naine),mère,nouns,2.8
2330,koosseis,chanteur,nouns,0.6
2331,kallas,plage,nouns,4.25
2332,rütm,arithmétique,nouns,0.75
2333,tõesti,surtout,adverbs,1.55
2334,hajuma,éroder,verbs,1.1
2335,kaabel,chapelle,nouns,0.05
2336,ettevaatus,soin,nouns,4.35
2337,onu,cousin,nouns,2.4
2338,kohalikult,attentivement,adverbs,0.9
2339,kahanema,disparaître,verbs,1.75
2340,vaatama,chercher,verbs,2.05
2341,pott,dispositif,nouns,0.2
2342,põgenema,trouver,verbs,0.5
2343,rahvahulk,groupe,nouns,3.85
2344,sadam,emballage,nouns,0.45
2345,vabastama,presser,verbs,0.4
2346,number,nombre,nouns,4.9
2347,haisema,sentir,verbs,3.3
2348,defineerima,clarifier,verbs,4.05
2349,forell,guitare,nouns,0.05
2350,häbenev,contrarié,adjectives,0.75
2351,kinnas,balle,nouns,0.9
2352,polüester,coton,nouns,1.75
2353,reket,balle,nouns,1.7
2354,palavik,maladie,nouns,2.85
2355,professor,médecin,nouns,2.85
2356,rumal,têtu,adjectives,2.15
2357,minema,permettre,verbs,0.45
2358,ajaleht,mot,nouns,1.55
2359,teavitama,représenter,verbs,0.8
2360,liha,steak,nouns,4.55
2361,mees,mari,nouns,3.8
2362,kätte toimetama,accepter,verbs,0.85
2363,rumal,crédule,adjectives,3.35
2364,mosaiik,basilique,nouns,0.75
2365,võrkpall,ballon,nouns,2.15
2366,hool,attention,nouns,4.35
2367,strateeg,conspirateur,nouns,3.25
2368,veok,paquet,nouns,0.75
2369,iidne,nouveau,adjectives,1.1
2370,kõrs,hymne,nouns,0.1
2371,rääkima,reconnaître,verbs,1.0
2372,sidrun,thé,nouns,1.1
2373,paber,carton,nouns,3.45
2374,närv,cerveau,nouns,2.0
2375,kägistama,tuer,verbs,3.1
2376,meri,rivière,nouns,2.2
2377,kauss,assiette,nouns,2.65
2378,võti,maison,nouns,1.25
2379,ulatuslik,étroit,adjectives,0.7
2380,autor,lecteur,nouns,1.65
2381,kaebama,se disputer,verbs,1.6
2382,ette kujutama,feindre,verbs,1.55
2383,jooma,siroter,verbs,4.8
2384,sisalik,serpent,nouns,2.6
2385,ilmselt,évidemment,adverbs,2.5
2386,president,élève,nouns,0.8
2387,ümberlõikus,prépuce,nouns,1.85
2388,võõrastemaja,motel,nouns,4.15
2389,avalik,privé,adjectives,1.6
2390,onu,homme,nouns,2.35
2391,makse,billet,nouns,2.05
2392,ema,épouse,nouns,2.8
2393,süüdistama,juger,verbs,3.05
2394,semu,ami,nouns,5.2
2395,turvama,protéger,verbs,5.05
2396,võidusõit,philosophe,nouns,0.15
2397,hoidma,donner,verbs,1.2
2398,dieet,pomme,nouns,0.9
2399,alkohol,bière,nouns,3.2
2400,pankur,avocat,nouns,1.5
2401,äri,société,nouns,2.15
2402,andma,recevoir,verbs,1.15
2403,matemaatik,spectacle,nouns,0.15
2404,mees,suspect,nouns,1.2
2405,keeglimängija,bowling,nouns,1.55
2406,siduma,tresser,verbs,3.65
2407,soodne,abordable,adjectives,5.4
2408,rahvas,fête,nouns,1.05
2409,lähedaselt,localement,adverbs,0.9
2410,tennis,statistique,nouns,0.45
2411,kriitiliselt,principalement,adverbs,0.4
2412,legaalne,permis,adjectives,5.1
2413,koguma,organiser,verbs,1.0
2414,õnnelikult,mortellement,adverbs,0.35
2415,õpilane,président,nouns,0.8
2416,ideaalselt,concrètement,adverbs,1.35
2417,ära ütlema,accepter,verbs,1.25
2418,raha,diamant,nouns,1.8
2419,juhataja,chef,nouns,4.45
2420,anuma,satisfaire,verbs,0.25
2421,advokaat,procureur,nouns,2.4
2422,õnnelik,furieux,adjectives,1.5
2423,vihkama,mépriser,verbs,4.4
2424,kalju,colline,nouns,2.45
2425,abikaasa (naine),paille,nouns,0.0
2426,ilm,neige,nouns,1.75
2427,raamat,littérature,nouns,2.8
2428,semester,trimestre,nouns,3.85
2429,päikeseloojang,soir,nouns,2.95
2430,lükkama,critiquer,verbs,0.45
2431,loodus,flore,nouns,3.25
2432,meelde tuletama,dire,verbs,2.65
2433,pettumus,colère,nouns,2.95
2434,sõber,mec,nouns,2.2
2435,tõuk,ver à soie,nouns,3.1
2436,rahulik,neutre,adjectives,2.25
2437,muda,saleté,nouns,2.9
2438,allkirjastama,flotter,verbs,0.1
2439,nõrk,épicé,adjectives,0.1
2440,vanem,adulte,nouns,3.55
2441,sekularist,religion,nouns,1.85
2442,suhtlus,conversation,nouns,4.05
2443,president,maire,nouns,2.05
2444,saatma,aller,verbs,0.8
2445,teadlikkus,attention,nouns,3.05
2446,masin,moteur,nouns,2.95
2447,kaaspiloot,flic,nouns,0.55
2448,võitja,présence,nouns,0.6
2449,kitsas,large,adjectives,1.15
2450,vihane,heureux,adjectives,0.85
2451,praadima,cuisiner,verbs,2.9
2452,kass,lion,nouns,2.35
2453,aktsepeerima,nier,verbs,1.0
2454,nuuksuma,crier,verbs,2.85
2455,haigus,fièvre,nouns,2.85
2456,vesi,sel,nouns,1.0
2457,selgitama,définir,verbs,4.05
2458,vältima,rejeter,verbs,2.15
2459,kerge,dur,adjectives,0.75
2460,auto,camion,nouns,3.2
2461,passiivselt,activement,adverbs,1.05
2462,bänd,longévité,nouns,0.25
2463,frustreerima,décourager,verbs,3.1
2464,osa,chapitre,nouns,4.0
2465,poolsaar,île,nouns,3.05
2466,põlv,bras,nouns,1.6
2467,ebamäärane,incertain,adjectives,4.9
2468,eestkostja,mère,nouns,1.45
2469,ajaloouurija,historien,nouns,4.8
2470,õun,soleil,nouns,0.5
2471,kari,yaourt,nouns,0.35
2472,graafik,carte,nouns,2.75
2473,karistama,enseigner,verbs,0.45
2474,katedraal,plafond,nouns,0.75
2475,surema,enterrer,verbs,1.55
2476,õppemaks,bourse d'étude,nouns,1.85
2477,ründama,aggraver,verbs,1.3
2478,sõjamees,homme,nouns,2.05
2479,veen,bras,nouns,1.15
2480,andma,garder,verbs,1.2
2481,proovima,atteindre,verbs,1.25
2482,abikaasa (mees),femme,nouns,3.55
2483,riis,poulet,nouns,1.1
2484,haigla,lit,nouns,1.4
2485,mantel,vêtement,nouns,2.75
2486,kutt,partenaire,nouns,1.85
2487,andma,prêter,verbs,3.2
2488,ebaausalt,déraisonnablement,adverbs,2.6
2489,õlg,bras,nouns,2.15
2490,sisenema,laisser,verbs,0.45
2491,soovitama,conseiller,verbs,5.25
2492,leebe,tranchant,adjectives,0.85
2493,uskumus,valeur,nouns,2.5
2494,neelatama,siroter,verbs,2.25
2495,senat,constitution,nouns,1.7
2496,kokku hoidma,dépenser,verbs,0.65
2497,õnnelik,content,adjectives,4.55
2498,vastupidavus,force,nouns,3.1
2499,odav,bon marché,adjectives,5.4
2500,tants,robe,nouns,0.9
2501,külm,ordinaire,adjectives,0.4
2502,selgroog,corps,nouns,1.9
2503,diivan,baseball,nouns,0.15
2504,saama,mettre,verbs,0.35
2505,hambad,marteau,nouns,0.1
2506,vill,illustration,nouns,0.2
2507,kohale jõudma,assister,verbs,0.5
2508,kaotama,cuisiner,verbs,0.05
2509,tark,intelligent,adjectives,4.9
2510,anuma,demander,verbs,2.75
2511,kannatamatult,approximativement,adverbs,0.6
2512,uhkelt,paisiblement,adverbs,0.8
2513,uus,ancien,adjectives,1.1
2514,rahumeelselt,chaotiquement,adverbs,0.75
2515,uba,bacon,nouns,0.9
2516,tera,herbe,nouns,0.35
2517,moraal,légende,nouns,1.25
2518,sekretär,femme,nouns,1.45
2519,lääts,appareil photo,nouns,2.0
2520,psühholoogia,science,nouns,2.4
2521,loll,énorme,adjectives,0.75
2522,lill,longévité,nouns,0.35
2523,bänd,orchestre,nouns,3.45
2524,õhupall,peuple,nouns,0.1
2525,haihtuma,disparaître,verbs,5.3
2526,kultuur,société,nouns,2.9
2527,järsk,frigide,adjectives,0.95
2528,lisama,rejoindre,verbs,1.3
2529,katastroof,mort,nouns,2.15
2530,riis,garçon,nouns,0.1
2531,portreteerima,décider,verbs,0.95
2532,naerma,chanter,verbs,1.15
2533,tagumine,queue,nouns,2.95
2534,täkk,type,nouns,1.75
2535,saabuma,venir,verbs,4.5
2536,käekott,sac,nouns,3.1
2537,kaks korda,multiple,adverbs,2.6
2538,äri,industrie,nouns,2.5
2539,segama,conduire,verbs,0.2
2540,laskma,permettre,verbs,4.25
2541,näima,prétendre,verbs,2.1
2542,riputama,mettre,verbs,1.3
2543,teostama,gagner,verbs,1.5
2544,vahekäik,couloir,nouns,4.0
2545,piparmünt,musée,nouns,0.0
2546,taotlema,viser,verbs,2.1
2547,kokku hoidma,collecter,verbs,2.75
2548,vaesus,richesse,nouns,1.35
2549,hävitama,tuer,verbs,3.0
2550,saar,tâche,nouns,0.05
2551,harmoonia,piano,nouns,1.6
2552,tüdruk,bonne,nouns,1.4
2553,terav,lisse,adjectives,1.25
2554,ilmselgelt,sûrement,adverbs,3.35
2555,tsensuur,liberté,nouns,1.1
2556,häbelik,effrayé,adjectives,1.95
2557,töö,tâche,nouns,3.95
2558,meelt lahutama,apprécier,verbs,1.75
2559,iiris,acétylcholine,nouns,nan
2560,onupojapoliitika,roi,nouns,1.75
2561,teesklema,sembler,verbs,2.1
2562,tähelepanu,conscience,nouns,3.05
2563,arst,orthodontiste,nouns,3.45
2564,kummitama,effrayer,verbs,3.1
2565,rikkumata,modeste,adjectives,1.35
2566,maantee,route,nouns,4.0
2567,luu,dent,nouns,2.5
2568,mees,père,nouns,2.7
2569,itsitama,rire,verbs,4.55
2570,jääma,retenir,verbs,1.6
2571,valk,poignée,nouns,0.1
2572,saar,péninsule,nouns,3.05
2573,kamp,foule,nouns,3.85
2574,koidik,nuit,nouns,2.1
2575,teadma,croire,verbs,2.5
2576,puhastustuli,au-delà,nouns,2.05
2577,isa,frère,nouns,1.95
2578,kõva,dense,adjectives,2.1
2579,teavitama,reconnaître,verbs,1.3
2580,õlu,alcool,nouns,3.2
2581,küsima,ignorer,verbs,0.65
2582,karm,facile,adjectives,0.75
2583,pesapall,fraternité,nouns,0.3
2584,aktiivselt,passivement,adverbs,1.05
2585,tuli,échec,nouns,1.55
2586,kaine,ivre,adjectives,1.2
2587,võrrand,formule,nouns,3.6
2588,naarits,huile,nouns,0.3
2589,kandma,déchirer,verbs,0.15
2590,halb,affreux,adjectives,2.55
2591,emotsioon,passion,nouns,3.8
2592,algvorm,syllabe,nouns,1.75
2593,siidiuss,chenille,nouns,3.1
2594,rebima,porter,verbs,0.15
2595,õnnelik,jeune,adjectives,0.75
2596,helde,amical,adjectives,2.75
2597,jõllitama,loucher,verbs,0.8
2598,ebamoraalne,mal,adjectives,3.85
2599,ainulaadne,contraire,adjectives,0.8
2600,ülestunnistus,déni,nouns,1.35
2601,voodi,berceau,nouns,4.05
2602,tavaline,banal,adjectives,5.35
2603,vaba,innocent,adjectives,1.4
2604,looja,fabricant,nouns,4.45
2605,kena,généreux,adjectives,2.3
2606,süsteemiplaat,carte mère,nouns,3.55
2607,looja,auteur,nouns,5.2
2608,kaks korda,toujours,adverbs,0.75
2609,slaid,pointeur,nouns,0.15
2610,kiiver,arme,nouns,1.25
2611,käsivars,poignet,nouns,2.35
2612,koguma,sauvegarder,verbs,2.75
2613,kurvalt,follement,adverbs,0.65
2614,kümnend,siècle,nouns,2.25
2615,tsütoplasma,chiffre,nouns,0.05
2616,raamat,information,nouns,1.65
2617,jagamine,multiplication,nouns,2.15
2618,uks,sol,nouns,0.95
2619,hobune,boeuf,nouns,1.85
2620,kurbus,bonheur,nouns,1.45
2621,täpselt,précisément,adverbs,5.5
2622,ilm,nuage,nouns,2.0
2623,hiiglasuur,minuscule,adjectives,1.1
2624,põgenema,fuir,verbs,5.6
2625,kalts,vêtement,nouns,2.25
2626,varastama,prendre,verbs,2.65
2627,amorfne,informe,adjectives,3.65
2628,katteta,couvert,adjectives,1.1
2629,kogunema,rencontrer,verbs,1.8
2630,pilv,fenêtre,nouns,0.55
2631,praadima,cuire,verbs,3.85
2632,sulam,acier,nouns,3.5
2633,maks,poumon,nouns,1.85
2634,teemaviide,sujet,nouns,3.0
2635,hüsteeria,désarroi,nouns,2.55
2636,tehas,voiture,nouns,0.8
2637,sonett,beauté,nouns,0.75
2638,tina,métal,nouns,3.15
2639,sõna,indice,nouns,1.15
2640,tugevalt,doucement,adverbs,1.0
2641,unustama,retenir,verbs,1.05
2642,saama,faire,verbs,1.3
2643,maja,grange,nouns,1.95
2644,taust,papier peint,nouns,3.1
2645,öö,aube,nouns,2.1
2646,rahulikult,pacifiquement,adverbs,4.7
2647,sein,brique,nouns,1.7
2648,lift,voiture,nouns,0.7
2649,tõsine,marrant,adjectives,1.3
2650,lõpetama,rivaliser,verbs,0.3
2651,jäse,jambe,nouns,3.2
2652,kitarr,truite,nouns,0.05
2653,hoiatama,arrêter,verbs,0.85
2654,kurb,marrant,adjectives,0.95
2655,ranne,bras,nouns,2.35
2656,mõõk,environnement,nouns,0.05
2657,astronoomiline,massif,adjectives,2.75
2658,keelduma,décliner,verbs,5.35
2659,kindlustunne,soi,nouns,1.5
2660,putukas,pesticide,nouns,1.6
2661,passiivne,violent,adjectives,0.6
2662,vend,âme,nouns,0.6
2663,silp,lemme,nouns,1.75
2664,usaldusväärselt,raisonnablement,adverbs,3.95
2665,keha,épaule,nouns,1.6
2666,logaritm,formule,nouns,1.9
2667,valetama,accuser,verbs,0.75
2668,kaitsma,tuer,verbs,0.95
2669,nakkus,inflexion,nouns,0.15
2670,munk,croix,nouns,1.45
2671,regulaarne,ignorant,adjectives,0.65
2672,kõrgus,conversion,nouns,0.3
2673,pottsepatöö,céramique,nouns,4.1
2674,katedraal,église,nouns,4.45
2675,kääbuskasvu,petit,adjectives,4.2
2676,intelligentne,stupide,adjectives,1.2
2677,tähelepanuta jätma,renier,verbs,1.8
2678,lõng,fil,nouns,2.9
2679,tase,résultat,nouns,2.25
2680,liha,pain,nouns,1.3
2681,ühing,affaire,nouns,2.15
2682,sassis,propre,adjectives,1.0
2683,juhtkond,administration,nouns,4.55
2684,iseseisvalt,responsablement,adverbs,1.5
2685,küünarnukk,os,nouns,1.85
2686,suurepärane,merveilleux,adjectives,4.7
2687,televisioon,scénariste,nouns,1.45
2688,rahvahulk,défilé,nouns,2.3
2689,tundma,croire,verbs,2.05
2690,sõitma,mélanger,verbs,0.2
2691,kostüüm,bal,nouns,1.65
2692,hirmunud,timide,adjectives,1.95
2693,lugema,saisir,verbs,1.05
2694,põhiseadus,sénat,nouns,1.7
2695,ostma,voler,verbs,1.1
2696,valelik,véridique,adjectives,0.8
2697,raam,succès,nouns,0.35
2698,teema,récit,nouns,2.05
2699,aeg-ajalt,régulièrement,adverbs,2.1
2700,vann,pièce,nouns,1.1
2701,paat,voiture,nouns,1.45
2702,ball,gant,nouns,0.9
2703,täht,astéroïde,nouns,2.7
2704,pöörane,heureux,adjectives,1.5
2705,öö,jour,nouns,1.75
2706,jalg,tête,nouns,1.55
2707,närviliselt,anxieusement,adverbs,5.2
2708,maja,tapis,nouns,0.95
2709,piiskop,musulman,nouns,1.25
2710,torbik,tasse,nouns,0.55
2711,usaldusväärselt,grossièrement,adverbs,0.6
2712,kerge,difficile,adjectives,1.15
2713,aru saama,saisir,verbs,5.5
2714,kael,colonne vertébrale,nouns,2.15
2715,väsinud,affamé,adjectives,1.5
2716,andma,emprunter,verbs,2.4
2717,kleit,danse,nouns,0.9
2718,advokaat,banquier,nouns,1.5
2719,kindlalt,évidemment,adverbs,3.35
2720,karistama,obéir,verbs,1.1
2721,kerge,flexible,adjectives,1.5
2722,vältima,nier,verbs,1.8
2723,rahvas,centime,nouns,0.1
2724,oluliselt,vraiment,adverbs,1.55
2725,taevas,univers,nouns,2.45
2726,tina,aluminium,nouns,2.0
2727,lehekülg,paragraphe,nouns,2.15
2728,metsamajake,campement,nouns,1.25
2729,lühike,long,adjectives,1.15
2730,lonkama,marcher,verbs,2.8
2731,tagasihoidlikult,fièrement,adverbs,1.2
2732,tasu,salaire,nouns,4.65
2733,jalg,membre,nouns,3.2
2734,kuritegu,vol,nouns,2.95
2735,ortodont,dentiste,nouns,4.95
2736,ukseava,sortie,nouns,3.3
2737,kodus,à l'extérieur,adverbs,1.25
2738,küpsetama,frire,verbs,3.38
2739,maakera,monde,nouns,4.15
2740,kõrs,femme,nouns,0.0
2741,laadija,disque,nouns,0.75
2742,kaste,pomme,nouns,0.95
2743,naine,tâche,nouns,0.1
2744,käelaba,poignet,nouns,2.6
2745,vabastama,attraper,verbs,0.6
2746,informeerima,polir,verbs,0.1
2747,informatsioon,entropie,nouns,1.65
2748,loll,stupide,adjectives,5.5
2749,kitsas,svelte,adjectives,2.7
2750,ebatäpselt,précisément,adverbs,1.0
2751,kergelt,confortablement,adverbs,1.6
2752,poleerima,informer,verbs,0.1
2753,põrand,terrasse,nouns,1.85
2754,mõnikord,sûrement,adverbs,0.75
2755,vangla,barreau,nouns,2.15
2756,maskeerima,couvrir,verbs,2.8
2757,vormitu,amorphe,adjectives,3.65
2758,luu,coude,nouns,1.85
2759,osariik,maison,nouns,0.35
2760,relv,couteau,nouns,2.7
2761,eitama,admettre,verbs,1.15
2762,poiss,partenaire,nouns,1.95
2763,pidulik,bon,adjectives,1.1
2764,kongress,parlement,nouns,3.45
2765,au andma,accomplir,verbs,0.25
2766,laul,histoire,nouns,2.4
2767,kaaslane,copain,nouns,4.75
2768,võrevoodi,lit,nouns,4.05
2769,petma,tromper,verbs,4.45
2770,mäletama,penser,verbs,2.6
2771,leidma,acquérir,verbs,2.2
2772,tellimus,menu,nouns,1.75
2773,vestlus,communication,nouns,4.05
2774,klass,chaos,nouns,0.3
2775,alustama,cesser,verbs,1.1
2776,jäik,rugueux,adjectives,0.95
2777,hädaolukord,accident,nouns,3.45
2778,kahtlev,courroucé,adjectives,0.65
2779,püüdma,capturer,verbs,5.0
2780,õun,régime,nouns,0.9
2781,veenma,essayer,verbs,1.2
2782,seemik,feuille,nouns,1.15
2783,keskkond,épée,nouns,0.05
2784,relv,fourrure,nouns,0.35
2785,emotsionaalselt,tristement,adverbs,2.05
2786,vali,grossier,adjectives,1.7
2787,ala,zone,nouns,4.15
