ID,EST,HEB,PoS,score
1,klaaspurk,בקבוק,nouns,2.65
2,võitlus,כיבוש,nouns,1.95
3,vann,עץ,nouns,0.1
4,riis,ילד,nouns,0.25
5,lennuseadmeteadus,אווירונאוטיקה,nouns,2.5
6,org,נהר,nouns,1.25
7,juhtkond,עכבר,nouns,0.0
8,härg,סוס,nouns,1.5
9,vahemaa,פרספקטיבה,nouns,1.25
10,tuntud,מפורסם,adjectives,4.05
11,voolik,גינה,nouns,1.05
12,võimas,עוצמתי,adjectives,5.0
13,laiendama,לגדול,verbs,3.85
14,vihane,אלים,adjectives,1.85
15,sümbol,קוד,nouns,2.1
16,lihas,זרוע,nouns,1.4
17,riff,חוף,nouns,1.45
18,takso,אוטובוס,nouns,1.95
19,viisa,גלובליזם,nouns,0.85
20,peigmees,כלה,nouns,1.35
21,edu saavutama,לנסות,verbs,1.55
22,rahumeelselt,בגאווה,adverbs,0.45
23,kari,כבש,nouns,2.2
24,rahulikult,בעדינות,adverbs,2.35
25,mesilane,חרק,nouns,2.35
26,õhk,הליום,nouns,1.7
27,ebaloomulikult,בטבעיות,adverbs,0.7
28,põlv,זרוע,nouns,1.25
29,minema,לשלוח,verbs,0.7
30,printima,להתעלם,verbs,0.1
31,selgroog,צוואר,nouns,1.55
32,minema,להגיע,verbs,0.95
33,pööraselt,בעצב,adverbs,0.8
34,elevant,מצפן,nouns,0.55
35,sikutama,להרים,verbs,1.25
36,õun,דיאטה,nouns,0.8
37,algebra,פעולה,nouns,1.2
38,hüppamine,גדר,nouns,0.8
39,vähendama,לכווץ,verbs,2.85
40,soo,אגם,nouns,1.15
41,minema,לאפשר,verbs,0.3
42,arvamus,נטייה,nouns,2.8
43,saama,להפסיד,verbs,0.5
44,päästma,לטבוע,verbs,0.95
45,süüdistama,לשפוט,verbs,2.75
46,luu,צוואר,nouns,0.95
47,menüü,הזמנה,nouns,1.2
48,kõrs,משימה,nouns,0.1
49,mahl,כף,nouns,0.55
50,domineerima,לנצח,verbs,2.0
51,hotell,דירה,nouns,1.35
52,kinni püüdma,לתפוס,verbs,4.8
53,kuulma,להבחין,verbs,1.85
54,raha,פנינה,nouns,0.7
55,sekularist,דת,nouns,1.5
56,pädevus,יכולת,nouns,4.6
57,luide,מדבר,nouns,1.75
58,lämbuma,לנשום,verbs,0.85
59,plekitu,נקי,adjectives,4.25
60,ebaloomulikult,באופן שלילי,adverbs,1.0
61,auto,כביש,nouns,1.25
62,nihilism,סרט,nouns,0.35
63,kaitsma,להרוג,verbs,0.7
64,võõras,מתרגם,nouns,0.8
65,täiskasvanud,ילדותי,adjectives,0.7
66,tegema,להרוס,verbs,0.9
67,taim,חקלאות,nouns,1.55
68,rahu,חייל,nouns,0.6
69,häbi,צער,nouns,1.15
70,onu,דודן,nouns,2.45
71,tugev,גאה,adjectives,0.55
72,assisteerima,לעזור,verbs,5.2
73,puhastustuli,העולם הבא,nouns,1.65
74,kast,מקור,nouns,0.0
75,korratu,מסודר,verbs,0.85
76,akustika,קול ,nouns,2.75
77,üritus,התרמה,nouns,1.15
78,sisalik,ממשלה,nouns,0.05
79,rahvas,דולר,nouns,0.1
80,poleerima,ליידע,verbs,0.0
81,magamistuba,בטן,nouns,0.15
82,looma,לצלול,verbs,0.25
83,tekk,סירה,nouns,1.15
84,onu,גבר,nouns,1.8
85,orkester,מצעד,nouns,1.4
86,kummaline,ביזארי,adjectives,5.35
87,monarhia,דמוקרטיה,nouns,1.4
88,radiaator,חיישן,nouns,0.5
89,raskendama,להטריח,verbs,0.9
90,stsenarist,טלויזיה,nouns,1.25
91,vahekäik,אולם,nouns,1.1
92,küünarnukk,קרסול,nouns,1.6
93,järsk,נוקשה,adjectives,1.65
94,hiiglasuur,גדול,adjectives,4.35
95,hakk,ציפור,nouns,2.35
96,mugul,פרח,nouns,1.3
97,peenike,צר,adjectives,2.95
98,kõver,תוקפני,adjectives,0.3
99,arvamus,בחירה,nouns,1.2
100,mänguasi,קובייה,nouns,1.1
101,episood,הופעה,nouns,0.45
102,läbirääkimine,דיפלומטיה,nouns,2.55
103,jooksja,ספורטאי,nouns,2.5
104,sipelgas,חרק,nouns,2.05
105,päev,שחר,nouns,1.85
106,maitsetaim,מריחואנה,nouns,2.25
107,minevik,קודם,nouns,1.9
108,jäse,רגל,nouns,2.8
109,korrutama,להוסיף,verbs,1.25
110,meeter,יארד,nouns,2.4
111,lihas,עצם,nouns,1.25
112,imeline,מצוין,adjectives,4.2
113,advokaat,גלריה,nouns,0.0
114,kergelt,בנוחיות,adverbs,1.55
115,segama,לבשל,verbs,1.15
116,anuma,לרצות,verbs,0.4
117,lugema,להבין,verbs,1.05
118,hoidma,לחבק,verbs,2.0
119,leidma,לברוח,verbs,0.6
120,osuti,שקופית,nouns,0.25
121,kaebama,להביא,verbs,0.05
122,umbes,בגסות,adverbs,2.0
123,orkester,להקה,nouns,3.55
124,alkohol,קוקטייל,nouns,2.25
125,tunnistama,להכחיש,verbs,0.85
126,erinema,לטעון,verbs,1.75
127,galaktika,אפליקציה,nouns,0.4
128,kolonel,רופא,nouns,0.35
129,käsikiri,מאמר,nouns,1.9
130,põhi,מערב,nouns,1.45
131,pankur,פרקליט,nouns,1.2
132,luu,זרוע,nouns,1.3
133,ootama,להפסיק,verbs,1.2
134,auto,משאית,nouns,3.0
135,õpetama,לחנך,verbs,4.45
136,puit,נייר,nouns,1.45
137,hool,זהירות,nouns,3.1
138,tehislik,מזוייף,adjectives,3.85
139,pehmelt,בנחישות,adverbs,0.5
140,šerif,שוטר,nouns,3.95
141,kavatsus,רצון,nouns,4.15
142,aus,אשם,adjectives,0.7
143,doktor,פרופסור,nouns,2.9
144,põld,שיבולת שועל,nouns,1.7
145,kahur,רובה,nouns,2.5
146,pagas,הקפת כדור הארץ,nouns,0.55
147,käsivars,רגל,nouns,1.75
148,luuletus,מקצב,nouns,1.7
149,hoidma,להשאיל,verbs,0.8
150,tee,לימון,nouns,0.75
151,kodu,מדינה,nouns,0.95
152,raamat,תאונה,nouns,0.05
153,tavaline,שגרתי,adjectives,5.25
154,vasikas,שור,nouns,2.05
155,rist,נזיר,nouns,1.1
156,käsi,אגודל,nouns,1.6
157,ebaviisakas,גס,adjectives,3.0
158,auto,צופר,nouns,1.15
159,kurvalt,רגשית,adverbs,1.3
160,vannituba,חדר שינה,nouns,1.25
161,vihje,מילה,nouns,0.7
162,korv,כדור,nouns,0.9
163,mees,שומר,nouns,0.95
164,sissetulek,מס,nouns,1.0
165,maamaja,ביתן,nouns,3.65
166,autojuht,טייס,nouns,2.2
167,miljardär,חסר בית,nouns,0.85
168,meri,אוקיינוס,nouns,3.3
169,õiglus,בית דין,nouns,2.0
170,ülesanne,הערה,nouns,0.6
171,sigar,קופסה,nouns,0.6
172,ümbrik,קישוט,nouns,0.45
173,lagi,רצפה,nouns,1.2
174,andma,להרשות,verbs,2.6
175,valima,לרצות,verbs,1.25
176,tavaline,מדהים,adjectives,0.7
177,närviline,מפוחד,adjectives,1.55
178,vähendama,להנמיך,verbs,3.25
179,tušš,מנזר,nouns,0.1
180,avalikustamata,גלוי,adjectives,0.85
181,vabadus,צנזורה,nouns,0.7
182,skeem,רעיון,nouns,1.9
183,režissöör,סינמטוגרפיה,nouns,1.3
184,osalema,להצטרף,verbs,2.0
185,rahvahulk,חבורה,nouns,3.2
186,küün,בית,nouns,1.35
187,frustreerima,לדכא,verbs,2.95
188,saama,לקחת,verbs,1.35
189,sümbol,צופן,nouns,1.7
190,lennundus,אוויוניקה,nouns,2.5
191,lapsik,טיפשי,adjectives,1.75
192,kohut mõistma,להחליט,verbs,2.2
193,ettevaatus,דאגה,nouns,3.1
194,linnapea,נשיא,nouns,1.6
195,rahustama,להשפיל,verbs,0.35
196,kiirustama,למהר,verbs,4.85
197,sein,לבנה,nouns,1.45
198,auto,כרכרה,nouns,1.75
199,muru,להב,nouns,0.5
200,prohvet,כומר,nouns,1.65
201,korrutamine,חילוק,nouns,1.65
202,uks,אחווה,nouns,0.15
203,tüütu,מוגן,adjectives,0.35
204,tihti,לפעמים,adverbs,1.2
205,arv,ספרה,nouns,4.9
206,jooma,לבלוע,verbs,2.0
207,põnevil,מבוהל,adjectives,1.7
208,eksootiline,נדיר,adjectives,4.5
209,tsütoplasma,ספרה,nouns,0.3
210,tunnel,שביל,nouns,1.2
211,kondensaator,דיודה,nouns,1.8
212,kinematograafia,במאי,nouns,1.3
213,patoloogia,המטולוגיה,nouns,1.75
214,tänav,סמטה,nouns,3.7
215,kuhjatud,כבד,adjectives,1.35
216,sent,רעיה,nouns,0.05
217,öö,פרק,nouns,0.1
218,hütt,ביתן,nouns,4.1
219,täielikult,אך ורק,adverbs,1.9
220,hämmastavalt,באופן פנטסטי,adverbs,5.05
221,president,ראש,nouns,1.6
222,kunstiteos,אמן,nouns,1.5
223,valik,דעה,nouns,1.2
224,taastama,להביא,verbs,0.7
225,kaisutama,להתחבק,verbs,4.0
226,pahkluu,חלון,nouns,0.0
227,õnneseen,מובך,adjectives,0.1
228,ellu jääma,לחיות,verbs,2.5
229,silm,דמעה,nouns,1.45
230,tagasihoidlikult,בגאווה,adverbs,0.8
231,lääs,צפון,nouns,1.45
232,vana,טרי,adjectives,0.6
233,neelama,לשתות,verbs,2.0
234,liha,בייקון,nouns,2.65
235,jahikoer,שועל,nouns,1.45
236,laul,בלדה,nouns,3.65
237,armee,יחידה,nouns,1.55
238,haigus,חום,nouns,2.05
239,kaklema,לחלוק,verbs,1.65
240,protestant,נוצרי,nouns,3.0
241,teleskoop,כיסא,nouns,0.15
242,münt,תשלום,nouns,1.6
243,vesi,הכתרה,nouns,0.15
244,kurat,אל,nouns,1.5
245,kino,טלויזיה,nouns,2.4
246,bioloog,מיקרוסקופ,nouns,1.15
247,vehklemine,התעמלות,nouns,1.45
248,saama,להשיג,verbs,2.05
249,liha,כריך,nouns,1.05
250,kell,דלת,nouns,0.75
251,umbes,בקלות,adverbs,0.6
252,vahetus,מטבע,nouns,1.35
253,partner,בחור,nouns,1.65
254,juhtkiri,חדשות,nouns,1.5
255,pall,סל,nouns,0.9
256,kerge,פשוט,adjectives,3.8
257,tekk,עכבר,nouns,0.2
258,kole,גס,adjectives,1.05
259,loomulikult,בשקט,adverbs,0.65
260,ostma,לשלם,verbs,2.45
261,pruut,חתן,nouns,1.35
262,miljonär,דולר,nouns,1.05
263,õun,לימון,nouns,1.6
264,auto,אופניים,nouns,1.45
265,raha,משכורת,nouns,3.5
266,põlgama,להאשים,verbs,0.4
267,loogika,אינטליגנציה,nouns,2.5
268,halb,אשם,adjectives,1.15
269,sisenev,יוצא,adjectives,0.9
270,mahl,חלב,nouns,1.25
271,vokalist,צוות,nouns,0.45
272,lammas,טלה,nouns,3.75
273,tsüklon,טייפון,nouns,3.7
274,aatom,פחמן,nouns,1.55
275,teavitama,לאשר,verbs,1.35
276,vabastama,לתפוס,verbs,0.9
277,konteiner,קרון,nouns,2.2
278,ähvardus,סכנה,nouns,3.35
279,haiget tegema,ליפול,verbs,1.5
280,uhke,עצוב,adjectives,0.25
281,metsamajake,בקתה,nouns,3.65
282,võõrastemaja,מוטל,nouns,4.3
283,ebaviisakas,רועש,adjectives,1.1
284,alluma,להעניש,verbs,0.7
285,kritiseerima,לשנוא,verbs,0.85
286,teesklema,לשקר,verbs,2.95
287,pidu,אנשים,nouns,1.2
288,väiksevõitu,ננסי,adjectives,4.45
289,intelligentsus,תבונה,nouns,4.95
290,isa,בן,nouns,1.6
291,perv,הר,nouns,0.75
292,pigistama,לחבק,verbs,1.2
293,veenma,להתווכח,verbs,2.0
294,ehitama,לחבר,verbs,1.6
295,ookean,ים,nouns,3.3
296,passiivselt,במרץ,adverbs,0.45
297,püha,יקר ערך,adjectives,2.3
298,leht,עץ,nouns,1.4
299,võitma,לשלוט,verbs,2.0
300,ilusti,באלגנטיות,adverbs,2.9
301,prints,מלך,nouns,2.1
302,õppima,לספוג,verbs,1.35
303,pakk,משאית,nouns,1.0
304,küsima,להפציר,verbs,3.55
305,mõte,דעה,nouns,2.65
306,leib,גבינה,nouns,1.2
307,kasvama,להתכווץ,verbs,0.95
308,relv,תעלול,nouns,0.3
309,tüdinud,משעמם,adjectives,1.9
310,minema,למכור,verbs,0.2
311,mäng,פעילות,nouns,2.1
312,tooma,לשלוח,verbs,0.85
313,kleepuv,רטוב,adjectives,1.45
314,isa,אל,nouns,0.35
315,hiiglasuur,מטומטם,adjectives,0.2
316,partner,ילד,nouns,1.35
317,tormakas,מהיר,adjectives,4.35
318,mängima,לריב,verbs,1.2
319,teesklema,לדמיין,verbs,1.25
320,klatš,חדשות,nouns,2.2
321,hankima,לקחת,verbs,1.85
322,ebamoraalne,רע,adjectives,2.8
323,paluma,להפציר,verbs,4.4
324,tapma,לתלות,verbs,1.95
325,idee,תמונה,nouns,0.8
326,seletama,להוכיח,verbs,2.1
327,vale,מדוייק,adjectives,0.75
328,ühinema,לעזוב,verbs,0.65
329,osariik,בית,nouns,0.95
330,vaidlus,הסכמה,nouns,1.0
331,kuu,אוגוסט,nouns,2.05
332,ründama,לפגוע,verbs,2.75
333,propageerima,להתקדם,verbs,2.55
334,vann,בלון,nouns,0.15
335,ühendama,להתמוסס,verbs,1.2
336,topoloogia,מבנה,nouns,2.05
337,tehe,אלגברה,nouns,1.2
338,ajaleht,מילה,nouns,1.3
339,halb,מעולה,adjectives,0.6
340,šokolaad,פאי,nouns,0.9
341,vulkaan,מגמה,nouns,1.7
342,hirmunud,ביישן,adjectives,1.75
343,meloodia,מוסיקה,nouns,3.25
344,harva,לרוב,adverbs,1.15
345,väsinud,משעמם,adjectives,1.25
346,normaalne,שונה,adjectives,0.85
347,algama,להיווצר,verbs,1.7
348,mahl,תפוח,nouns,1.5
349,lööma,להצליף,verbs,3.15
350,klaas,תג,nouns,0.35
351,laps,גבר,nouns,1.6
352,tõstatama,להרים,verbs,1.5
353,kursor,שבבים,nouns,0.35
354,lehm,עז,nouns,1.4
355,kael,זרוע,nouns,1.05
356,deemon,מפלצת,nouns,4.3
357,klaviatuur,אור,nouns,0.1
358,paindlik,רפוי,adjectives,1.75
359,mitte kunagi,לאחר מכן,adverbs,0.4
360,kulutama,ללבוש,verbs,0.85
361,vanem,מבוגר,nouns,2.6
362,küüs,יד,nouns,1.1
363,tagasihoidlik,מתבייש,adjectives,2.5
364,kõri,לשון,nouns,1.15
365,laps,מבוגר,nouns,1.2
366,veen,בטן,nouns,0.55
367,ebatõenäoline,באופן ידידותי,adverbs,0.0
368,piim,מיץ,nouns,1.25
369,mehaaniline,חשמלי,adjectives,1.0
370,nutikas,ערמומי,adjectives,3.5
371,näitleja,זמר,nouns,1.9
372,näpistama,לחבוט,verbs,1.0
373,number,ציטופלזמה,nouns,0.3
374,lõdvestunud,לחוץ,adjectives,0.8
375,käsitöö,מסורת,nouns,1.25
376,rütm,שיר,nouns,1.7
377,sõna,עיתון,nouns,1.3
378,ründama,לגנות,verbs,2.75
379,sent,אנשים,nouns,0.7
380,saama,לתת,verbs,1.3
381,avalik,חבוי,adjectives,0.85
382,naksama,לחרוק,verbs,0.75
383,heameelt tegema,להפציר,verbs,0.4
384,palavik,מחלה,nouns,2.05
385,tooma,להתלונן,verbs,0.05
386,lahustama,להמיס,verbs,1.55
387,tõstma,לגדל,verbs,1.5
388,tooma,לשאת,verbs,2.05
389,habras,נוקשה,adjectives,0.55
390,karusnahk,אישה,nouns,0.4
391,suur,קל,adjectives,0.45
392,sultan,כהונה,nouns,0.65
393,tants,שמלה,nouns,0.8
394,eksam,סילבוס,nouns,1.1
395,kaootiliselt,בשלווה,adverbs,0.45
396,süüa tegema,לערבב,verbs,1.15
397,liigutatav,גמיש,adjectives,1.45
398,vabadus,חרות,nouns,5.6
399,võit,הצלחה,nouns,4.15
400,isiklik,אינטימי,adjectives,4.6
401,tõstma,לשתות,verbs,0.4
402,puitmaterjal,קורה,nouns,2.6
403,kallis,ביישן,adjectives,0.1
404,telliskivi,קיר,nouns,1.45
405,lühike,ארוך,adjectives,0.75
406,ootama,להישאר,verbs,1.7
407,usaldusväärselt,באופן סביל,adverbs,0.7
408,tasu,תשלום,nouns,3.2
409,liide,מוספית,nouns,3.25
410,advokaat,בנקאי,nouns,1.2
411,täpne,שגוי,adjectives,0.75
412,luu,לסת,nouns,1.3
413,masin,מנוע,nouns,2.3
414,aastaeg,חורף,nouns,2.3
415,loominguline,חדשני,adjectives,3.45
416,legaalne,מותר,adjectives,4.6
417,president,מצלמה,nouns,0.25
418,siiralt,לרוב,adverbs,0.55
419,naine,גבר,nouns,1.35
420,mõtlema,לברר,verbs,1.0
421,harva,לעיתים קרובות,adverbs,0.85
422,lehekülg,מילה,nouns,0.95
423,võtma,לעזוב,verbs,0.55
424,kõristi,רעש,nouns,1.9
425,määrama,לבחור,verbs,1.95
426,jääma,לקבל,verbs,0.35
427,tõesti,לחלוטין,adverbs,1.05
428,arst,דוקטור,nouns,5.1
429,keha,דם,nouns,1.2
430,kergelt,בערך,adverbs,0.6
431,ema,חבר,nouns,1.55
432,vabadus,נווה מדבר,nouns,0.6
433,telefon,טלפון סלולרי,nouns,4.2
434,viski,אלכוהול,nouns,2.3
435,võitma,להשיג,verbs,1.6
436,senat,חוקה,nouns,1.0
437,otsekohe,פעם אחת,adverbs,0.25
438,töö,משימה,nouns,3.5
439,õpilane,מורה,nouns,1.4
440,motell,אכסניה,nouns,4.3
441,liit,סכום,nouns,2.45
442,kallistama,לחנוק,verbs,0.7
443,pärast,לפני,adverbs,0.8
444,kätte toimetama,לשאת,verbs,1.3
445,kaval,מוזר,adjectives,0.85
446,meelde tuletama,להגיד,verbs,1.8
447,silp,למה,nouns,1.35
448,huul,ירך,nouns,1.0
449,lubama,לתת,verbs,2.6
450,tõlge,זר,nouns,0.8
451,süüdi,מתבייש,adjectives,1.4
452,jääma,לעזוב,verbs,0.75
453,kuulma,לדבר,verbs,0.85
454,illusioon,מציאות,nouns,1.0
455,vastandlik,אחר,adjectives,0.55
456,lumi,תחזית,nouns,1.2
457,mõte,תכנית,nouns,1.9
458,dieet,סלט,nouns,1.15
459,keel,שריר,nouns,1.1
460,peatuma,לנהוג,verbs,0.75
461,suusatamine,סנוברד,nouns,2.45
462,vaidlema,לדרוש,verbs,1.15
463,hütt,מקלט,nouns,1.55
464,kiusama,לפגוע,verbs,2.45
465,kõver,ישר,adjectives,0.8
466,tõsiselt,בכנות,adverbs,1.45
467,džinn,מנורה,nouns,0.85
468,heegeldus,מדים,nouns,0.35
469,tavaline,קר,adjectives,0.4
470,hea,מוכר,adjectives,0.7
471,president,זיהום,nouns,0.1
472,viirus,דם,nouns,1.1
473,televisioon,שחקן,nouns,1.25
474,hõivatud,עצלן,adjectives,0.55
475,compass,פיל,nouns,0.55
476,saavutama,לקבל,verbs,2.05
477,võitja,אלוף,nouns,4.35
478,loogika,חשבון,nouns,1.45
479,lind,תרנגולת,nouns,2.05
480,süüdistama,לשקר,verbs,0.65
481,pudel,מכולה,nouns,0.85
482,nahk,אופניים,nouns,0.2
483,kaabel,קוסם,nouns,0.15
484,pärima,לחפש,verbs,1.65
485,vahe,פתח,nouns,3.2
486,passivselt,בשקט,adverbs,1.15
487,karistama,לציית,verbs,0.7
488,kommunikatsioon,טלויזיה,nouns,2.1
489,õppima,להקשיב,verbs,1.7
490,valgus,מקלדת,nouns,0.1
491,demokraatia,מלוכה,nouns,1.4
492,imik,מבוגר,nouns,1.15
493,tehas,מכונית,nouns,0.7
494,keetma,לטגן,verbs,1.3
495,kombain,קנה סוכר,nouns,0.7
496,mõtlema,להרהר,verbs,4.5
497,puit,קורה,nouns,2.3
498,korrapärane,מבולגן,adjectives,0.75
499,heameelt tegema,להסכים,verbs,0.95
500,abikaasa (naine),אמא,nouns,2.4
501,ilmselgelt,באופן מקומי,adverbs,0.15
502,bänd,ליקר,nouns,0.3
503,kandma,לקרוע,verbs,0.2
504,kroonimine,מים,nouns,0.15
505,kuluma,לאפשר,verbs,0.15
506,vähk,מחלה,nouns,2.15
507,lõik,מכתב,nouns,1.15
508,imepisike,עצום,adjectives,0.75
509,deemon,מלאך,nouns,1.35
510,eesnahk,ברית מילה,nouns,1.55
511,märg,דביק,adjectives,1.45
512,vaidlema,להתווכח,verbs,1.75
513,küttekeha,מטרייה,nouns,0.6
514,väärtus,שיעור,nouns,1.8
515,jogurt,בקר,nouns,0.7
516,teadma,לתת,verbs,0.0
517,süütu,חופשי,adjectives,0.65
518,nina,פה,nouns,1.25
519,kapp,בגדים,nouns,1.0
520,ignorantne,רגיל,adjectives,0.25
521,pritsess,מלך,nouns,1.7
522,anatoomia,ביולוגיה,nouns,2.5
523,teavitama,לתאר,verbs,0.55
524,diskreetselt,בוודאי,adverbs,0.35
525,jalgratas,מכונית,nouns,1.45
526,ebavajalik,הכרחי,adjectives,0.8
527,ärritama,לדכא,verbs,1.3
528,periood,סמסטר,nouns,3.15
529,õun,ממתק,nouns,0.95
530,kerge,גדול,adjectives,0.45
531,karusnahk,מינק,nouns,3.0
532,veider,מוזר,adjectives,5.15
533,süüa tegema,לאבד,verbs,0.0
534,praadima,לאפות,verbs,2.7
535,kriitiline,חצוף,adjectives,1.1
536,vein,אלכוהול,nouns,2.3
537,vesistama,לבכות,verbs,4.35
538,analüüsima,לאמוד,verbs,2.6
539,jooma,לערבב,verbs,0.75
540,märge,משימה,nouns,0.6
541,pagema,לברוח,verbs,5.3
542,võitja,נוכחות,nouns,0.35
543,kuningas,נסיכה,nouns,1.7
544,reaktiivmootor,מטוס,nouns,1.25
545,ava,מרווח,nouns,3.2
546,tsunaami,ים,nouns,1.3
547,uhke,יהיר,adjectives,3.4
548,rütm,מנגינה,nouns,2.75
549,kuningas,נסיך,nouns,2.1
550,vajalikult,בעצם,adverbs,0.95
551,jääma,להמתין,verbs,1.7
552,kuulutama,להודיע,verbs,4.15
553,küsima,להתעלם,verbs,0.45
554,eelarvamus,דעה,nouns,2.8
555,eitama,להודות,verbs,0.85
556,küps,מתוחכם,adjectives,1.15
557,väljendama,לומר,verbs,3.85
558,modernne,עתיק,adjectives,0.8
559,kandidaat,מנצח,nouns,1.2
560,märk,מועדון,nouns,0.35
561,muusika,חליל,nouns,1.3
562,sihtima,להכות,verbs,1.25
563,hoomama,לספק,verbs,0.25
564,vann,תעלול,nouns,0.0
565,palk,עץ,nouns,2.3
566,võlgnema,להיכנס,verbs,0.05
567,teadma,להאמין,verbs,1.4
568,harmoonia,פסנתר,nouns,1.1
569,ühinema,לשתף,verbs,1.5
570,harva,לעולם לא,adverbs,1.45
571,veenma,לנסות,verbs,1.3
572,vägivaldne,כועס,adjectives,1.85
573,minema,לטייל,verbs,2.25
574,pilv,אגם,nouns,0.6
575,neutraalne,רגוע,adjectives,2.05
576,kirik,קתדרלה,nouns,4.2
577,lahustama,לערבב,verbs,1.2
578,krediit,לווה,nouns,1.6
579,artikkel,כתב יד,nouns,1.9
580,voodi,חדר שינה,nouns,1.3
581,uskumus,פרח,nouns,0.05
582,torm,ענן,nouns,1.75
583,ujuma,להיפגש,verbs,0.05
584,pihk,אצבע,nouns,1.25
585,kole,מבולגן,adjectives,1.35
586,veok,מכונית,nouns,3.0
587,sõnaraamat,אנציקלופדיה,nouns,2.25
588,imetlema,להעריץ,verbs,4.2
589,asteroid,כוכב,nouns,2.05
590,tõestama,להתווכח,verbs,1.9
591,hape,בסיס,nouns,1.1
592,tõld,עגלה,nouns,2.85
593,väide,ביקורת,nouns,1.4
594,välja vihastama,לתקוף,verbs,1.1
595,korruptsioon,הונאה,nouns,3.15
596,kabel,צריח,nouns,1.75
597,viies,עליון,adjectives,0.6
598,uus,ישן,adjectives,0.85
599,papp,נייר,nouns,2.65
600,laadima,לתעב,verbs,0.4
601,jää,מים,nouns,2.4
602,noomima,לדרוש,verbs,1.3
603,supp,סעודה,nouns,1.65
604,tunnistama,להודיע,verbs,1.35
605,aju,תודעה,nouns,1.75
606,mosaiik,בזיליקה,nouns,1.4
607,ideaalselt,באופן מציאותי,adverbs,0.95
608,katedraal,תקרה,nouns,0.9
609,loodus,צמחייה,nouns,2.5
610,pott,מכשיר,nouns,0.65
611,tagasihoidlikult,בעוני,adverbs,0.8
612,läbi kukkuma,להצליח,verbs,0.8
613,laenama,לתת,verbs,2.67
614,kitarr,פורל,nouns,0.05
615,varastama,לקנות,verbs,0.65
616,tool,ספה,nouns,2.0
617,kirg,רגש,nouns,3.45
618,äri,תעשייה,nouns,2.05
619,hing,אח,nouns,0.4
620,ütlema,להשתתף,verbs,0.65
621,masin,מחשב,nouns,2.2
622,unistus,שמיים,nouns,0.8
623,imenduma,להחזיק,verbs,0.55
624,prognoos,מעונן,nouns,1.15
625,juust,לחם,nouns,1.2
626,aru saama,לקלוט,verbs,4.5
627,tõesti,חשוב,adverbs,0.8
628,planeet,ירח,nouns,1.95
629,põhi,פסגה,nouns,0.95
630,sukelduma,ליצור,verbs,0.25
631,tee,כביש מהיר,nouns,4.2
632,umbes,באופן אמין,adverbs,0.35
633,rahvastik,אנשים,nouns,3.15
634,kannatused,ייאוש,nouns,2.75
635,mõnikord,בוודאי,adverbs,0.15
636,säär,זרוע,nouns,1.75
637,vitamiin,ברזל,nouns,1.25
638,ärritunud,מובך,adjectives,0.65
639,muutma,להתחלף,verbs,2.75
640,jooksma,לרכב,verbs,0.9
641,maja,שטיח,nouns,0.8
642,hajuma,לשחוק,verbs,2.15
643,defineerima,להבהיר,verbs,3.2
644,pull,עגל,nouns,2.05
645,närviline,בטוח,adjectives,0.3
646,uus,טרי,adjectives,3.75
647,kena,חברותי,adjectives,2.35
648,hoidma,להגן,verbs,3.9
649,ballaad,שיר,nouns,3.65
650,telefon,קורבן,nouns,0.3
651,putukas,מדביר,nouns,1.15
652,esineja,שיר,nouns,0.95
653,lugu,נושא,nouns,1.75
654,kaotama,להיכשל,verbs,2.4
655,ilm,שלג,nouns,1.2
656,süda,ניתוח,nouns,0.75
657,kaudne,לא אמין,adjectives,1.4
658,poiss,אח,nouns,2.25
659,sõjalaev,ספינת מלחמה,nouns,5.2
660,teras,סגסוגת,nouns,2.95
661,meeleolu,רגש,nouns,3.5
662,küpselt,בצדקנות,adverbs,0.65
663,ärritama,לנחש,verbs,0.25
664,pesapall,ספה,nouns,0.2
665,välistama,לשאוף,verbs,0.1
666,president,פוליטיקאי,nouns,2.65
667,kõht,קורס,nouns,0.05
668,tuba,אמבטיה,nouns,1.0
669,haruldane,יוצא דופן,adjectives,4.5
670,õli,מינק,nouns,0.35
671,vägi,כוח,nouns,4.15
672,rahumeelselt,ברוגע,adverbs,5.0
673,säravalt,בקלות,adverbs,0.7
674,nädal,סוף שבוע,nouns,1.55
675,põlgama,לשנוא,verbs,4.65
676,heameelt tegema,לספק,verbs,3.1
677,aktsepeerima,להכחיש,verbs,0.35
678,alustama,להפסיק,verbs,0.8
679,hertsog,רפובליקה,nouns,0.8
680,lubama,לאפשר,verbs,4.25
681,intiimne,אישי,adjectives,4.6
682,magamistuba,אופניים,nouns,0.2
683,talv,עונה,nouns,2.3
684,sisalik,נחש,nouns,1.95
685,oluline,זעיר,adjectives,0.75
686,kange,קל,adjectives,0.45
687,kombineeritud,מעורבב,adjectives,3.35
688,põõsas,פרח,nouns,1.9
689,ilmselgelt,כביכול,adverbs,1.25
690,keeruline,קל,adjectives,0.75
691,abielluma,להתארס,verbs,1.75
692,puu,מייפל,nouns,2.45
693,inimene,חיה,nouns,1.45
694,homofoon,פוטופון,nouns,0.6
695,seaduserikkuja,פושע,nouns,5.15
696,ulatus,עומק,nouns,2.35
697,haigus,סרטן,nouns,2.15
698,teooria,תאורמה,nouns,1.95
699,torm,שלג,nouns,1.85
700,näitleja,פאון,nouns,0.75
701,otsima,לצוד,verbs,2.1
702,palee,גורד שחקים,nouns,1.45
703,alamprogramm,מהדר,nouns,1.35
704,sõrm,יד,nouns,1.25
705,nautima,לבדר,verbs,2.1
706,küünarnukk,עצם,nouns,1.6
707,käsi,רגל,nouns,1.4
708,kahtlemata,בוודאי,adverbs,4.95
709,rõõm,גאווה,nouns,1.7
710,püüdma,לקבל,verbs,1.35
711,näitleja,טלויזיה,nouns,1.25
712,aatom,מולקולה,nouns,2.05
713,nüri,מלהיב,adjectives,0.5
714,jagama,לכפול,verbs,1.15
715,sõna,רמז,nouns,0.7
716,selgitama,להגדיר,verbs,3.2
717,muffin,פטרוזיליה,nouns,0.6
718,veok,חבילה,nouns,1.0
719,vihkama,להינות,verbs,0.25
720,naine,משימה,nouns,0.05
721,raamat,טקסט,nouns,2.35
722,agressivne,חצוף,adjectives,1.85
723,kõht,חדר שינה,nouns,0.15
724,hümn,כבוש,nouns,0.4
725,aktsia,נכס,nouns,2.95
726,närv,גוף,nouns,0.85
727,õigustama,לטעון,verbs,2.05
728,floora,טבע,nouns,2.5
729,mask,מסיבה,nouns,0.9
730,osa,תקופה,nouns,3.85
731,raske,פשוט,adjectives,0.65
732,värav,מנצח,nouns,0.9
733,puhas,ללא רבב,adjectives,4.25
734,patsient,פגישה,nouns,0.95
735,haige,משוגע,adjectives,1.25
736,säilitama,להישאר,verbs,1.15
737,dollar,מיליונר,nouns,1.05
738,kurbus,שמחה,nouns,1.05
739,teadma,להבין,verbs,2.7
740,sõdur,ילד,nouns,0.85
741,mahl,מילקשייק,nouns,1.7
742,ümbermaailmareis,מטען,nouns,0.55
743,vaikselt,בטבעיות,adverbs,0.65
744,ettevaatlikult,בבטחה,adverbs,2.85
745,optimistlikult,ייתכן,adverbs,1.15
746,sõnaraamat,הגדרה,nouns,1.75
747,liha,לחם,nouns,0.8
748,andestama,לשכוח,verbs,1.25
749,imlselgelt,בערך,adverbs,0.5
750,pudel,קנקן,nouns,2.65
751,ära tõukama,לתת,verbs,0.6
752,osalema,לשתף,verbs,2.2
753,ahv,קמפיין,nouns,0.05
754,kaos,שיעור,nouns,0.25
755,puuvijaaed,יען,nouns,0.1
756,soovitama,לקבל,verbs,0.8
757,psühholoogia,מדע,nouns,1.95
758,õpilane,נשיא,nouns,0.4
759,tõld,מכונית,nouns,1.75
760,uks,קומה,nouns,1.1
761,ball,תחפושת,nouns,0.9
762,jumal,אב,nouns,0.35
763,haruldane,אקזוטי,adjectives,4.5
764,vihm,ברד,nouns,2.6
765,kits,פרה,nouns,1.4
766,rebima,ללבוש,verbs,0.2
767,tihedalt,בנחישות,adverbs,2.3
768,taburet,כיסא,nouns,3.65
769,otsing,מטרה,nouns,1.35
770,tõstma,לגרור,verbs,1.25
771,kaasamine,פגישה,nouns,0.75
772,halb,מושחת,adjectives,2.8
773,asjaolu,מצב,nouns,3.85
774,vahekäik,פרוזדור,nouns,4.15
775,lai,צר,adjectives,0.75
776,kaitsma,לעזור,verbs,1.6
777,riided,כפתור,nouns,1.05
778,brändi,אלכוהול,nouns,2.45
779,võti,מנעול,nouns,1.5
780,abielluma,להצטרף,verbs,1.2
781,sassis,נקי,adjectives,0.7
782,veen,בחירה,nouns,0.05
783,aritmeetika,קצב,nouns,0.75
784,rand,שונית,nouns,1.45
785,tagasihoidlik,גמיש,adjectives,0.45
786,usaldusväärselt,בערך,adverbs,0.35
787,toores,חצוף,adjectives,3.0
788,rändama,לשוטט,verbs,4.0
789,vili,תירס,nouns,1.7
790,tähelepanuta jätma,לנשל,verbs,1.35
791,paber,עץ,nouns,1.45
792,udu,ענן,nouns,2.48
793,kass,אריה,nouns,1.95
794,häbenev,עצוב,adjectives,0.65
795,vaba,תמים,adjectives,0.65
796,kuulsus,עושר,nouns,1.4
797,president,תלמיד,nouns,0.4
798,põrand,תקרה,nouns,1.2
799,pidu,מסיכה,nouns,0.9
800,julgustama,לדכא,verbs,0.55
801,ärritama,לפגוע,verbs,1.55
802,õnnetus,אסון,nouns,4.3
803,kohalolek,מנצח,nouns,0.35
804,hävitama,ליצור,verbs,0.9
805,intelligentsus,מיומנות,nouns,1.6
806,kaklema,להרוג,verbs,1.0
807,kontor,עובד,nouns,0.95
808,üksildane,מסכן,adjectives,1.1
809,suvi,חורף,nouns,1.25
810,koidik,יום,nouns,1.85
811,ebaviisakas,תוקפני,adjectives,1.85
812,vähenema,לרדת,verbs,1.25
813,nutma,להתייפח,verbs,4.35
814,kena,נקי,adjectives,2.55
815,lift,תיבה,nouns,0.45
816,pilv,תחזית,nouns,1.35
817,hobune,סוסון,nouns,2.75
818,pöörane,חולה,adjectives,1.25
819,aktiivselt,במדוייק,adverbs,0.9
820,kirss,תות,nouns,1.55
821,kurvalt,נורא,adverbs,0.8
822,hoidma,לתת,verbs,0.55
823,hoovus,נהר,nouns,1.35
824,räpane,זול,adjectives,1.05
825,halvenema,לנגב,verbs,0.05
826,taotleja,מועמדות,nouns,1.9
827,pärl,כסף,nouns,0.7
828,häbenev,אשם,adjectives,1.4
829,põhiliselt,לרוב,adverbs,4.15
830,aed,צינור,nouns,1.05
831,hävitama,להרוג,verbs,2.3
832,hommikusöök,ארוחת ערב,nouns,1.8
833,otsustama,לחשוב,verbs,1.65
834,sammal,דשא,nouns,1.75
835,äsja,באופן מציאותי,adverbs,0.25
836,mägi,אדן,nouns,0.75
837,häbenev,צנוע,adjectives,2.5
838,ebaküps,חסר אחריות,adjectives,2.45
839,luu,מרפק,nouns,1.6
840,jard,אינץ',nouns,1.65
841,uskumus,רושם,nouns,1.15
842,viiul,כלי,nouns,1.9
843,laenama,לחוב,verbs,1.35
844,hindama,לנתח,verbs,2.6
845,riided,מגירה,nouns,1.05
846,teooria,כימיה,nouns,0.5
847,täkk,בחור,nouns,1.55
848,merevägi,צבא,nouns,3.0
849,klassiruum,פרוזדור,nouns,0.85
850,otsima,לתשאל,verbs,1.65
851,raskus,מאמץ,nouns,2.55
852,lend,תעופה,nouns,2.35
853,päev,בוקר,nouns,1.85
854,negatiivne,לעולם לא,adjectives,1.35
855,tavaliselt,לעיתים נדירות,adverbs,1.15
856,sahtel,בגדים,nouns,1.05
857,lagi,קתדרלה,nouns,0.9
858,kannatamatult,בערך,adverbs,0.3
859,erinev,נורמלי,adjectives,0.85
860,kahtlusalune,איש,nouns,0.85
861,kohv,פול,nouns,1.4
862,punane,כחול,adjectives,1.0
863,müüma,להזכיר,verbs,0.0
864,kolledž,כיתה,nouns,1.35
865,kokkulepe,חור,nouns,0.05
866,massiivselt,בפתיחות,adverbs,0.45
867,tass,כף,nouns,1.35
868,naljakas,עצוב,adjectives,0.85
869,nutma,לייבב,verbs,4.1
870,vormimata,מדים,adjectives,0.4
871,brändi,יין,nouns,2.0
872,trikk,גודל,nouns,0.05
873,liha,סטייק,nouns,3.85
874,vann,חדר,nouns,1.0
875,keskpärane,רע,adjectives,1.2
876,uskuma,לדעת,verbs,1.4
877,peen,בוגר,adjectives,1.15
878,ütlema,להזכיר,verbs,1.8
879,pakt,תנאי,nouns,0.8
880,normaalselt,יומיומי,adverbs,3.75
881,helde,נחמד,adjectives,1.8
882,pisik,פתוגן,nouns,3.7
883,näts,מנטה,nouns,1.0
884,panema,לתת,verbs,0.7
885,etendus,מתמטיקאי,nouns,0.1
886,kaval,פיקח,adjectives,3.5
887,keel,שקיעה,nouns,0.05
888,leidma,לחפש,verbs,1.35
889,segama,לרכב,verbs,0.5
890,moslem,בישוף,nouns,1.1
891,bioloogia,ביוטופ,nouns,1.45
892,tapma,להגן,verbs,0.7
893,jõud,עוצמה,nouns,4.15
894,jälitama,לתפוס,verbs,1.95
895,riided,ארון,nouns,1.0
896,pöörane,שמח,adjectives,0.8
897,hambaarst,דוקטור,nouns,5.1
898,suurepärane,נורא,adjectives,0.65
899,vihm,טפטוף,nouns,3.55
900,jakk,סוודר,nouns,1.9
901,dekoratsioon,קיר,nouns,0.85
902,mugavalt,בקלות,adverbs,1.55
903,kriitika,טיעון,nouns,1.4
904,tähelepanu,עניין,nouns,2.6
905,robootika,סימולציה,nouns,1.3
906,mulje,אמונה,nouns,1.15
907,ausalt,באופן לא הוגן,adverbs,0.75
908,kasvatama,להתרחב,verbs,3.85
909,kass,ארנב,nouns,1.15
910,veski,זרע,nouns,1.0
911,heledus,כוכב,nouns,1.4
912,krokodill,לטאה,nouns,2.7
913,trikk,משחק,nouns,1.6
914,terav,מתון,adjectives,0.6
915,maksma,לקנות,verbs,2.45
916,mäletama,לחשוב,verbs,1.8
917,suund,בטן,nouns,0.05
918,õlg,גוף,nouns,1.3
919,kauss,צלחת,nouns,2.6
920,sipelgas,דבורה,nouns,1.35
921,jalg,בסיס,nouns,0.8
922,kood,סמל,nouns,2.1
923,vaidlema,להצדיק,verbs,2.05
924,kuju,פסל,nouns,4.4
925,kana,אורז,nouns,0.95
926,muru,שורש,nouns,1.2
927,otseloomulikult,בחשאי,adverbs,0.35
928,ette kujutama,להתחזות,verbs,1.25
929,keha,לבנים,nouns,0.6
930,koheselt,בקרוב,adverbs,2.05
931,võib-olla,כנראה,adverbs,3.65
932,raamat,מידע,nouns,1.25
933,jõgi,זרם,nouns,1.35
934,saar,חצי אי,nouns,2.55
935,ära ütlema,לסרב,verbs,4.9
936,mehed,אחוה,nouns,1.05
937,lämmatama,לחבק,verbs,0.7
938,püüdma,לרדוף,verbs,1.95
939,väetis,צמיחה,nouns,1.35
940,slaid,מצביע,nouns,0.25
941,õhtu,שקיעה,nouns,1.95
942,ebaausalt,ללא הגיון,adverbs,1.9
943,kael,עצם,nouns,0.95
944,tõsiselt,בחשיבות,adverbs,2.45
945,sajand,עשור,nouns,1.55
946,hulktahukas,שחקן,nouns,0.75
947,huul,פה,nouns,1.85
948,sale,רזה,adjectives,4.9
949,valima,לקטוף,verbs,1.55
950,õnnelik,כועס,adjectives,0.65
951,raamat,תורה,nouns,1.55
952,sõjamees,גבר,nouns,1.8
953,mull,קצף,nouns,2.25
954,tähistama,להפתיע,verbs,1.0
955,lõdvestunud,רגוע,adjectives,4.3
956,nõustuma,לחלוק,verbs,0.75
957,pettus,פשע,nouns,2.85
958,suur,לאומי,adjectives,0.8
959,karjuma,להתווכח,verbs,1.5
960,trumm,גיטרה,nouns,1.65
961,küsima,לעזור,verbs,1.35
962,katma,להסוות,verbs,2.75
963,oaas,חופש,nouns,0.6
964,solvama,להטריד,verbs,1.3
965,lahutama,להפסיד,verbs,1.6
966,kummaliselt,באופן חריג,adverbs,4.7
967,reisima,ללכת,verbs,2.25
968,ketas,מטען,nouns,0.3
969,innovatiivne,יצירתי,adjectives,3.45
970,paindlik,נייד,adjectives,1.45
971,ebanormaalselt,בדרך כלל,adverbs,0.75
972,sviiter,כותנה,nouns,1.2
973,vilistama,לעצור,verbs,0.25
974,kirjanik,רומן,nouns,1.4
975,üle saama,לשלוט,verbs,0.7
976,lennuk,מסוק,nouns,2.4
977,kirikutorn,קפלה,nouns,1.75
978,peenike,צנום,adjectives,4.9
979,kallistama,להתרכבל,verbs,4.0
980,tööandja,עובד,nouns,1.45
981,galaktika,אסטרונום,nouns,1.35
982,antropoloogia,ארכיאולוגיה,nouns,1.65
983,pärinema,לגלות,verbs,0.55
984,preester,נביא,nouns,1.65
985,pärinema,להתחיל,verbs,1.7
986,suhtumine,אמון,nouns,0.75
987,apelsin,פרי הדר,nouns,3.2
988,keel,תקשורת,nouns,1.85
989,saba,קערה,nouns,0.0
990,jalg,ראש,nouns,1.0
991,auk,הסכם,nouns,0.05
992,ksenofoobia,גזענות,nouns,3.0
993,kaklema,לנשוך,verbs,1.15
994,sosistama,לדבר,verbs,2.2
995,kitsas,ארוך,adjectives,1.35
996,terav,חלק,adjectives,0.85
997,jahtima,לחפש,verbs,2.1
998,vahetama,להשתנות,verbs,2.75
999,naerma,לשיר,verbs,0.55
1000,korporatsioon,גברים,nouns,1.05
1001,aktsepteerima,להאמין,verbs,1.4
1002,kaitsma,להציל,verbs,2.3
1003,aktiivselt,באופן פסיבי,adverbs,0.45
1004,saama,לארגן,verbs,0.9
1005,kerge,מורכב,adjectives,0.75
1006,õlu,משקה,nouns,1.85
1007,seeme,חרדל,nouns,1.25
1008,kerge,קשה,adjectives,0.55
1009,leegion,צבא,nouns,3.1
1010,vöö,לולאה,nouns,1.15
1011,tennis,סטטיסטיקה,nouns,0.3
1012,kuritegu,גניבה,nouns,2.7
1013,imiteerima,לגלם,verbs,3.45
1014,au andma,להופיע,verbs,0.45
1015,koor,כנסייה,nouns,1.55
1016,tool,מיטה,nouns,1.05
1017,vähendama,לספוג,verbs,0.5
1018,lugema,לנשוך,verbs,0.1
1019,poster,נייר,nouns,2.0
1020,priius,חופש,nouns,5.6
1021,lonkama,ללכת,verbs,1.9
1022,vannituba,מטבח,nouns,1.4
1023,paat,עוגן,nouns,1.3
1024,jagama,לאחד,verbs,1.05
1025,kuul,תותח,nouns,1.2
1026,portreteerima,להחליט,verbs,0.4
1027,suhtlus,שפה,nouns,1.85
1028,vältima,להכחיש,verbs,1.85
1029,turvaliselt,בזהירות,adverbs,2.85
1030,kohutav,מעולה,adjectives,0.65
1031,riided,בד,nouns,2.25
1032,meierei,דבש,nouns,0.4
1033,pea,ציפורן,nouns,0.6
1034,ajakirjanik,משורר,nouns,1.5
1035,armee,צי,nouns,3.0
1036,lärm,רעשן,nouns,1.9
1037,karm,קל,adjectives,0.55
1038,nüri,מצחיק,adjectives,0.55
1039,varras,וילון,nouns,0.85
1040,loobuma,לנשל,verbs,2.15
1041,film,תיאטרון,nouns,1.45
1042,kurv,זווית,nouns,2.1
1043,arst,אורתודונט,nouns,2.9
1044,jalg,גף,nouns,2.8
1045,kallistama,למחוץ,verbs,1.2
1046,matma,למות,verbs,1.05
1047,sile,חד,adjectives,0.85
1048,atsetüülkoliin,איריס,nouns,0.65
1049,rannik,גדה,nouns,3.3
1050,koidik,לילה,nouns,1.6
1051,laine,מזג אוויר,nouns,0.5
1052,kukkuma,להיפצע,verbs,1.5
1053,õrnalt,בבהירות,adverbs,0.7
1054,reostus,אטמוספירה,nouns,0.7
1055,valu,נזק,nouns,1.9
1056,raha,הון,nouns,4.0
1057,andma,להניח,verbs,0.7
1058,tolm,מטאטא,nouns,1.2
1059,võimlemine,סיוף,nouns,1.45
1060,kino,פופקורן,nouns,1.05
1061,taldrik,קערה,nouns,2.6
1062,voodi,מרפאה,nouns,1.1
1063,ülesanne,כביש,nouns,0.1
1064,nurjuma,לדכא,verbs,0.9
1065,mais, דגן,nouns,1.7
1066,pudel,פחית,nouns,1.6
1067,hauakamber,קבורה מחדש,nouns,1.25
1068,kätte toimetama,לקבל,verbs,0.8
1069,oluline,מכריע,adjectives,3.55
1070,osalema,להגיד,verbs,0.65
1071,uhkelt,בשלווה,adverbs,0.45
1072,uhke,נועז,adjectives,1.15
1073,saama,לשים,verbs,0.5
1074,valitseja,מלך,nouns,4.4
1075,aitama,לבקש,verbs,1.35
1076,enamasti,בעיקר,adverbs,4.15
1077,täpselt,נמרצות,adverbs,0.9
1078,otsustama,לשפוט,verbs,2.2
1079,kõrs,רעיה,nouns,0.1
1080,ratsionaliseerima,לחשוב,verbs,1.8
1081,vajalik,מיותר,adjectives,0.8
1082,ära tõukama,להתכחש,verbs,2.15
1083,mitte kunagi,בכנות,adverbs,0.0
1084,uks,מטבח,nouns,0.7
1085,uskumatult,בחוזקה,adverbs,1.0
1086,põikpäine,טיפש,adjectives,1.55
1087,kummaline,רגיל,adjectives,0.85
1088,normaalne,משונה,adjectives,0.8
1089,kitsas,דק,adjectives,2.95
1090,alati,פעמיים,adverbs,0.45
1091,piparmünt,מוזיאון,nouns,0.2
1092,valk,ידית,nouns,0.0
1093,välja tõstma,להשאיר,verbs,1.0
1094,tulema,להגיע,verbs,4.55
1095,sekund,דקה,nouns,2.0
1096,intelligentsus,בורות,nouns,0.75
1097,jumaldama,להתפעל,verbs,4.2
1098,arreteerima,לחשוד,verbs,1.05
1099,külm,רגיל,adjectives,0.4
1100,maja,מפתח,nouns,1.15
1101,eeldama,לחזות,verbs,3.0
1102,komm,תפוח,nouns,0.95
1103,tunnistama,להסכים,verbs,3.7
1104,veenma,לרדוף,verbs,0.4
1105,negatiivselt,באופן לא טבעי,adverbs,1.0
1106,steik,בשר,nouns,3.85
1107,unustama,לדעת,verbs,0.7
1108,jalgratas,חדר שינה,nouns,0.2
1109,petersell,מאפין,nouns,0.6
1110,organiseerima,להפוך,verbs,0.9
1111,ankur,סירה,nouns,1.3
1112,skulptuur,אנדרטה,nouns,4.4
1113,naerma,לבכות,verbs,1.0
1114,osoon,אטמוספירה,nouns,2.8
1115,ball,כפפה,nouns,0.7
1116,kaotama,להחסיר,verbs,1.6
1117,atmosfäär,אוזון,nouns,2.8
1118,võtma,לשאת,verbs,1.5
1119,ilm,ענן,nouns,1.35
1120,saar,נסיכה,nouns,0.3
1121,vesi,מלח,nouns,0.9
1122,jõukus,יוקרה,nouns,1.95
1123,ebaviisakas,ביקורתי,adjectives,1.1
1124,väljuv,נכנס,adjectives,0.9
1125,vildakas,מעוקל,adjectives,4.5
1126,analüüsima,להשוות,verbs,2.65
1127,unustama,לשמור,verbs,0.75
1128,magamistuba,אמבטיה,nouns,1.25
1129,raamat,נושא,nouns,0.85
1130,lisama,לבנות,verbs,1.6
1131,lumelaud,סקי,nouns,2.45
1132,õpetaja,תלמיד,nouns,1.4
1133,vaidlus,דיון,nouns,2.6
1134,arendus,גיוס כספים,nouns,0.65
1135,lihas,לשון,nouns,1.1
1136,ukseava,דלת,nouns,2.9
1137,relv,אנשים,nouns,0.35
1138,koidik,אקדח,nouns,0.05
1139,uskumus,ערך,nouns,2.1
1140,vallutus,קרב,nouns,1.95
1141,tegu,דרך,nouns,1.65
1142,kampaania,קוף,nouns,0.05
1143,lihtne,מורכב,adjectives,1.25
1144,tõend,עובדה,nouns,2.35
1145,pooma,להרוג,verbs,1.95
1146,pädevus,יכולת,nouns,4.0
1147,laulja,שחקן,nouns,1.9
1148,rahvas,אקדח,nouns,0.35
1149,tava,חוק,nouns,3.15
1150,teekond,טיול,nouns,4.5
1151,suhkruroog,קומביין,nouns,0.7
1152,võlgnema,להלוות,verbs,1.35
1153,käsi,כתף,nouns,1.65
1154,aritmeetika,היגיון,nouns,1.45
1155,mitte kunagi,שלילי,adjectives,1.35
1156,tehing,אגורה,nouns,0.3
1157,maailm,גלובוס,nouns,3.65
1158,rahe,גשם,nouns,2.6
1159,kurjategija,עבריין,nouns,5.15
1160,tabama,לפספס,verbs,0.9
1161,saama,לתפוס,verbs,1.35
1162,iganädalane,חודשי,adjectives,1.4
1163,kuulama,ללמוד,verbs,1.7
1164,kanjon,עמק,nouns,3.85
1165,hoiatama,לעצור,verbs,0.6
1166,anuma,להתחנן,verbs,4.4
1167,lahkuma,להמתין,verbs,0.3
1168,sisehõõrdumine,התזה,nouns,0.35
1169,haigus,זיהום,nouns,2.35
1170,võistlema,לסיים,verbs,0.3
1171,vihkama,לתעב,verbs,4.65
1172,kaks korda,פעם אחת,adverbs,1.25
1173,keel,לחי,nouns,1.15
1174,tekk,סערה,nouns,0.65
1175,kodutu,מיליונר,nouns,0.85
1176,järg,מצלמה,nouns,0.05
1177,meloodia,קצב,nouns,2.75
1178,raud,ויטמין,nouns,1.25
1179,üdi,דם,nouns,1.3
1180,lihtne,קל,adjectives,3.8
1181,ratas,עור,nouns,0.2
1182,ohver,טלפון,nouns,0.3
1183,õnnelikult,בבטחה,adverbs,1.0
1184,odav,מלוכלך,adjectives,1.05
1185,tükk,שדה תעופה,nouns,0.1
1186,tüütama,להחמיר,verbs,0.9
1187,astronoom,גלקסיה,nouns,1.35
1188,fantaasia,מציאות,nouns,1.1
1189,teispoolsus,גיהנום,nouns,1.65
1190,noor,עצבני,adjectives,0.75
1191,abikaasa (naine),אמבטיה,nouns,0.05
1192,harima,ללמוד,verbs,2.35
1193,äkkrünnak,מתקפה,nouns,3.65
1194,delta,ים,nouns,1.3
1195,pottsepatöö,קרמיקה,nouns,3.7
1196,tööandja,מועסק,nouns,1.5
1197,kinnas,כדור,nouns,0.7
1198,pühkima,להתדרדר,verbs,0.05
1199,eitama,להימנע,verbs,1.85
1200,harilik,מוזר,adjectives,0.85
1201,vend,בן,nouns,1.7
1202,teadma,להבין,verbs,2.6
1203,omama,לספוג,verbs,0.55
1204,paberraha,תשלום,nouns,0.65
1205,pilv,סערה,nouns,1.75
1206,mäng,טריק,nouns,1.6
1207,raha,מזומן,nouns,3.75
1208,meri,נהר,nouns,1.9
1209,kindlustunne,עצמי,nouns,0.95
1210,kohut mõistma,להעיד,verbs,1.05
1211,taevas,יקום,nouns,1.85
1212,muuseum,מינט,nouns,0.2
1213,saatma,לקבל,verbs,0.75
1214,kiiver,נשק,nouns,1.05
1215,meedium,חדשות,nouns,2.15
1216,pilv,ערפל,nouns,2.48
1217,mära,סוס,nouns,3.1
1218,püüdma,ללכוד,verbs,4.8
1219,lahkuma,להגיע,verbs,0.85
1220,palk,כסף,nouns,3.5
1221,basiilika,פסיפס,nouns,1.4
1222,võõrsil,בבית,adverbs,0.9
1223,spetsiaalselt,באופן משמעותי,adverbs,2.0
1224,sõber,מורה,nouns,1.05
1225,raske,גדול,adjectives,1.8
1226,vinge,רע,adjectives,0.35
1227,tulema,להביא,verbs,0.75
1228,stiil,אלגנטיות,nouns,2.6
1229,passiivselt,באופן אמין,adverbs,0.7
1230,omama,לשמור,verbs,2.4
1231,jõgi,עמק,nouns,1.25
1232,entroopia,מידע,nouns,1.55
1233,lennujaam,מטוס,nouns,1.4
1234,gravitatsioon,מטאור,nouns,0.9
1235,andma,לקבל,verbs,1.3
1236,doktor,רופא,nouns,5.1
1237,piloot,נהג,nouns,2.2
1238,sild,קלף,nouns,0.85
1239,umbes,בוודאי,adverbs,0.5
1240,kallas,גדה,nouns,3.35
1241,surmavalt,אחרת,adverbs,0.2
1242,loll,נדיר,adjectives,0.1
1243,poeg,ילד,nouns,3.2
1244,elekter,תיבה,nouns,0.4
1245,uus,עתיק,adjectives,0.7
1246,maks,הכנסה,nouns,1.0
1247,tapma,להילחם,verbs,1.0
1248,unustama,להתעלם,verbs,1.5
1249,taasmatmine,קבר,nouns,1.25
1250,lööma,למשוך,verbs,0.75
1251,programm,אוכל,nouns,0.4
1252,saama,לעשות,verbs,1.1
1253,vedelik,זרבובית,nouns,1.05
1254,kuningas,נפוטיזם,nouns,1.25
1255,passiivne,אלים,adjectives,0.55
1256,omama,לקחת,verbs,1.9
1257,ronima,לטייל,verbs,1.75
1258,ministeerium,סולטן,nouns,0.65
1259,puur,סירה,nouns,0.55
1260,kindlalt,בהחלט,adverbs,4.95
1261,tegema,לקרות,verbs,1.1
1262,haiget tegema,להעציב,verbs,1.55
1263,lill,סיגלית,nouns,2.25
1264,anarhia,כאוס,nouns,3.75
1265,mitte kunagi,לעיתים רחוקות,adverbs,1.45
1266,vaatama,לחפש,verbs,1.75
1267,laul,מבצע,nouns,0.95
1268,lusikas,כוס,nouns,1.35
1269,mast,דגל,nouns,1.5
1270,ise,ביטחון,nouns,0.95
1271,kuup,צעצוע,nouns,1.1
1272,sõber,אורח,nouns,2.05
1273,ülevõim,אומניפוטנטיות,nouns,2.65
1274,luu,שיניים,nouns,1.85
1275,bioloogia,אנטומיה,nouns,2.5
1276,tahe,כוונה,nouns,4.15
1277,kõver,עקום,adjectives,4.5
1278,sein,קישוט,nouns,0.85
1279,saatma,להגיע,verbs,0.8
1280,anuma,לבקש,verbs,3.55
1281,päikeseloojang,שולחן,nouns,0.05
1282,liikuma,להתפתל,verbs,1.05
1283,hing,אל,nouns,0.95
1284,jalg,יד,nouns,1.4
1285,ainulaadne,הפוך,adjectives,0.7
1286,jäätisekokteil,מיץ,nouns,1.7
1287,harima,ללמד,verbs,4.45
1288,rassism,קסנופוביה,nouns,3.0
1289,tagasi lükkama,לגנות,verbs,1.5
1290,rebane,כלב,nouns,1.45
1291,kõrs,המנון,nouns,0.0
1292,vaene,בודד,adjectives,1.1
1293,tabama,לכוון,verbs,1.25
1294,voodi,שמיכה,nouns,1.3
1295,hirmus,רע,adjectives,2.55
1296,vaip,בית,nouns,0.8
1297,aasta,יום הולדת,nouns,1.2
1298,hädaline,חסר ישע,adjectives,3.3
1299,müüt,סאטירה,nouns,1.05
1300,kaaspiloot,שוטר,nouns,0.75
1301,kallama,לטפטף,verbs,1.75
1302,krõmpsutama,לפצח,verbs,0.75
1303,mööbel,דירה,nouns,1.05
1304,org,קניון,nouns,3.85
1305,ignoreerima,לחקור,verbs,0.3
1306,ekseem,דרמטיטיס,nouns,2.3
1307,voodi,ספה,nouns,2.4
1308,peatama,להמתין,verbs,1.2
1309,seletama,לשוחח,verbs,1.8
1310,ignoreerima,לשכוח,verbs,1.5
1311,ülikoolilinnak,אוניברסיטה,nouns,2.1
1312,fakt,הוכחה,nouns,2.35
1313,lahkelt,בצורה יפה,adverbs,3.85
1314,suur,גמיש,adjectives,0.3
1315,kalkun,תרנגולת,nouns,1.55
1316,rumal,פתי,adjectives,2.55
1317,skeemitaja,אסטרטג,nouns,3.25
1318,uudised,רכילות,nouns,2.2
1319,teadlikkus,עניין,nouns,2.0
1320,kummaline,ערמומי,adjectives,0.85
1321,laul,סיפור,nouns,2.5
1322,õpilane,סטודנט,nouns,4.45
1323,rütm,חשבון,nouns,0.75
1324,tõbi,זיהום,nouns,2.65
1325,maks,ריאה,nouns,1.25
1326,kiir,שמש,nouns,1.55
1327,hiir,הנהלה,nouns,0.0
1328,vihmavari,קליבר,nouns,0.35
1329,mõtisklema,לחשוב,verbs,4.5
1330,ebatäpselt,בדיוק,adverbs,0.75
1331,rivi,רשימה,nouns,2.25
1332,patune,קדוש,nouns,0.85
1333,saama,להראות,verbs,0.3
1334,raamat,מאמר,nouns,1.55
1335,kaamera,נשיא,nouns,0.25
1336,kott,ארנק,nouns,3.2
1337,tõmbama,לדחוף,verbs,0.8
1338,käsikiri,ספר,nouns,2.15
1339,vastu võtma,למסור,verbs,0.8
1340,määrama,לחזות,verbs,1.45
1341,ettevaatlikult,בקפידה,adverbs,3.95
1342,nautima,לשנוא,verbs,0.25
1343,liha,בקר,nouns,2.75
1344,peatükk,פרק,nouns,3.85
1345,seebivaht,בועה,nouns,2.25
1346,suurus,טריק,nouns,0.05
1347,puuvill,פוליאסטר,nouns,1.2
1348,lisama,להפריד,verbs,0.65
1349,aeg-ajalt,בקביעות,adverbs,1.5
1350,juhataja,מנהיג,nouns,3.75
1351,sulam,פלדה,nouns,2.95
1352,sõna,ביטוי,nouns,2.4
1353,turvaline,מעיק,adjectives,0.35
1354,eriline,בעל ערך,adjectives,3.0
1355,kohalikult,בוודאי,adverbs,0.15
1356,tseremoonia,חגיגה,nouns,3.35
1357,eksamineerima,לפקח,verbs,2.8
1358,televisioon,תקשורת,nouns,2.1
1359,fakt,תובנה,nouns,1.7
1360,sent,גודל,nouns,0.45
1361,tark,אינטליגנטי,adjectives,5.15
1362,kindlus,גישה,nouns,0.75
1363,arheoloogia,אנתרופולוגיה,nouns,1.65
1364,entsüklopeedia,מילון,nouns,2.25
1365,lõimima,לנוע,verbs,1.05
1366,jahu,לחם,nouns,1.35
1367,asendus,החלפה,nouns,3.7
1368,karistama,ללמד,verbs,0.6
1369,alustama,החל,verbs,4.8
1370,kaste,תפוח,nouns,0.55
1371,auk,רעיה,nouns,0.05
1372,plärtsatus,צמיגות,nouns,0.35
1373,jätma,להתעלם,verbs,1.3
1374,poeg,אבא,nouns,1.9
1375,kandma,למסור,verbs,1.3
1376,keha,בטן,nouns,1.8
1377,privaatne,אישי,adjectives,5.35
1378,fantastiliselt,באופן מדהים,adverbs,5.05
1379,sassis,מסודר,adjectives,0.75
1380,loll,טיפש,adjectives,4.9
1381,nõrk,חריף,adjectives,0.1
1382,delikaatselt,כרגע,adverbs,0.2
1383,nuuksuma,לבכות,verbs,4.1
1384,ebaseaduslik,חוקי,adjectives,0.85
1385,vend,נשמה,nouns,0.4
1386,proovima,לחשוב,verbs,0.7
1387,lumi,מפולת שלגים,nouns,1.65
1388,otsustama,לתאר,verbs,0.4
1389,juhtkang,רדאר,nouns,0.3
1390,andma,להכחיש,verbs,0.2
1391,reket,כדור,nouns,1.2
1392,aasta,מאה,nouns,2.0
1393,rikkumata,צנוע,adjectives,1.15
1394,tugevalt,רשמית,adverbs,0.5
1395,lugu,שיר,nouns,2.5
1396,mitte nõustuma,לריב,verbs,1.65
1397,relv,סכין,nouns,2.15
1398,mees,אבא,nouns,2.55
1399,seade,סיר,nouns,0.65
1400,vaher,אלון,nouns,1.65
1401,teostama,להפוך,verbs,0.65
1402,järgima,לחקור,verbs,1.15
1403,hiiglasuur,זעיר,adjectives,0.75
1404,pidustus,טקס,nouns,3.35
1405,tšempion,מנצח,nouns,4.35
1406,soovitama,לייעץ,verbs,4.2
1407,lõpetama,להחליט,verbs,1.2
1408,võlur,כבל,nouns,0.15
1409,kummaline,תמוה,adjectives,5.2
1410,kägistama,להרוג,verbs,2.5
1411,halb,בינוני,adjectives,1.2
1412,paratsetamol,ברונכיטיס,nouns,1.15
1413,karp,כובע,nouns,0.2
1414,lahkuma,לפנות,verbs,1.0
1415,ajastu,עשור,nouns,2.3
1416,uks,כניסה,nouns,2.9
1417,pehme,אלים,adjectives,0.35
1418,maks,איבר,nouns,1.95
1419,vallutus,המנון,nouns,0.4
1420,ebaselge,מעורפל,adjectives,4.1
1421,ilm,גל,nouns,0.5
1422,salat,דיאטה,nouns,1.15
1423,uurima,לבחון,verbs,3.2
1424,tuba,מיטה,nouns,0.8
1425,siiralt,ביושר,adverbs,5.25
1426,tuli,אפוקליפסה,nouns,0.9
1427,kool,ציון,nouns,1.6
1428,külmuma,לרעוד,verbs,1.85
1429,korraldama,לצרוך,verbs,0.5
1430,kirjanik,מלחין,nouns,1.65
1431,eelkool,גן חובה,nouns,2.25
1432,isiklik,פרטי,adjectives,5.35
1433,ananass,טלפון סללורי,nouns,0.05
1434,sajand,ליקר,nouns,0.0
1435,lumetorm,גשם,nouns,1.4
1436,põngerjas,בן,nouns,3.25
1437,teostatav,בלתי אפשרי,adjectives,0.8
1438,kaart,כיכר,nouns,0.7
1439,pank,מושב,nouns,0.25
1440,lill,פקעת,nouns,1.3
1441,kuupäev,יומן,nouns,1.8
1442,konteiner,עכבר,nouns,0.2
1443,lagunema,למות,verbs,1.25
1444,laisk,עסוק,adjectives,0.55
1445,kristall,זכוכית,nouns,2.3
1446,kiiresti,בדחיפות,adverbs,3.0
1447,maasikas,דובדבן,nouns,1.55
1448,vara,מנייה,nouns,2.95
1449,karp,חומרה,nouns,0.45
1450,kõht,וריד,nouns,0.55
1451,õepoeg,דודה,nouns,1.25
1452,vaene,גאה,adjectives,0.4
1453,kotkas,בז,nouns,2.3
1454,kitsas,מלוכלך,adjectives,0.25
1455,sassis,מכוער,adjectives,1.35
1456,teema,סיפור,nouns,1.75
1457,pisar,עין,nouns,1.45
1458,pall,ספירה,nouns,2.15
1459,ebamäärane,לא ברור,adjectives,4.1
1460,jätma,לפגוש,verbs,0.35
1461,järv,ביצה,nouns,1.15
1462,käituma,לציית,verbs,1.1
1463,klaas,קריסטל,nouns,2.3
1464,olukord,נסיבות,nouns,3.85
1465,võime,כשירות,nouns,4.0
1466,vargus,פשע,nouns,2.7
1467,vihane,שמח,adjectives,0.65
1468,lasteaed,גן טרום חובה,nouns,2.25
1469,koridor,מעבר,nouns,4.15
1470,omandama,למצוא,verbs,1.45
1471,tsivilisatsioon,אורח חיים,nouns,1.0
1472,rünnak,פשע,nouns,2.45
1473,süüdistama,להאשים,verbs,2.75
1474,tooma,להגיע,verbs,0.75
1475,lõpetama,לסיים,verbs,1.75
1476,veri,מוח,nouns,1.3
1477,tamm,מייפל,nouns,1.65
1478,hommik,יום,nouns,1.85
1479,nõbu,דוד,nouns,2.45
1480,järgima,לשכנע,verbs,0.4
1481,rahakorjamine,ארוע,nouns,1.15
1482,sulama,להתמוסס,verbs,1.55
1483,essee,ספר,nouns,1.6
1484,andma,לדעת,verbs,0.0
1485,võimekus,כוח,nouns,2.85
1486,laager,ביתן,nouns,1.25
1487,otsustama,לבחור,verbs,3.4
1488,nõudma,להתווכח,verbs,1.15
1489,õun,רוטב,nouns,0.55
1490,meel,מוח,nouns,1.75
1491,edendama,לקדם,verbs,2.55
1492,oletama,להתחזות,verbs,0.55
1493,tormama,להזדרז,verbs,4.85
1494,koridor,כיתה,nouns,0.85
1495,aktiivselt,בשמחה,adverbs,1.1
1496,hädavajalik,הכרחי,adjectives,4.35
1497,pikk,קצר,adjectives,0.75
1498,varastama,לתת,verbs,0.55
1499,ranne,זרוע,nouns,2.05
1500,küsima,להתפלל,verbs,2.15
1501,arvuti,דיסק,nouns,0.8
1502,paber,קרטון,nouns,2.65
1503,kokkulepe,ויכוח,nouns,1.0
1504,kõrgus,המרה,nouns,0.55
1505,vastupidavus,פרח,nouns,0.15
1506,lõvi,חתול,nouns,1.95
1507,tegema,ליצור,verbs,3.65
1508,leib,בשר,nouns,0.8
1509,uskuma,לקבל,verbs,1.4
1510,lambatall,כבש,nouns,3.75
1511,voolama,להיסחף,verbs,2.4
1512,õnnetus,ספר,nouns,0.05
1513,tugevalt,בחוזקה,adverbs,2.3
1514,hammas,פה,nouns,1.35
1515,sünnipäev,שנה,nouns,1.2
1516,tüssama,לרמות,verbs,5.3
1517,lennuk,סדין,nouns,0.15
1518,uba,בייקון,nouns,0.75
1519,voodi,כיסא,nouns,1.05
1520,tapma,לחנוק,verbs,2.5
1521,kaks korda,הרבה,adverbs,1.5
1522,edu saavutama,להיכשל,verbs,0.8
1523,õnnelik,משוגע,adjectives,1.3
1524,eestkostja,אמא,nouns,1.05
1525,tõsine,מצחיק,adjectives,0.9
1526,amet,מכללה,nouns,0.95
1527,põhiliselt,סופני,adverbs,0.0
1528,viha,תסכול,nouns,2.65
1529,alkohol,ויסקי,nouns,2.3
1530,pahkluu,מרפק,nouns,1.6
1531,salaja,בבטחה,adverbs,0.85
1532,korter,מלון,nouns,1.35
1533,õiglaselt,בבגרות,adverbs,0.65
1534,leht,נבט,nouns,1.35
1535,vägivaldne,רך,adjectives,0.35
1536,lipp,חקר דגלים,nouns,1.4
1537,halb,איום,adjectives,2.55
1538,valelik,רע,adjectives,1.7
1539,kaks korda,תמיד,adverbs,0.45
1540,organiseerima,לסדר,verbs,5.15
1541,rannik,ספינת תותחים,nouns,0.95
1542,keha,גב,nouns,1.65
1543,raske,עמוס,adjectives,1.35
1544,jumal,כומר,nouns,1.35
1545,õhtueine,ארוחת בוקר,nouns,1.8
1546,lahkuma,לנסוג,verbs,2.85
1547,erinema,להסכים,verbs,0.75
1548,rass,סוף שבוע,nouns,0.05
1549,maantee,מכונית,nouns,1.25
1550,näidik,מכונית,nouns,1.0
1551,uudised,מדיה,nouns,2.15
1552,oluliselt,באמת,adverbs,0.8
1553,pilt,רעיון,nouns,0.8
1554,kuritegu,תקיפה,nouns,2.45
1555,uskumatu,רגיל,adjectives,0.7
1556,köök,אמבטיה,nouns,1.4
1557,paber,פוסטר,nouns,2.0
1558,uss,נוזקה,nouns,1.2
1559,kätte toimetama,לקחת,verbs,0.85
1560,õnnemängu mängima,להתערב,verbs,2.7
1561,tuntud,לאומי,adjectives,1.1
1562,ausalt,בנאמנות,adverbs,2.35
1563,täiskasvanu,ילד,nouns,1.2
1564,jooma,ללגום,verbs,4.8
1565,tõbi,סכנה,nouns,0.95
1566,vangla,בחירה,nouns,0.55
1567,agressiivne,מעוקל,adjectives,0.3
1568,advokaat,תובע,nouns,2.05
1569,paindlik,קל,adjectives,1.25
1570,jaanalind,פרדס,nouns,0.1
1571,üllatama,לחגוג,verbs,1.0
1572,äri,חברה,nouns,3.6
1573,võõramaalane,חייזר,nouns,2.25
1574,pesapall,אחווה,nouns,0.35
1575,vend,ילד,nouns,2.25
1576,vabariik,דוכס,nouns,0.8
1577,tugevalt,ברכות,adverbs,0.5
1578,eraldama,לחבר,verbs,0.65
1579,juhendaja,מורה,nouns,3.85
1580,õppima,לשכוח,verbs,0.7
1581,teekond,כיבוש,nouns,1.15
1582,valik,בחירות,nouns,2.95
1583,kasutamata,חדש,adjectives,4.15
1584,saal,מעבר,nouns,1.1
1585,kuningas,שליט,nouns,4.4
1586,läbikukkumine,פשיטת רגל,nouns,1.65
1587,andestama,לקבל,verbs,2.0
1588,koosseis,זמר,nouns,0.45
1589,igav,משעמם,adjectives,3.25
1590,põhiseadus,קיסר,nouns,0.7
1591,aluspesu,גוף,nouns,0.6
1592,või,תפוד,nouns,1.0
1593,nool,מטרה,nouns,1.15
1594,pühak,חוטא,nouns,0.85
1595,matkama,לטפס,verbs,1.75
1596,käsi,שריר,nouns,1.4
1597,heidutama,להיכשל,verbs,0.9
1598,tööstus,עסק,nouns,2.05
1599,piiskop,מוסלמי,nouns,1.1
1600,räpane,צר,adjectives,0.25
1601,informatsioon,עיתון,nouns,1.5
1602,mööbel,מיטה,nouns,2.05
1603,saar,משימה,nouns,0.0
1604,hull,משוגע,adjectives,4.85
1605,valjusti,ברכות,adverbs,0.35
1606,steik,עוף,nouns,1.4
1607,mööda lööma,לפגוע,verbs,0.9
1608,definitisioon,מילון,nouns,1.75
1609,tarkus,אינטליגנציה,nouns,4.95
1610,kuulma,להקשיב,verbs,3.35
1611,lihtne,קשה,adjectives,0.65
1612,koer,סוס,nouns,1.1
1613,kriket,אוהד,nouns,0.3
1614,mootor,מכונה,nouns,2.3
1615,pastakas,אלפבית,nouns,0.7
1616,riided,מעיל,nouns,1.82
1617,õhtusöök,ארוחת בוקר,nouns,2.35
1618,elektriline,מכני,adjectives,1.0
1619,statistika,טניס,nouns,0.3
1620,sirge,מעוקל,adjectives,0.8
1621,lõbu,כדורגל,nouns,0.8
1622,petma,להונות,verbs,5.3
1623,võimas,חלש,adjectives,0.6
1624,loll,טיפשי,adjectives,4.6
1625,õnnelikult,נמרצות,adverbs,1.1
1626,pilvelõhkuja,ארמון,nouns,1.45
1627,jääma,לשמור,verbs,1.15
1628,tase,ניקוד,nouns,1.45
1629,surm,אסון,nouns,1.9
1630,kurb,גאה,adjectives,0.25
1631,kahtlustama,לעצור,verbs,1.05
1632,töötaja,מעסיק,nouns,1.5
1633,auto,צינור,nouns,0.45
1634,jätma,לקחת,verbs,0.55
1635,kiibid,סמן,nouns,0.35
1636,sõber,חבר,nouns,4.65
1637,sajand,שנה,nouns,2.0
1638,metall,פח,nouns,2.2
1639,põhi,צד,nouns,1.35
1640,süsinik,אטום,nouns,1.55
1641,kõri,אף,nouns,1.3
1642,lugeja,סופר,nouns,1.1
1643,luu,קרסול,nouns,2.3
1644,film,ניהיליזם,nouns,0.35
1645,täna,הלילה,adverbs,2.05
1646,sviiter,מעיל,nouns,1.9
1647,soetama,לגנוב,verbs,0.95
1648,algama,ללכת,verbs,0.45
1649,raamat,ספרות,nouns,2.15
1650,tööriist,עבודה,nouns,1.05
1651,mitte nõustuma,להסכים,verbs,0.75
1652,buss,רכב,nouns,2.1
1653,iga,יופי,nouns,0.9
1654,margniaalselt,לחלוטין,adverbs,1.0
1655,teadlane,אחות,nouns,0.35
1656,sõber,אמא,nouns,1.55
1657,vappumine,רעידת אדמה,nouns,2.55
1658,teater,סרט,nouns,1.45
1659,vibukütt,גשש,nouns,0.4
1660,varastama,לרכוש,verbs,0.95
1661,lõug,עצם,nouns,1.3
1662,printsess,כלה,nouns,1.4
1663,uus,חדש,adjectives,3.7
1664,kabel,כבל,nouns,0.0
1665,katastroof,מוות,nouns,1.9
1666,äri tegema,למכור,verbs,3.75
1667,keeruline,פשוט,adjectives,1.25
1668,tulema,ללכת,verbs,0.95
1669,päikesepaiste,קרן,nouns,1.55
1670,biheiviorism,טיפול,nouns,1.15
1671,uudised,מאמר מערכת,nouns,1.5
1672,loll,חכם,adjectives,0.85
1673,regioon,שטח,nouns,3.95
1674,suruma,לשחרר,verbs,0.65
1675,käeturvis,מגן,nouns,2.3
1676,joonistama,ליצור,verbs,1.7
1677,tajuma,לשמוע,verbs,1.85
1678,informatsioon,אנטרופיה,nouns,1.55
1679,valvur,גבר,nouns,0.95
1680,monokultuur,חקלאות,nouns,1.4
1681,erinevalt,סופית,adverbs,0.2
1682,toll,מטר,nouns,1.85
1683,süsivesik,סוכרוז,nouns,2.65
1684,rand,אי,nouns,1.2
1685,katus,חלון,nouns,1.15
1686,lisama,להצטרף,verbs,1.4
1687,korporatsioon,דלת,nouns,0.15
1688,pea,כתף,nouns,1.25
1689,õun,מיץ,nouns,1.5
1690,isa,בת,nouns,1.25
1691,kaduma,להיעלם,verbs,4.9
1692,regulaarne,ממוצע,adjectives,2.85
1693,samasugune,דומה,adjectives,4.2
1694,abikaasa (naine),סנט,nouns,0.05
1695,ühinema,להוסיף,verbs,1.4
1696,sõrm,בוהן,nouns,2.05
1697,kirik,מקהלה,nouns,1.55
1698,saama,להשאיר,verbs,0.35
1699,vend,אב,nouns,1.6
1700,nakkus,נטייה,nouns,0.05
1701,vahepeal,מתישהו,adverbs,1.75
1702,instrument,כינור,nouns,1.9
1703,peegeldus,תמונה,nouns,1.55
1704,haavama,להעליב,verbs,3.45
1705,võrdlema,לנתח,verbs,2.65
1706,valima,לדחות,verbs,0.55
1707,depressioon,עמק,nouns,0.3
1708,turvama,לשמור,verbs,4.4
1709,kahanema,לצמוח,verbs,0.95
1710,tina,מתכת,nouns,2.2
1711,vaesus,עושר,nouns,0.9
1712,ühing,עסק,nouns,2.25
1713,hädasti,במהירות,adverbs,3.0
1714,puus,שפה,nouns,1.0
1715,uitama,לעזוב,verbs,1.1
1716,põrand,דלת,nouns,1.1
1717,katedraal,כנסייה,nouns,4.2
1718,ostma,לגנוב,verbs,0.65
1719,ühinema,להשתתף,verbs,2.0
1720,näitlejanna,שחקן,nouns,4.0
1721,heaks kiitma,להרשות,verbs,4.2
1722,eelarvamus,שוביניסט,nouns,1.9
1723,peatükk,לילה,nouns,0.1
1724,hoomama,לדעת,verbs,2.6
1725,sidrun,תה,nouns,0.75
1726,intuitsioon,חוש,nouns,3.95
1727,arutama,להסביר,verbs,1.8
1728,veri,גוף,nouns,1.2
1729,hoomama,לקרוא,verbs,1.05
1730,kahur,כדור,nouns,1.2
1731,silmus,חגורה,nouns,1.15
1732,teadus,פסיכולוגיה,nouns,1.95
1733,sidrun,תפוח,nouns,1.6
1734,rüüpama,לשתות,verbs,4.8
1735,abiline,מורה,nouns,1.7
1736,automobiil,אוטו,nouns,5.45
1737,lõpetama,לפתור,verbs,2.3
1738,lubama,להפריך,verbs,0.1
1739,tegema,לבנות,verbs,2.7
1740,küllus,שפע,nouns,3.9
1741,peatükk,בחירה,nouns,0.5
1742,täkkvarss,סוס,nouns,2.75
1743,bänd,סבולת,nouns,0.25
1744,eraldama,לפצל,verbs,2.55
1745,filosoof,מרוץ,nouns,0.0
1746,naine,מזכירה,nouns,1.35
1747,jurist,פרקליט,nouns,4.3
1748,tavaliselt,בכנות,adverbs,0.55
1749,oluliselt,ברצינות,adverbs,2.45
1750,galerii,עורך דין,nouns,0.0
1751,tegevus,תנועה,nouns,2.3
1752,tagasi lükkama,לסגת,verbs,1.15
1753,kass,כלב,nouns,1.45
1754,kaart,ברידג',nouns,0.85
1755,kiire,זריז,adjectives,4.35
1756,pära,צוק,nouns,0.0
1757,lill,אמונה,nouns,0.05
1758,maantee,משימה,nouns,0.1
1759,lõbu,משחק,nouns,1.7
1760,laenama,למכור,verbs,1.0
1761,magma,הר געש,nouns,1.7
1762,pilv,אובך,nouns,1.9
1763,põiktänav,רחוב,nouns,3.7
1764,imeline,מעולה,adjectives,4.15
1765,lahkuma,להופיע,verbs,0.5
1766,võileib,ארוחה,nouns,1.25
1767,külge tõmbama,להכות,verbs,0.75
1768,kong,חדר,nouns,2.45
1769,radar,ג'ויסטיק,nouns,0.3
1770,puhas,מסודר,adjectives,2.55
1771,värske,רחב,adjectives,0.05
1772,lennuk,סילון,nouns,1.25
1773,uks,מסדרון,nouns,1.5
1774,umbes,באופן שולי,adverbs,0.9
1775,ilmuma,לעזוב,verbs,0.5
1776,vabastama,להציל,verbs,4.95
1777,kallis,קדוש,adjectives,2.3
1778,maavärin,רעד,nouns,2.55
1779,imiteerima,ללכוד,verbs,0.6
1780,noppima,לבחור,verbs,1.55
1781,peatükk,זנב,nouns,0.25
1782,mantel,בגדים,nouns,2.0
1783,jumal,שטן,nouns,1.5
1784,positiivselt,כנראה,adverbs,1.2
1785,vastutustundlikult,באופן עצמאי,adverbs,1.55
1786,tolmendamine,אבקן,nouns,1.95
1787,advokaat,משפטן,nouns,4.3
1788,reegel,מוסכמה,nouns,3.15
1789,klubi,סימן,nouns,0.35
1790,prognoosima,לקבוע,verbs,1.45
1791,süüdi,כן,adjectives,0.7
1792,otsima,לבקש,verbs,1.25
1793,kindlalt,בברור,adverbs,3.3
1794,rõõm,עצב,nouns,1.05
1795,kapital,כסף,nouns,4.0
1796,uks,פעמון,nouns,0.75
1797,helikopter,מטוס,nouns,2.4
1798,vein,ליקר,nouns,2.0
1799,kaine,רציונלי,adjectives,2.55
1800,hümn,קש,nouns,0.0
1801,õun,אור,nouns,0.2
1802,ühiskond,תרבות,nouns,2.1
1803,surmavalt,באושר,adverbs,0.2
1804,abikaasa (naine),קש,nouns,0.1
1805,varastama,לקחת,verbs,2.15
1806,udu,גשם,nouns,2.2
1807,õppima,לבלבל,verbs,0.6
1808,meeter,אינץ',nouns,1.85
1809,hammustama,לריב,verbs,1.15
1810,õhk,מולקולה,nouns,1.3
1811,ala,פינה,nouns,0.9
1812,vormitu,אמורפי,adjectives,4.65
1813,kuulama,להבין,verbs,1.55
1814,homme,הלילה,adverbs,0.7
1815,keha,חזה,nouns,1.75
1816,sõrmus,אירוסין,nouns,1.65
1817,hukka mõistma,לדחות,verbs,1.5
1818,klooster,מקלחת,nouns,0.1
1819,põhimõtteliselt,לחלוטין,adverbs,1.45
1820,agressioon,עוינות,nouns,4.05
1821,näljane,צמא,adjectives,1.75
1822,korrutama,לחלק,verbs,1.15
1823,koostööd tegema,להשתתף,verbs,2.2
1824,aktsepteerima,לאשר,verbs,3.7
1825,klass,מכללה,nouns,1.35
1826,minema,להתחיל,verbs,0.45
1827,vaidlema,לדון,verbs,2.65
1828,varsti,מיד,adverbs,2.05
1829,võrevoodi,מיטת תינוק,nouns,3.7
1830,medal,מאמנים,nouns,0.65
1831,käänamine,זיהום,nouns,0.05
1832,võimalikult,באופטימיות,adverbs,1.15
1833,iste,שיפוע,nouns,0.25
1834,tekk,קומה,nouns,1.65
1835,lahkuma,להצטרף,verbs,0.65
1836,portreteerima,לחקות,verbs,3.45
1837,etteaste,קמע,nouns,0.45
1838,rumal,מטומטם,adjectives,4.9
1839,nutikas,מטומטם,adjectives,0.7
1840,semester,תקופה,nouns,3.15
1841,hematoloogia,פתולוגיה,nouns,1.75
1842,auto,מפעל,nouns,0.7
1843,torm,רוח,nouns,2.65
1844,kaebama,לטעון,verbs,1.5
1845,šovinist,דעה קדומה,nouns,1.9
1846,ausalt,בכנות,adverbs,5.25
1847,ära tõukama,להזניח,verbs,1.35
1848,kissitama,לבהות,verbs,1.4
1849,saabuma,לבוא,verbs,4.55
1850,kaos,אנרכיה,nouns,3.75
1851,kivi,עץ,nouns,0.95
1852,toores,מכוער,adjectives,1.05
1853,sünnipäev,תאריך,nouns,1.8
1854,laenama,לשמור,verbs,0.8
1855,imenduma,לסגת,verbs,0.25
1856,sõbralik,לא סביר,adverbs,0.0
1857,lagi,גג,nouns,3.6
1858,mehaaniliselt,באופן אידיאלי,adverbs,0.35
1859,raske,קל,adjectives,0.75
1860,uba,אורז,nouns,1.35
1861,paindlik,צנוע,adjectives,0.45
1862,tragöödia,מוות,nouns,2.15
1863,segama, לנער,verbs,2.3
1864,käsi,וריד,nouns,0.95
1865,muutmine,גובה,nouns,0.55
1866,regulaarne,בור,adjectives,0.25
1867,neelatama,לגמוע,verbs,2.7
1868,looma,להרוס,verbs,0.8
1869,kaabel, קפלה,nouns,0.0
1870,nisu,דגנים,nouns,3.05
1871,rott,עכבר,nouns,2.4
1872,dinosaurus,פיל,nouns,0.95
1873,kauss,זנב,nouns,0.0
1874,kitsas,רחב,adjectives,0.65
1875,igapäevane,רגיל,adjectives,5.25
1876,tapma,להרוס,verbs,2.3
1877,veenma,להתווכח,verbs,1.95
1878,ökosüsteem,כלכלה,nouns,1.1
1879,hambad,עצם,nouns,1.85
1880,maantee,כביש,nouns,4.2
1881,munk,צלב,nouns,1.1
1882,mõistma,לסלוח,verbs,1.75
1883,ustavalt,בכנות,adverbs,2.35
1884,jalg,חול,nouns,0.3
1885,valelik,ישר,adjectives,0.8
1886,valima,למנות,verbs,1.95
1887,rahulik,נינוח,adjectives,4.3
1888,lennuk,שדה תעופה,nouns,1.4
1889,rahuldama,לרצות,verbs,3.1
1890,põhiseadus,סנט,nouns,1.0
1891,järelliide,סיומת,nouns,3.25
1892,klass,לימודים,nouns,1.6
1893,andma,לנשל,verbs,0.6
1894,tapeet,רקע,nouns,3.0
1895,metall,אלומיניום,nouns,2.45
1896,katastroof,תאונה,nouns,4.3
1897,otsima,למצוא,verbs,1.35
1898,täna õhtul,מחר,adverbs,0.7
1899,suu,שיניים,nouns,1.35
1900,värske,ישן,adjectives,0.6
1901,onupojapoliitika,מלך,nouns,1.25
1902,põud,מים,nouns,0.65
1903,sügavalt,בעיקר,adverbs,0.85
1904,värav,דלת,nouns,3.8
1905,operatsioon,לב,nouns,0.75
1906,segama,לשתות,verbs,0.75
1907,uurima,לגלות,verbs,2.8
1908,laskma,להרשות,verbs,4.25
1909,nakkus,מחלה,nouns,2.65
1910,õpetaja,חבר,nouns,1.05
1911,lai,טרי,adjectives,0.05
1912,legend,מוסר,nouns,0.5
1913,arutelu,טיעון,nouns,2.6
1914,kõndima,לצלוע,verbs,1.9
1915,elegants,סגנון,nouns,2.6
1916,jalgpall,פוטבול,nouns,2.95
1917,iseseisvalt,באופן אחראי,adverbs,1.55
1918,fonoloogia,מסך,nouns,0.25
1919,mitte kunagi,בנדיבות,adverbs,0.55
1920,kahuripaat,חוף,nouns,0.95
1921,vajama,לברר,verbs,0.95
1922,simulatsioon,רובוטיקה,nouns,1.3
1923,veri,בשר,nouns,1.2
1924,nädalavahetus,שבוע,nouns,1.55
1925,kalts,בגדים,nouns,2.25
1926,küsima,להתחנן,verbs,3.45
1927,pöial,יד,nouns,1.6
1928,valuuta,תמימות דעים,nouns,0.65
1929,biograafia,בדיה,nouns,1.15
1930,kulutama,לחסוך,verbs,0.9
1931,sõiduk,אוטובוס,nouns,2.1
1932,jäik,מחוספס,adjectives,1.65
1933,veri,וירוס,nouns,1.1
1934,vallutus,מסע,nouns,1.15
1935,radikaalne,אלים,adjectives,1.45
1936,strateeg,תחבולן,nouns,3.25
1937,küüs,ראש,nouns,0.6
1938,mõis,פסל,nouns,0.35
1939,pea,אף,nouns,1.1
1940,lahendama,לסיים,verbs,2.3
1941,poiss,חייל,nouns,0.85
1942,ignoreerima,לעזוב,verbs,1.3
1943,tagasi lükkama,למנוע,verbs,1.4
1944,hirmus,עצוב,adjectives,1.15
1945,tunnus,כבוד,nouns,0.7
1946,loomulikult,באופן לא טבעי,adverbs,0.7
1947,lubama,ללכת,verbs,0.3
1948,heli,אקוסטיקה,nouns,2.75
1949,saama,לקנות,verbs,1.6
1950,mesi,סוכר,nouns,1.95
1951,põsk,לשון,nouns,1.15
1952,professor,סטודנט,nouns,1.15
1953,imeline,מהנה,adjectives,2.65
1954,loll,פיקח,adjectives,0.7
1955,kena,נדיב,adjectives,1.8
1956,kalju,גבעה,nouns,2.05
1957,vahepeal,לעיתים קרובות,adverbs,1.2
1958,kaitsma,להגן,verbs,4.4
1959,sisalik,תנין,nouns,2.7
1960,ebamoraalne,פלילי,adjectives,2.25
1961,kummaline,משונה,adjectives,5.15
1962,sõitma,לדשדש,verbs,0.5
1963,keelama,לעצור,verbs,1.3
1964,avastama,להתעלם,verbs,0.3
1965,voodi,חדר,nouns,0.8
1966,vaidlema,לשכנע,verbs,2.0
1967,reaalsus,אשליה,nouns,1.0
1968,arutlema,להתווכח,verbs,2.65
1969,tagasi võtma,לספוג,verbs,0.25
1970,ilmselt,בוודאי,adverbs,1.25
1971,oponent,יריב,nouns,4.8
1972,kaer,שדה,nouns,1.7
1973,tuul,סופה,nouns,2.65
1974,koostama,לעשות,verbs,2.7
1975,suu,אף,nouns,1.25
1976,putka,טלפון,nouns,0.9
1977,vastane,מתנגד,nouns,4.8
1978,vann,רעיה,nouns,0.05
1979,põllumajandus,מונוקלטורה,nouns,1.4
1980,kirjandus,ספר,nouns,2.15
1981,haavatav,נוח,adjectives,0.35
1982,leidma,לרכוש,verbs,1.45
1983,semu,ידיד,nouns,4.65
1984,prestiiž,עושר,nouns,1.95
1985,ülikool,קמפוס,nouns,2.1
1986,mõtlema,לזכור,verbs,1.8
1987,õppima,לחנך,verbs,2.35
1988,ehitama,ליצור,verbs,3.8
1989,televisioon,תסריטאי,nouns,1.25
1990,järv,ענן,nouns,0.6
1991,iil,שמיכה,nouns,0.65
1992,diivan,מיטה,nouns,2.4
1993,igakuine,שבועי,adjectives,1.4
1994,juhtkond,משרה,nouns,1.35
1995,meenutama,למכור,verbs,0.0
1996,täpselt,בדיוק,adverbs,5.0
1997,molekul,אטום,nouns,2.05
1998,taotlema,לחפש,verbs,1.25
1999,raiskama,לדאוג,verbs,0.25
2000,nutitelefon,אננס,nouns,0.05
2001,muda,לכלוך,nouns,2.4
2002,kerge,גמיש,adjectives,1.25
2003,eelsoojendama,חימום מחדש,nouns,1.95
2004,aken,ענן,nouns,0.45
2005,katus,תקרה,nouns,3.6
2006,intelligentsus,היגיון,nouns,2.5
2007,perfektselt,באמת,adverbs,1.05
2008,prokurör,עורך דין,nouns,2.05
2009,säilitama,לשמור,verbs,3.4
2010,kleepuv,מלוכלך,adjectives,1.45
2011,hoone,חדר,nouns,1.55
2012,jänes,חתול,nouns,1.15
2013,kaasa lööma,לכלול,verbs,2.2
2014,aken,גג,nouns,1.15
2015,tervitama,להיפגש,verbs,1.25
2016,poliitik,שוטר,nouns,0.6
2017,täiuslik,שלם,adjectives,2.55
2018,hobune,כלב,nouns,1.1
2019,keeglimängija,באולינג,nouns,2.25
2020,teater,סוללה,nouns,0.2
2021,häll,עריסה,nouns,3.7
2022,leebe,חד,adjectives,0.6
2023,jõgi,ים,nouns,1.9
2024,kuninganna,דבורה,nouns,1.0
2025,avastama,לחקור,verbs,2.8
2026,mõõk,סביבה,nouns,0.0
2027,nõustuma,להתווכח,verbs,0.78
2028,raha,יהלום,nouns,1.15
2029,traditsioon,עבודת יד,nouns,1.25
2030,meri,שפך,nouns,1.3
2031,kampsun,חולצה,nouns,1.7
2032,ketas,מחשב,nouns,0.8
2033,kasv,דשן,nouns,1.35
2034,põhi,דרום,nouns,1.35
2035,tähendusrikkalt,לעומק,adverbs,3.0
2036,puhkus,לוח שנה,nouns,1.3
2037,põllumajandus,צמח,nouns,1.55
2038,tööline,מכונאי,nouns,2.1
2039,hädaline,חסר ביטחון,adjectives,1.5
2040,eitama,לתת,verbs,0.2
2041,lõpetama,לעשות,verbs,1.0
2042,mees,לוחם,nouns,1.8
2043,valimine,בחירה,nouns,2.95
2044,poolitama,לנתק,verbs,2.55
2045,printsess,אי,nouns,0.3
2046,algvorm,הברה,nouns,1.35
2047,hiir,מיכל,nouns,0.2
2048,tuginema,להסתמך,verbs,3.05
2049,halb,נורא,adjectives,3.3
2050,ehitamine,הרס,nouns,0.95
2051,kaotama,לקבל,verbs,0.5
2052,autor,יוצר,nouns,4.6
2053,põgenema,למצוא,verbs,0.6
2054,nüri,משמים,adjectives,3.25
2055,kohalolek,דלת,nouns,0.35
2056,ohutus,נוחות,nouns,1.15
2057,uhke,מסכן,adjectives,0.4
2058,haigusetekitaja,חיידק,nouns,3.7
2059,lisama,לכפול,verbs,1.25
2060,elektriline,מתוק,adjectives,0.1
2061,raamat,כתב יד,nouns,2.15
2062,saabuma,לעזוב,verbs,0.85
2063,sõltuma,לסמוך,verbs,3.05
2064,seisma,לצעוד,verbs,0.9
2065,õnnelikult,נורא,adverbs,0.2
2066,tulemus,שלב,nouns,1.45
2067,abitu,פגיע,adjectives,3.6
2068,tool,טלסקופ,nouns,0.15
2069,purjus,פיכח,adjectives,0.8
2070,nurk,עקומה,nouns,2.1
2071,sisenema,לחוב,verbs,0.05
2072,õigustama,לאמת,verbs,2.0
2073,kitarr,תוף,nouns,1.65
2074,veen,זרוע,nouns,0.95
2075,sild,מכונית,nouns,0.7
2076,kohtuotsus,משפט,nouns,2.15
2077,arvuti,מכונה,nouns,2.2
2078,tüütama,לפגוע,verbs,1.3
2079,hommikusöök,ארוחת ערב,nouns,2.35
2080,rahvuslik,גדול,adjectives,0.8
2081,kast,מעלית,nouns,0.45
2082,keel,גרון,nouns,1.15
2083,puhtalt,לגמרי,adverbs,1.9
2084,kääbuskasvu,זעיר,adjectives,4.45
2085,piin,צער,nouns,2.6
2086,määrama,לפנות,verbs,0.15
2087,teavitama,ליידע,verbs,5.25
2088,pilv,חלון,nouns,0.45
2089,lemmikloom,חתול,nouns,2.5
2090,hiir,חולדה,nouns,2.4
2091,rahvas,מסיבה,nouns,1.2
2092,esinema,להצדיע,verbs,0.45
2093,keegel,שחקן כדורת,nouns,2.25
2094,voodi,רהיט,nouns,2.05
2095,vastu võtma,לסרב,verbs,0.75
2096,võileib,בשר,nouns,1.05
2097,meeleheide,אומללות,nouns,2.75
2098,vöökoht,ארוחה,nouns,0.55
2099,õlu,אלכוהול,nouns,2.45
2100,kartul,חמאה,nouns,1.0
2101,ilmselt,פשוט,adverbs,1.0
2102,kohtumine,התחייבות,nouns,0.75
2103,ulatuslik,צר,adjectives,0.65
2104,kallistama,להחזיק,verbs,2.0
2105,palvetama,לבקש,verbs,2.15
2106,jõukus,עוני,nouns,0.9
2107,päikeseloojang,ערב,nouns,1.95
2108,kaklema,לשחק,verbs,1.2
2109,taipama,להבין,verbs,4.5
2110,ooper,קולנוע,nouns,1.5
2111,lill,שיח,nouns,1.9
2112,mõtlema,להחליט,verbs,1.65
2113,teoreem,תיאוריה,nouns,1.95
2114,vihje,עובדה,nouns,1.7
2115,emotsioon,תשוקה,nouns,3.45
2116,anne,סופר,nouns,0.95
2117,mitu korda,פעמיים,adverbs,1.5
2118,katus,קומה,nouns,1.2
2119,illegaalne,מושחת,adjectives,2.25
2120,intelligentne,מטומטם,adjectives,0.8
2121,iidne,מודרני,adjectives,0.8
2122,putukamürk,מזיק,nouns,1.15
2123,puit,שמיכה,nouns,0.2
2124,kaduma,למצוא,verbs,0.85
2125,ühendama,לחלק,verbs,1.05
2126,bronhiit,פרצטמול,nouns,1.15
2127,õhtusöök,תרנגולת,nouns,0.7
2128,artikkel,ספר,nouns,1.55
2129,sportlane,אצן,nouns,2.5
2130,võtma,לגנוב,verbs,2.15
2131,koer,חתול,nouns,1.45
2132,neer,איבר,nouns,2.1
2133,rääkima,לאשר,verbs,1.15
2134,tool,שרפרף,nouns,3.65
2135,kindlalt,בחשאיות,adverbs,0.85
2136,rand,חוף,nouns,3.35
2137,tramm,רכבת,nouns,2.2
2138,kohane,רשמי,adjectives,0.9
2139,suurus,סנט,nouns,0.45
2140,süsteem,אשמה,nouns,0.5
2141,vaidlema,להסכים,verbs,0.8
2142,graafik,תרשים,nouns,4.0
2143,ruumikas,גדול,adjectives,4.1
2144,õudne,רע,adjectives,3.3
2145,tsink,זהב,nouns,1.45
2146,mesilane,נמלה,nouns,1.35
2147,pöörane,מטורף,adjectives,4.85
2148,kleit,ריקוד,nouns,0.8
2149,päästma,להושיע,verbs,4.95
2150,oskus,אינטליגנציה,nouns,1.6
2151,silm,גבה,nouns,1.35
2152,lihtsalt,לכאורה,adverbs,1.0
2153,relv,סמל,nouns,0.7
2154,ideaalselt,מכנית,adverbs,0.35
2155,saar,חוף,nouns,1.2
2156,kass,עכבר,nouns,1.1
2157,ülaosa,תחתית,nouns,0.95
2158,puusüsi,פחם,nouns,2.1
2159,sügavus,גודל,nouns,2.35
2160,toetaja,קריקט,nouns,0.3
2161,sõnaraamat,מילה,nouns,1.8
2162,mesi,מחלבה,nouns,0.4
2163,andma,להשאיל,verbs,2.67
2164,joonistus,מהומה,nouns,0.15
2165,raevukas,הססן,adjectives,0.8
2166,võmm,טייס,nouns,0.75
2167,alkohol,ג'ין,nouns,2.2
2168,nüri,משועמם,adjectives,1.9
2169,vaenulikkus,תוקפנות,nouns,4.05
2170,lahtine,גמיש,adjectives,1.75
2171,otsima,להסתכל,verbs,1.75
2172,matemaatik,הצגה,nouns,0.1
2173,vältima,לדחות,verbs,1.4
2174,tõuk,תולעת משי,nouns,2.5
2175,üks kord,פעמיים,adverbs,1.25
2176,hämmastav,מלוכלך,adjectives,0.4
2177,trikk,אמבטיה,nouns,0.0
2178,kilp,באקלר,nouns,2.3
2179,lõpetama,להתחרות,verbs,0.3
2180,konteiner,בקבוק,nouns,0.85
2181,keskkond,חרב,nouns,0.0
2182,flööt,מוזיקה,nouns,1.3
2183,pakkumine,תרומה,nouns,2.15
2184,surm,טרגדיה,nouns,2.15
2185,kahju,כאב,nouns,1.9
2186,taust,טפט,nouns,3.0
2187,vastupidavus,חוזק,nouns,2.7
2188,naine,פרווה,nouns,0.4
2189,elustiil,ציוויליזציה,nouns,1.0
2190,taju,חזון,nouns,2.75
2191,varvas,אצבע,nouns,2.05
2192,tähestik,עט,nouns,0.7
2193,laenaja,אשראי,nouns,1.6
2194,biotoop,ביולוגיה,nouns,1.45
2195,kindlalt,לפעמים,adverbs,0.15
2196,märk,זכוכית,nouns,0.35
2197,sigaret,טבק,nouns,2.3
2198,naps,מאה,nouns,0.0
2199,hävitama,לבנות,verbs,0.55
2200,kohtumenetlus,פסיקה,nouns,2.15
2201,tähelepanelikult,בזהירות,adverbs,3.95
2202,karp,חשמל,nouns,0.4
2203,palk,אמבטיה,nouns,0.1
2204,privaatne,ציבורי,adjectives,1.1
2205,võidusõit,פילוסוף,nouns,0.0
2206,napp,מצומצם,adjectives,1.35
2207,väljapääs,זכות בחירה,nouns,0.15
2208,klaver,הרמוניה,nouns,1.1
2209,riis,שעועית,nouns,1.35
2210,täht,פסקה,nouns,1.15
2211,patrull,צבא,nouns,1.55
2212,võimatu,אפשרי,adjectives,0.8
2213,lukk,מפתח,nouns,1.5
2214,surm,קבורה,nouns,1.95
2215,vastupidavus,רצועה,nouns,0.25
2216,sarnane,זהה,adjectives,4.2
2217,peatuma,לשרוק,verbs,0.25
2218,julm,נחמד,adjectives,0.4
2219,summa,איחוד,nouns,2.45
2220,tihti,לעיתים רחוקות,adverbs,0.85
2221,null,אינסוף,nouns,1.05
2222,vastutustundlikult,באופן אמין,adverbs,3.3
2223,hoidma,להחזיק,verbs,3.4
2224,seersant,אקדח,nouns,0.7
2225,teleskoop,סיעור מוחות,nouns,0.0
2226,haruldane,נדיר,adjectives,1.35
2227,päike,שמיים,nouns,1.45
2228,leidma,לאבד,verbs,0.85
2229,paat,מכונית,nouns,1.2
2230,vastu võtma,להמליץ,verbs,0.8
2231,tööline,מצלמה,nouns,0.15
2232,auto,מעלית,nouns,0.75
2233,tooma,להחזיר,verbs,0.7
2234,relv,קסדה,nouns,1.05
2235,piir,תחום,nouns,3.85
2236,elevant,דינוזאור,nouns,0.95
2237,saama,להופיע,verbs,0.4
2238,tõenäoliselt,ייתכן,adverbs,3.65
2239,kuu,פלנטה,nouns,1.95
2240,vaidlema,לשכנע,verbs,1.95
2241,unustama,להזכיר,verbs,0.85
2242,paluma,לבקש,verbs,3.45
2243,forell,גיטרה,nouns,0.05
2244,väärtuslik,מיוחד,adjectives,3.0
2245,apokalüpsis,שריפה,nouns,0.9
2246,emotsioon,מצב רוח,nouns,3.5
2247,vaidlema,להוכיח,verbs,1.9
2248,valik,וריד,nouns,0.05
2249,kuulama,לשמוע,verbs,3.35
2250,trell,כלא,nouns,1.7
2251,äädikas,סלט,nouns,0.8
2252,nutma,לצחוק,verbs,1.0
2253,arvamus,אמונה,nouns,3.65
2254,lammas,בקר,nouns,2.2
2255,vägev,חזק,adjectives,5.0
2256,jakk,בגדים,nouns,1.65
2257,kõndima,לעמוד,verbs,0.9
2258,kahanema,להקטין,verbs,2.85
2259,uitama,לחפש,verbs,1.45
2260,mees,מנצח,nouns,0.65
2261,ignoreerima,להדפיס,verbs,0.1
2262,nõrk,חזק,adjectives,0.6
2263,mees,בעל,nouns,3.2
2264,täna õhtul,היום,adverbs,2.05
2265,müüma,לסחור,verbs,3.75
2266,kutt,שותף,nouns,1.65
2267,sõitma,לרוץ,verbs,0.9
2268,sinine,אדום,adjectives,1.0
2269,tütar,אבא,nouns,1.25
2270,poiss,מצב,nouns,0.05
2271,kurbus,בושה,nouns,1.15
2272,auto,רחוב,nouns,0.95
2273,kallis,עצלן,adjectives,0.15
2274,käsi,ציפורן,nouns,1.1
2275,molekul,מטריצה,nouns,0.45
2276,lumi,קרח,nouns,2.8
2277,voolik,מכונית,nouns,0.45
2278,enne,אחרי,adverbs,0.8
2279,haavatav,חסר אונים,adjectives,3.6
2280,karjuma,לצעוק,verbs,3.8
2281,vesi,קרח,nouns,2.4
2282,usaldusväärselt,באופן אחראי,adverbs,3.3
2283,taganema,לעזוב,verbs,2.85
2284,õhtu,דמדומים,nouns,3.65
2285,korjandus,פיתוח,nouns,0.65
2286,keelduma,לדחות,verbs,4.9
2287,vaatenurk,מרחק,nouns,1.25
2288,oksendama,לסגור,verbs,0.05
2289,kahanema,להיעלם,verbs,1.75
2290,alluma,להתנהג,verbs,1.1
2291,uks,נוכחות,nouns,0.35
2292,hirmunud,לא בטוח,adjectives,1.95
2293,märk,סמל,nouns,4.7
2294,kohtuma,לברך,verbs,1.25
2295,liit,קומבינציה,nouns,2.65
2296,oht,מחלה,nouns,0.95
2297,ühtlaselt,לפעמים,adverbs,0.55
2298,pruut,נסיכה,nouns,1.4
2299,koguma,לשמור,verbs,2.15
2300,pärima,לדרוש,verbs,0.95
2301,keha,כתף,nouns,1.3
2302,näitleja,שחקנית,nouns,4.0
2303,makse,הערה,nouns,0.65
2304,diivan,בייסבול,nouns,0.2
2305,tegema,להפסיק,verbs,1.0
2306,auto,סירה,nouns,1.2
2307,päikesetõus,שקיעה,nouns,1.55
2308,kontrollima,לעצור,verbs,0.65
2309,abistama,לסייע,verbs,5.2
2310,kolb,מנוע,nouns,1.7
2311,aru saama,לדעת,verbs,2.7
2312,baas,כף רגל,nouns,0.8
2313,rikkuma,להריח,verbs,0.05
2314,rajaleidja,קשת,nouns,0.4
2315,vabastama,ללחוץ,verbs,0.65
2316,härrasmees,גברת,nouns,1.1
2317,puu,עלה,nouns,1.4
2318,täht,אסטרואיד,nouns,2.05
2319,metsamajake,מחנה,nouns,1.25
2320,proovima,להצליח,verbs,1.55
2321,artikkel,עיתון,nouns,1.75
2322,lõpmatus,אפס,nouns,1.05
2323,põrand,גג,nouns,1.2
2324,sulgema,להקיא,verbs,0.05
2325,seletama,להבהיר,verbs,4.3
2326,teenijanna,נערה,nouns,1.25
2327,lööma,לצבוט,verbs,1.0
2328,magistraat,דין,nouns,2.0
2329,hambad,פטיש,nouns,0.1
2330,rahumeelselt,בהרס,adverbs,0.45
2331,haamer,שיניים,nouns,0.1
2332,kaval,קשוח,adjectives,0.55
2333,tagasi lükkama,לבחור,verbs,0.55
2334,matmine,מוות,nouns,1.95
2335,naerma,לגחך,verbs,4.1
2336,legaalne,בטוח,adjectives,1.5
2337,rakendus,גלקסי,nouns,0.4
2338,isa,גבר,nouns,2.55
2339,öö,שחר,nouns,1.6
2340,lind,נץ,nouns,2.35
2341,sein,מבצר,nouns,1.5
2342,lubama,לאשר,verbs,4.2
2343,tekk,עץ,nouns,0.2
2344,mees,אישה,nouns,1.35
2345,poiss,בן,nouns,3.2
2346,kultuur,חברה,nouns,2.1
2347,post,מהירות,nouns,0.45
2348,uhkelt,בענווה,adverbs,0.8
2349,imenduma,ללמוד,verbs,1.35
2350,ekraan,מוניטור,nouns,4.4
2351,uhkus,שמחה,nouns,1.7
2352,ameerika jalgpall,כדורגל,nouns,2.95
2353,vahekohus,צדק,nouns,2.0
2354,liha,דם,nouns,1.2
2355,meri,חוף,nouns,2.1
2356,unustama,ללמוד,verbs,0.7
2357,laulma,לצחוק,verbs,0.55
2358,merevägi,אי,nouns,0.4
2359,käsi,עצם,nouns,1.3
2360,keha,זרוע,nouns,1.25
2361,naarits,שמן,nouns,0.35
2362,arvama,להרגיז,verbs,0.25
2363,langetama,להקטין,verbs,3.25
2364,näima,להתחזות,verbs,1.65
2365,värske,חדש,adjectives,3.75
2366,paindlik,אלסטי,adjectives,4.95
2367,ütlema,לבטא,verbs,3.85
2368,tank,מכונית,nouns,1.25
2369,kuupäev,יום הולדת,nouns,1.8
2370,kannike,פרח,nouns,2.25
2371,relv,שחר,nouns,0.05
2372,karm,ערמומי,adjectives,0.55
2373,sekretär,אישה,nouns,1.35
2374,sügavalt,באופן משמעותי,adverbs,3.0
2375,uhke,חזק,adjectives,0.55
2376,religioon,חילוניות,nouns,1.5
2377,romaan,סופר,nouns,1.4
2378,monitor,מסך,nouns,4.4
2379,hirmunud,עצבני,adjectives,1.55
2380,imelik,מוזר,adjectives,5.2
2381,pilt,השתקפות,nouns,1.55
2382,kaetud,לבוש,adjectives,3.3
2383,väärtus,אמונה,nouns,2.1
2384,vangla,סורג,nouns,1.7
2385,elama,לשרוד,verbs,2.5
2386,uus,לא משומש,adjectives,4.15
2387,õhupall,אמבטיה,nouns,0.15
2388,suur,עצום,adjectives,4.35
2389,tuntud,טוב,adjectives,0.7
2390,mõistma,להקשיב,verbs,1.55
2391,diagramm,גרף,nouns,4.0
2392,realistlikult,באופן אידיאלי,adverbs,0.95
2393,piibel,המנון,nouns,0.3
2394,sfäär,כדור,nouns,2.15
2395,rünnak,בליץ,nouns,3.65
2396,näljane,עייף,adjectives,0.9
2397,deemant,כסף,nouns,1.15
2398,mantel,כובע,nouns,1.05
2399,naine,רעיה,nouns,4.3
2400,aken,דלת,nouns,1.35
2401,kanep,עשב,nouns,2.25
2402,amet,הנהלה,nouns,1.35
2403,rahulikult,בשלווה,adverbs,5.0
2404,seltskondlik,נחמד,adjectives,2.35
2405,kinnitama,להצדיק,verbs,2.0
2406,pirukas,שוקולד,nouns,0.9
2407,umbes,בקוצר רוח,adverbs,0.3
2408,teraapia,ביהביוריזם,nouns,1.15
2409,molekul,אוויר,nouns,1.3
2410,jumal,רוח,nouns,0.95
2411,ingel,שד,nouns,1.35
2412,peapiiskop,בישוף,nouns,3.5
2413,globalism,ויזה,nouns,0.85
2414,vürtsikas,טוב,adjectives,1.0
2415,ootama,לעזוב,verbs,0.3
2416,klubi,חברה,nouns,1.45
2417,ulatus,מידה,nouns,3.75
2418,müts,קופסה,nouns,0.2
2419,siidiuss,זחל,nouns,2.5
2420,pall,כדורעף,nouns,2.25
2421,rüüpama,לבלוע,verbs,2.7
2422,haruldane,מטומטם,adjectives,0.1
2423,lõik,עמוד,nouns,1.95
2424,räpane,דביק,adjectives,1.45
2425,ebakindel,מפוחד,adjectives,1.95
2426,heidutama,להרגיז,verbs,1.3
2427,proovima,לשכנע,verbs,1.3
2428,ennustama,לשער,verbs,3.0
2429,õpetaja,מדריך,nouns,3.85
2430,põrand,סיפון,nouns,1.65
2431,käsi,ברך,nouns,1.25
2432,nõustuma,לרצות,verbs,0.95
2433,puuvill,סוודר,nouns,1.2
2434,pikk,צר,adjectives,1.35
2435,küpsis,נסיכה,nouns,0.05
2436,uppuma,להציל,verbs,0.95
2437,tila,נוזל,nouns,1.05
2438,ärkama,לנחור,verbs,0.95
2439,tänav,מכונית,nouns,0.95
2440,seeme,מטחנה,nouns,1.0
2441,lugu,ספר,nouns,2.1
2442,võti,כתר,nouns,0.45
2443,loll,עצום,adjectives,0.2
2444,lind,הודו,nouns,2.0
2445,laskuma,לצמצם,verbs,1.25
2446,kinnitama,להגיד,verbs,1.4
2447,võtma,לרכוש,verbs,1.85
2448,alandama,לנחם,verbs,0.35
2449,käsi,צוואר,nouns,1.05
2450,ignoreerima,לבקש,verbs,0.45
2451,autor,קורא,nouns,1.1
2452,ebausaldusväärne,ערמומי,adjectives,1.4
2453,loom,אדם,nouns,1.45
2454,treener,שחקן,nouns,1.35
2455,emotsionaalselt,בעצב,adverbs,1.3
2456,raamat,סיפור,nouns,2.1
2457,tundma,להאמין,verbs,1.45
2458,tark,מטומטם,adjectives,0.85
2459,ilukirjandus,ביוגרפיה,nouns,1.15
2460,haistma,לקלקל,verbs,0.05
2461,stiil,אופנה,nouns,3.8
2462,surmavalt,בעיקר,adverbs,0.0
2463,pankrot,כישלון,nouns,1.65
2464,kokkulangevus,מטבע,nouns,0.65
2465,tähendusrikkalt,במיוחד,adverbs,2.0
2466,tagumine,זנב,nouns,2.15
2467,mood,סגנון,nouns,3.8
2468,ignorantsus,אינטליגנציה,nouns,0.75
2469,peekon,שעועית,nouns,0.75
2470,armastaja,חבר,nouns,2.05
2471,ruum,תא,nouns,2.45
2472,segatud,משולב,adjectives,3.35
2473,võimekus,כשירות,nouns,4.6
2474,tagasihoidlik,טהור,adjectives,1.15
2475,ehmunud,נרגש,adjectives,1.7
2476,atmosfäär,זיהום,nouns,0.7
2477,kana,סטייק,nouns,1.4
2478,lõpetama,להתחיל,verbs,0.8
2479,purustamine,בנייה,nouns,0.95
2480,leib,קמח,nouns,1.35
2481,rahul,כועס,adjectives,0.8
2482,surema,להתפורר,verbs,1.25
2483,hiir,חתול,nouns,1.1
2484,allkirjastama,לרחף,verbs,0.2
2485,jää,שלג,nouns,2.8
2486,taevas,חלום,nouns,0.8
2487,kümnend,מאה,nouns,1.55
2488,haiget tegema,להקניט,verbs,2.45
2489,pöörane,שמח,adjectives,1.3
2490,üliõpilane,פרופסור,nouns,1.15
2491,vihmavari,תנור חימום,nouns,0.6
2492,lina,בד,nouns,2.35
2493,sõitma,לעצור,verbs,0.75
2494,kahtlev,זועם,adjectives,0.8
2495,palvetama,לתקשר,verbs,0.95
2496,võtma,למסור,verbs,0.85
2497,liiv,רגל,nouns,0.3
2498,rada,מנהרה,nouns,1.2
2499,põiktänav,קערה,nouns,0.0
2500,rong,חשמלית,nouns,2.2
2501,kunaiganes,לפעמים,adverbs,1.75
2502,kihlus,טבעת,nouns,1.65
2503,tööline,משרד,nouns,0.95
2504,veendunud,עצבני,adjectives,0.3
2505,saavutama,לנסות,verbs,1.0
2506,tubakas,סיגריה,nouns,2.3
2507,magus,חשמלי,adjectives,0.1
2508,putukas,דבורה,nouns,2.35
2509,suur,ענק,adjectives,4.1
2510,käepide,חלבון,nouns,0.0
2511,häbelik,יקר,adjectives,0.1
2512,vastu võtma,לדחות,verbs,1.2
2513,suurepärane,רע,adjectives,0.6
2514,kallas,חוף,nouns,3.3
2515,pärima,לחשוב,verbs,1.0
2516,kolledž,מקצוע,nouns,0.95
2517,halb,שקרן,adjectives,1.7
2518,kutt,חתיך,nouns,1.55
2519,rumal,עקשן,adjectives,1.55
2520,informeerima,לעדכן,verbs,5.25
2521,tellimus,תפריט,nouns,1.2
2522,uks,מרתף,nouns,0.95
2523,põhiliselt,אנושות,adverbs,0.25
2524,ebatavaline,נדיר,adjectives,4.5
2525,organ,כלייה,nouns,2.1
2526,lusikas,מיץ,nouns,0.55
2527,koridor,דלת,nouns,1.5
2528,rahvas,אוכלוסייה,nouns,3.15
2529,šampus,וויסקי,nouns,1.75
2530,saama,להשיג,verbs,0.65
2531,aed,קפיצה,nouns,0.8
2532,kohut mõistma,להאשים,verbs,2.75
2533,tüdruk,עוזרת,nouns,1.25
2534,õlu,שמפניה,nouns,1.75
2535,köök,דלת,nouns,0.7
2536,vihkama,לבקר,verbs,0.85
2537,päästma,להגן,verbs,2.3
2538,looma,לצייר,verbs,1.7
2539,trumm,קרן,nouns,1.05
2540,vihm,סופת שלגים,nouns,1.4
2541,kari,יוגורט,nouns,0.7
2542,tuju,דוקטור,nouns,0.1
2543,õlg,זרוע,nouns,1.65
2544,õrnalt,בקול רם,adverbs,0.2
2545,piiskop,ארכיבישוף,nouns,3.5
2546,kohtunik,שופט,nouns,2.0
2547,arvamus,רעיון,nouns,2.65
2548,vaher,עץ,nouns,2.45
2549,piibel,ספר,nouns,1.55
2550,kuluma,לדהות,verbs,2.15
2551,tass,צנצנת,nouns,1.65
2552,ruut,מפה,nouns,0.7
2553,päev,לילה,nouns,1.05
2554,nädalavahetus,מרוץ,nouns,0.05
2555,armee,לגיון,nouns,3.1
2556,kõht,גוף,nouns,1.8
2557,domineerima,להתגבר,verbs,0.7
2558,kitarr,כינור,nouns,1.65
2559,unustama,לסלוח,verbs,1.25
2560,kaasa arvama,לערב,verbs,2.2
2561,naarits,פרווה,nouns,3.0
2562,lennundus,טיסה,nouns,2.35
2563,neuroos,נפש,nouns,1.2
2564,rahvahulk,המון,nouns,4.95
2565,kamp,קהל,nouns,3.2
2566,saar,חיל הים,nouns,0.4
2567,hävitama,להציל,verbs,0.45
2568,ülikond,קרושה,nouns,0.35
2569,käekell,חצאית,nouns,0.35
2570,mesilane,מלכה,nouns,1.0
2571,marginaalselt,בערך,adverbs,0.9
2572,tugevalt,ברוגע,adverbs,0.45
2573,eneseväärikus,סמל,nouns,0.7
2574,diood,קבל,nouns,1.8
2575,viha,זעם,nouns,4.9
2576,lahingulaev,אוניית קרב,nouns,5.2
2577,kuritegu,הונאה,nouns,2.85
2578,ülesanne,קש,nouns,0.1
2579,huvi,קשב,nouns,2.6
2580,võitja,מטרה,nouns,0.9
2581,professor,דוקטור,nouns,2.9
2582,tera,דשא,nouns,0.5
2583,kurb,נורא,adjectives,1.15
2584,hobune,שור,nouns,1.5
2585,määr,ערך,nouns,1.8
2586,võti,בית,nouns,1.15
2587,maja,אסם,nouns,1.35
2588,madu,לטאה,nouns,1.95
2589,peatuma,להזהיר,verbs,0.6
2590,elastne,גמיש,adjectives,4.95
2591,laenama,לרצות,verbs,0.4
2592,ranne,יד,nouns,1.8
2593,telefon,תא,nouns,0.9
2594,mängija,מאמן,nouns,1.35
2595,kerge,פגיע,adjectives,0.35
2596,lennujaam,חלק,nouns,0.1
2597,haiget tegema,לתקוף,verbs,2.75
2598,müts,מעיל,nouns,1.05
2599,kritseldama,לכתוב,verbs,2.7
2600,vägivaldne,פאסיבי,adjectives,0.55
2601,koostööd tegema,להצטרף,verbs,1.5
2602,pehmelt,בקול רם,adverbs,0.35
2603,riistvara,מקרה,nouns,0.45
2604,avatult,בעוצמה,adverbs,0.45
2605,keha,עצב,nouns,0.85
2606,katma,להגן,verbs,1.45
2607,lääts,מצלמה,nouns,1.7
2608,riided,אריג,nouns,2.2
2609,relv,מחברת,nouns,0.0
2610,põhjendamatult,באופן לא הוגן,adverbs,1.9
2611,valetama,להכחיש,verbs,1.3
2612,ilmselgelt,בוודאי,adverbs,3.1
2613,tagasi lükkama,לקבל,verbs,1.2
2614,nüüd,כאן,adverbs,2.35
2615,tõestama,להסביר,verbs,2.1
2616,kutt,חבר,nouns,1.75
2617,lõuna,צפון,nouns,1.35
2618,ette kujutama,ליצור,verbs,1.65
2619,saama,לשלוח,verbs,0.75
2620,organ,כבד,nouns,1.95
2621,laulja,מקהלה,nouns,1.55
2622,firma,עסק,nouns,3.6
2623,poiss,אורז,nouns,0.25
2624,täielikult,בעיקרון,adverbs,1.45
2625,triivima,לזרום,verbs,2.4
2626,võitja,גבר,nouns,0.65
2627,nõu andma,להציע,verbs,4.2
2628,ebaaus,אכזר,adjectives,1.6
2629,tuba,בניין,nouns,1.55
2630,pesapall,כדורסל,nouns,1.8
2631,purustama,להרוס,verbs,4.25
2632,klass,כאוס,nouns,0.25
2633,küüs,אגודל,nouns,1.35
2634,räpane,מדהים,adjectives,0.4
2635,väljend,מילה,nouns,2.4
2636,informatsioon,ספר,nouns,1.25
2637,põletama,לחנוק,verbs,0.55
2638,ilmuma,להפוך,verbs,0.4
2639,kops,כבד,nouns,1.25
2640,kana,ציפור,nouns,2.05
2641,trikk,אקדח,nouns,0.3
2642,lein,ייסורים,nouns,2.6
2643,püüdma,לעקל,verbs,0.1
2644,looma,לבנות,verbs,3.8
2645,kitsas,רחב,adjectives,0.75
2646,alumiinium,מתכת,nouns,2.45
2647,parapsühholoogia,נוירופסיכולוגיה,nouns,1.3
2648,ausalt,לעולם לא,adverbs,0.0
2649,muusika,מנגינה,nouns,3.25
2650,ohutu,חוקי,adjectives,1.5
2651,riis,עוף,nouns,0.95
2652,kandma,לשחוק,verbs,0.85
2653,segadusse ajama,ללמוד,verbs,0.6
2654,omandama,להצטרף,verbs,0.4
2655,keskmine,מתון,adjectives,3.25
2656,põhiliselt,בהכרח,adverbs,0.95
2657,uskuma,להרגיש,verbs,1.45
2658,naps,יין,nouns,2.0
2659,mõjutama,להטות,verbs,3.9
2660,kontrollima,לחקור,verbs,3.2
2661,vastu võtma,לקבל,verbs,3.1
2662,rahvasumm,קהל,nouns,4.95
2663,kurb,מצחיק,adjectives,0.85
2664,soolikas,עצב,nouns,0.55
2665,kompilaator,פונקציה,nouns,1.35
2666,pahkluu,עצם,nouns,2.3
2667,troon,חרב,nouns,0.6
2668,õnnetu,משוגע,adjectives,0.55
2669,külaline,חבר,nouns,2.05
2670,naljakas,רציני,adjectives,0.9
2671,kaotama,לשמור,verbs,0.55
2672,päästma,להרוס,verbs,0.45
2673,juhtuma,לעשות,verbs,1.1
2674,valetama,להאשים,verbs,0.65
2675,kaotama,לבשל,verbs,0.0
2676,koletis,שד,nouns,4.3
2677,auto,גשר,nouns,0.7
2678,abikaasa (naine),חור,nouns,0.05
2679,pingutus,קושי,nouns,2.55
2680,number,מספר,nouns,4.9
2681,robustselt,בערך,adverbs,2.0
2682,list,מערך,nouns,2.25
2683,lipp,מוט,nouns,1.5
2684,maatriks,וקטור,nouns,1.95
2685,eitamine,וידוי,nouns,0.85
2686,tunnistama,לשפוט,verbs,1.05
2687,parandama,לשקם,verbs,3.9
2688,rahvas,סנט,nouns,0.7
2689,luu,שריר,nouns,1.25
2690,luuletaja,עיתונאי,nouns,1.5
2691,ohtlikult,בזהירות,adverbs,0.65
2692,praegu,בעדינות,adverbs,0.2
2693,uba,קפה,nouns,1.4
2694,käekott,תיק,nouns,3.2
2695,ostma,לקבל,verbs,1.6
2696,patarei,תיאטרון,nouns,0.2
2697,videvik,ערב,nouns,3.65
2698,terav,קהה,adjectives,1.15
2699,šampus,בירה,nouns,1.75
2700,viga,מערכת,nouns,0.5
2701,kõikvõimsus,עליונות,nouns,2.65
2702,ebakohane,מחוץ לנישואין,adjectives,0.65
2703,realistlikult,לאחרונה,adverbs,0.25
2704,süüdi,רע,adjectives,1.15
2705,diivan,כיסא,nouns,2.0
2706,pahavara,תולעת,nouns,1.2
2707,sõna,מילון,nouns,1.8
2708,pilvkate,תחזית,nouns,1.15
2709,kaetud,חשוף,adjectives,0.75
2710,tavaliselt,באופן לא סדיר,adverbs,0.65
2711,looma,לדמיין,verbs,1.65
2712,looma,לעשות,verbs,3.65
2713,leotama,להקטין,verbs,0.5
2714,seisund,חוזה,nouns,0.8
2715,peekon,ארוחה,nouns,1.1
2716,satiir,מיתוס,nouns,1.05
2717,meel,נוירוזה,nouns,1.2
2718,otsustamata,ניטרלי,adjectives,1.3
2719,auto,מכונית,nouns,5.45
2720,paat,מנוע,nouns,0.95
2721,pool,תחתית,nouns,1.35
2722,tsoon,שטח,nouns,4.75
2723,mees,חשוד,nouns,0.85
2724,raamat,חיבור,nouns,1.6
2725,luu,ברך,nouns,1.3
2726,looja,מחבר,nouns,4.6
2727,palk,עץ,nouns,2.6
2728,üliõpilane,תלמיד,nouns,4.45
2729,jõukus,תהילה,nouns,1.4
2730,suurepärane,נפלא,adjectives,4.15
2731,vägivaldne,קיצוני,adjectives,1.45
2732,pöial,ציפורן,nouns,1.35
2733,uks,שער,nouns,3.8
2734,raev,כעס,nouns,4.9
2735,panustama,להמר,verbs,2.7
2736,tihedalt,מאוד,adverbs,1.0
2737,relv,פרווה,nouns,0.3
2738,intelligentne,חכם,adjectives,5.15
2739,vanem,אבא,nouns,3.1
2740,ema,שומרת,nouns,1.05
2741,tädi,אחיין,nouns,1.25
2742,ebaküps,בוגר,adjectives,0.7
2743,sümbol,סימן,nouns,4.7
2744,itsitama,לצחוק,verbs,4.1
2745,auto,טנק,nouns,1.25
2746,makse,עמלה,nouns,3.2
2747,ebatavaliselt,באופן מוזר,adverbs,4.7
2748,hammustama,לקרוא,verbs,0.1
2749,viiul,גיטרה,nouns,1.65
2750,orkaan,סערה,nouns,3.65
2751,kombinatsioon,איחוד,nouns,2.65
2752,poolsaar,אי,nouns,2.55
2753,panema,לקבל,verbs,0.5
2754,kaitsma,לשמור,verbs,3.9
2755,buss,מונית,nouns,1.95
2756,haigutama,להתעורר,verbs,0.95
2757,õppima,לאמוד,verbs,0.75
2758,ortodont,רופא,nouns,5.1
2759,ebaregulaarselt,לרוב,adverbs,0.65
2760,kivisüsi,אבן,nouns,2.1
2761,metsamajake,צריף,nouns,4.1
2762,dollar,אנשים,nouns,0.1
2763,tahtma,לבחור,verbs,1.25
2764,lill,סבולת,nouns,0.15
2765,kokkuhoid,אדם חסכן,nouns,1.5
2766,võtma,להחזיק,verbs,1.9
2767,poeg,אח,nouns,1.7
2768,peatuma,לאסור,verbs,1.3
2769,lõppema,לסיים לימודים,verbs,1.75
2770,kaamera,עדשה,nouns,1.7
2771,pakt,הסכם,nouns,5.0
2772,päikeseloojang,זריחה,nouns,1.55
2773,majandus,מערכת אקולוגית,nouns,1.1
2774,seltsiline,מאהב,nouns,2.05
2775,päikesepaiste,תפוח,nouns,0.2
2776,ümber lükkama,להרשות,verbs,0.1
2777,pära,עורף,nouns,2.15
2778,otsima,לשוטט,verbs,1.45
2779,vine,ענן,nouns,1.9
2780,taastama,לתקן,verbs,3.9
2781,küngas,צוק,nouns,2.05
2782,närv,מעי,nouns,0.55
2783,kohtuma,לעזוב,verbs,0.35
2784,kõva,קשיח,adjectives,3.6
2785,iiris,אצטילכולין,nouns,0.65
2786,rahulik,ניטרלי,adjectives,2.05
2787,õppemaks,מלגה,nouns,1.35
2788,stressis,נינוח,adjectives,0.8
2789,puhas,מבולגן,adjectives,0.7
2790,vaimustav,משעמם,adjectives,0.5
2791,kokku põrkama,להתנגש,verbs,3.65
2792,valmistaja,בורא,nouns,4.5
2793,selgelt,בוודאי,adverbs,3.3
2794,valjult,בעדינות,adverbs,0.2
2795,teravili,חיטה,nouns,3.05
2796,näima,להפוך,verbs,0.3
2797,pidulik,ראוי,adjectives,0.9
2798,uduvihm,גשם,nouns,3.55
2799,imperaator,חוקה,nouns,0.7
2800,peekon,בשר,nouns,2.65
2801,siiralt,ברצינות,adverbs,1.45
2802,seelik,שעון,nouns,0.35
2803,teesklema,להראות,verbs,1.65
2804,vein,ברנדי,nouns,2.0
2805,poiss,ילד,nouns,3.25
2806,rõõmustav,משמח,adjectives,3.25
2807,saatma,להביא,verbs,0.85
2808,kodus,הרחק,adverbs,0.9
2809,valge,צר,adjectives,0.1
2810,pall,מחבט,nouns,1.2
2811,märgatav,ברור,adjectives,3.45
2812,andma,לגנוב,verbs,0.55
2813,salat,חומץ,nouns,0.8
2814,muru,טחב,nouns,1.75
2815,pink,כיסא,nouns,3.25
2816,abitu,תלותי,adjectives,3.3
2817,liputeadus,דגל,nouns,1.4
2818,portreteerima,להודיע,verbs,0.55
2819,vaidlema,לצעוק,verbs,1.5
2820,kallutama,להסית,verbs,3.9
2821,univesum,שמיים,nouns,1.85
2822,sõdur,שלום,nouns,0.6
2823,paindlik,גדול,adjectives,0.3
2824,jalaga lööma,לפגוע,verbs,1.65
2825,tahtma,להשאיל,verbs,0.4
2826,vihm,ערפל,nouns,2.2
2827,süüdistama,לדחוף,verbs,0.45
2828,organiseeritud,מבולגן,verbs,0.85
2829,rind,גוף,nouns,1.75
2830,hävitama,ליצור,verbs,0.8
2831,paljusus,גודש,nouns,3.9
2832,võrkpall,כדור,nouns,2.25
2833,tuginema,להיכשל,verbs,0.2
2834,polüester,כותנה,nouns,1.2
2835,selgroog,גוף,nouns,1.65
2836,maakera,עולם,nouns,3.65
2837,arst,מזג,nouns,0.1
2838,juhm,ילדותי,adjectives,1.75
2839,täht,בהירות,nouns,1.4
2840,refrään,זמר,nouns,1.55
2841,säästja,חיסכון,nouns,1.5
2842,kaine,שיכור,adjectives,0.8
2843,bänd,תזמורת,nouns,3.55
2844,ülestunnistus,הכחשה,nouns,0.85
2845,uskumus,דעה,nouns,3.65
2846,ema,אבא,nouns,1.75
2847,häbenev,בר מזל,adjectives,0.1
2848,kindlalt,ברור,adverbs,3.1
2849,energia,סוללה,nouns,1.95
2850,meelt lahutama,להנות,verbs,2.1
2851,ära ütlema,לקבל,verbs,0.75
2852,õde,מדען,nouns,0.35
2853,neuropsühholoogia,פרפסיכולוגיה,nouns,1.3
2854,kaneel,ממתק,nouns,1.0
2855,meri,צונאמי,nouns,1.3
2856,külg,פסגה,nouns,0.7
2857,tekk,מיטה,nouns,1.3
2858,tööline,מעסיק,nouns,1.45
2859,lõuna,כריך,nouns,1.25
2860,korvpall,בייסבול,nouns,1.8
2861,laisk,יקר ערך,adjectives,0.15
2862,illustratsioon,שלפוחית,nouns,0.05
2863,juht,מנהל,nouns,3.75
2864,kogunema,להגיע,verbs,1.65
2865,äri,תאגיד,nouns,2.25
2866,vaidlema,להתלונן,verbs,1.5
2867,ühinema,להתחתן,verbs,1.2
2868,triumf,ניצחון,nouns,4.15
2869,õigus,לימודים,nouns,0.7
2870,vinge,נפלא,adjectives,4.2
2871,rääkima,ללחוש,verbs,2.2
2872,pritsess,לחמניה,nouns,0.05
2873,otsustama,להסיק,verbs,1.2
2874,tolmukas,האבקה,nouns,1.95
2875,rääkima,להקשיב,verbs,0.85
2876,laviin,שלג,nouns,1.65
2877,palavik,שפעת,nouns,1.95
2878,keraamika,קדרות,nouns,3.7
2879,puudumine,נוכחות,nouns,0.95
2880,rahvahulk,מצעד,nouns,1.7
2881,preester,אל,nouns,1.35
2882,sessioon,מטופל,nouns,0.95
2883,ajaleht,מידע,nouns,1.5
2884,kohtlema,לשלם,verbs,0.35
2885,voodi,עריסה,nouns,3.8
2886,hümn,תורה,nouns,0.3
2887,hea,חריף,adjectives,1.0
2888,õpetama,להעניש,verbs,0.6
2889,struktuur,טופולוגיה,nouns,2.05
2890,panema,לתלות,verbs,1.35
2891,valima,להצביע,verbs,3.35
2892,august,חודש,nouns,2.05
2893,suurus,גודל,nouns,3.75
2894,võitja,מועמד,nouns,1.2
2895,leht,מטוס,nouns,0.15
2896,tossud,מדליה,nouns,0.65
2897,vaikselt,באופן פסיבי,adverbs,1.15
2898,katteta,מכוסה,adjectives,0.75
2899,valik,כלא,nouns,0.55
2900,sisenema,ללכת,verbs,0.95
2901,suu,שפה,nouns,1.85
2902,tilkuma,לשפוך,verbs,1.75
2903,tabamus,מסגרת,nouns,0.25
2904,kandma,להביא,verbs,2.05
2905,enamasti,לעומק,adverbs,0.85
2906,mõtlema,לנסות,verbs,0.7
2907,rahuldama,להבין,verbs,0.25
2908,mõtlema,להצדיק,verbs,1.8
2909,püsimatu,צעיר,adjectives,0.75
2910,mootor,שסתום,nouns,1.7
2911,käelaba,מפרק,nouns,1.8
2912,seaduslik,לא חוקי,adjectives,0.85
2913,reaalsus,הזיה,nouns,1.1
2914,ettenägematu,בלתי צפוי,adjectives,5.25
2915,eellane,עבר,nouns,1.9
2916,tool,ספסל,nouns,3.25
2917,sotsiobioloogia,מוטציה,nouns,0.75
2918,evakueerima,לקבוע,verbs,0.15
2919,jõllitama,לפזול,verbs,1.4
2920,laadija,דיסק,nouns,0.3
2921,uitama,לנדוד,verbs,4.0
2922,kandma,לקחת,verbs,1.5
2923,vill,הדגמה,nouns,0.05
2924,nurk,אזור,nouns,0.9
2925,valuuta,חליפין,nouns,1.35
2926,kokkulepe,חוזה,nouns,5.0
2927,kauss,סמטה,nouns,0.0
2928,hoidma,להחזיק,verbs,2.4
2929,naljakas,משעמם,adjectives,0.55
2930,mootor,סירה,nouns,0.95
2931,lõdisema,לקפוא,verbs,1.85
2932,mees,דוד,nouns,1.8
2933,penn,מציאה,nouns,0.3
2934,pea,רגל,nouns,1.0
2935,ütlema,לאמת,verbs,1.4
2936,rumal,מטומטם,adjectives,4.6
2937,haigla,מיטה,nouns,1.1
2938,valima,להחליט,verbs,3.4
2939,ühinema,לרכוש,verbs,0.4
2940,iidne,חדש,adjectives,0.7
2941,karastusjook,בירה,nouns,1.85
2942,vajama,לסדר,verbs,0.5
2943,põgenema,להימלט,verbs,5.3
2944,saak,אל,nouns,0.15
2945,kardin,מוט,nouns,0.85
2946,vürtsine,חלש,adjectives,0.1
2947,heidutama,לתסכל,verbs,2.95
2948,allikas,קופסה,nouns,0.0
2949,riie,פשתן,nouns,2.35
2950,kokku hoidma,לבזבז,verbs,0.9
2951,maskeerima,לכסות,verbs,2.75
2952,poliitik,נשיא,nouns,2.65
2953,hobune,סוסה,nouns,3.1
2954,kaunistus,מעטפה,nouns,0.45
2955,korter,רהיט,nouns,1.05
2956,keemia,תיאוריה,nouns,0.5
2957,rahul,שמח,adjectives,4.55
2958,lammutama,לרסק,verbs,4.25
2959,dieet,תפוח,nouns,0.8
2960,pettus,שחיתות,nouns,3.15
2961,abikaasa (naine),אישה,nouns,4.3
2962,nina,ראש,nouns,1.1
2963,seemik,עלה,nouns,1.35
2964,tsitrus,תפוז,nouns,3.2
2965,jõud,סבולת,nouns,2.7
2966,eitama,לשקר,verbs,1.3
2967,võrevoodi,מיטה,nouns,3.8
2968,alkohol,בירה,nouns,2.45
2969,nööp,בגדים,nouns,1.05
2970,lumi,סערה,nouns,1.85
2971,parlament,קונגרס,nouns,3.45
2972,taassoojendama,חימום מראש,nouns,1.95
2973,mugavus,בטיחות,nouns,1.15
2974,vektor,מטריצה,nouns,1.95
2975,toll,יארד,nouns,1.65
2976,minema,להיכנס,verbs,0.95
2977,ajakiri,כתבה,nouns,1.75
2978,moraal,אגדה,nouns,0.5
2979,maatriks,מולקולה,nouns,0.45
2980,lükkama,להאשים,verbs,0.45
2981,vesi,בצורת,nouns,0.65
2982,aju,עצם,nouns,1.25
2983,janune,רעב,adjectives,1.75
2984,suhkur,דבש,nouns,1.95
2985,aken,קרסול,nouns,0.0
2986,saama,להסכים,verbs,3.1
2987,meelespea,הבדל,nouns,1.0
2988,hindama,ללמוד,verbs,0.75
2989,aktsepteerima,לסלוח,verbs,2.0
2990,suur,כבד,adjectives,1.8
2991,oht,איום,nouns,3.35
2992,kergeusklik,טיפשי,adjectives,2.55
2993,eine,מותן,nouns,0.55
2994,heldelt,לעולם לא,adverbs,0.55
2995,pentsik,מוזר,adjectives,5.35
2996,süntaks,מילת מפתח,nouns,0.95
2997,hankima,לרכוש,verbs,3.25
2998,märkmik,אקדח,nouns,0.0
2999,märksõna,תחביר,nouns,0.95
3000,isa,בן,nouns,1.9
3001,popkorn,קולנוע,nouns,1.05
3002,lamp,שד,nouns,0.85
3003,kael,גב,nouns,1.55
3004,hiljutine,רענן,adjectives,3.7
3005,aitama,להגן,verbs,1.6
3006,teema,ספר,nouns,0.85
3007,kana,הודו,nouns,1.55
3008,reostus,נשיא,nouns,0.1
3009,kalkun,ציפור,nouns,2.0
3010,loll,אינטליגנטי,adjectives,0.8
3011,ots,פרק,nouns,0.25
3012,kümnend,עידן,nouns,2.3
3013,suund,פעולה,nouns,1.65
3014,kelder,דלת,nouns,0.95
3015,pöörane,אומלל,adjectives,0.55
3016,vana,מעורבב,adjectives,0.1
3017,piparmünt,מסטיק,nouns,1.0
3018,kaamera,עובד,nouns,0.15
3019,omandama,להשיג,verbs,3.25
3020,kroon,מפתח,nouns,0.45
3021,särk,קרדיגן,nouns,1.7
3022,kass,חיית מחמד,nouns,2.5
3023,naine,ג'ינס,nouns,0.45
3024,teksad,אישה,nouns,0.45
3025,kiljuma,לצרוח,verbs,3.8
3026,tipp,צד,nouns,0.7
3027,osalema,להתכנס,verbs,1.65
3028,mõnikord,באופן אחיד,adverbs,0.55
3029,patarei,אנרגיה,nouns,1.95
3030,vähetähtis,משמעותי,adjectives,0.75
3031,pettumus,כעס,nouns,2.65
3032,diplomaatia,הדיינות,nouns,2.55
3033,õhupall,אנשים,nouns,0.2
3034,avalik,פרטי,adjectives,1.1
3035,kell,מגדל,nouns,1.15
3036,paat,עץ,nouns,0.55
3037,klaaspurk,כוס,nouns,1.65
3038,lift,מכונית,nouns,0.75
3039,raputama,לבחוש,verbs,2.3
3040,kostüüm,כדור,nouns,0.9
3041,amorfne,חסר צורה,adjectives,4.65
3042,müüma,להשאיל,verbs,1.0
3043,kohtuma,לשחות,verbs,0.05
3044,rõõmustav,נפלא,adjectives,2.65
3045,kerge,נוקשה,adjectives,0.45
3046,jalgpall,כיף,nouns,0.8
3047,televisioon,קולנוע,nouns,2.4
3048,muld,בוץ,nouns,2.4
3049,kool,חוק,nouns,0.7
3050,džinn,אלכוהול,nouns,2.2
3051,osalema,לשלוח,verbs,0.8
3052,väsinud,רעב,adjectives,0.9
3053,ülioluline,חשוב,adjectives,3.55
3054,ratsionaalne,פיכח,adjectives,2.55
3055,teadustama,להצהיר,verbs,4.15
3056,tõene,שקרן,adjectives,0.8
3057,rahulikult,בנחישות,adverbs,0.45
3058,andma,לשמור,verbs,0.55
3059,nurjuma,להפסיד,verbs,2.4
3060,teesklema,להניח,verbs,0.55
3061,valetama,להעמיד פנים,verbs,2.95
3062,rahvas,בלון,nouns,0.2
3063,mõõdukas,בינוני,adjectives,3.25
3064,mehaanik,עובד,nouns,2.1
3065,selgitama,להסביר,verbs,4.3
3066,org,דיכאון,nouns,0.3
3067,solvama,לפגוע,verbs,3.45
3068,muretsema,לבזבז,verbs,0.25
3069,riietatud,מכוסה,adjectives,3.3
3070,meelde tuletama,לשכוח,verbs,0.85
3071,veiseliha,בשר,nouns,2.75
3072,jooma,לגדל,verbs,0.4
3073,lubatud,חוקי,adjectives,4.6
3074,toit,תוכנית,nouns,0.4
3075,jumal,טרף,nouns,0.15
3076,informeerima,להבריק,verbs,0.0
3077,lahkuma,לנדוד,verbs,1.1
3078,kulm,עין,nouns,1.35
3079,viski,שמפניה,nouns,1.75
3080,algama,התחיל,verbs,4.8
3081,jard,מטר,nouns,2.4
3082,kirjanik,כישרון,nouns,0.95
3083,alus,חומצה,nouns,1.1
3084,alumiinium,בדיל,nouns,1.65
3085,säilitama,לשכוח,verbs,0.75
3086,lükkama,למשוך,verbs,0.8
3087,taifuun,ציקלון,nouns,3.7
3088,siin,עכשיו,adverbs,2.35
3089,võlts,מלאכותי,adjectives,3.85
3090,nina,גרון,nouns,1.3
3091,püüdma,לשחרר,verbs,0.9
3092,töö,כלי,nouns,1.05
3093,teostama,לנצח,verbs,1.6
3094,liblikas,ורד,nouns,0.45
3095,meel,אינטואיציה,nouns,3.95
3096,ortodont,רופא,nouns,2.9
3097,ettevaatlikult,באופן מסוכן,adverbs,0.65
3098,korporatsioon,בייסבול,nouns,0.35
3099,nägemine,תפיסה,nouns,2.75
3100,sonett,יופי,nouns,0.55
3101,isa,הורה,nouns,3.1
3102,kirjutama,לשרבט,verbs,2.7
3103,muu,הפוך,adjectives,0.55
3104,ühendama,לקשור,verbs,3.15
3105,laud,שקיעה,nouns,0.05
3106,kuld,אבץ,nouns,1.45
3107,autopasun,מכונית,nouns,1.15
3108,puit,אבן,nouns,0.95
3109,heelium,אוויר,nouns,1.7
3110,põlv,עצם,nouns,1.3
3111,surema,לקבור,verbs,1.05
3112,öö,יום,nouns,1.05
3113,raputama,לאסוף,verbs,0.15
3114,tunnistama,לדבר,verbs,1.15
3115,täiskasvanu,הורה,nouns,2.6
3116,leedi,ג'נטלמן,nouns,1.1
3117,vastandlik,ייחודי,adjectives,0.7
3118,kindlus,קיר,nouns,1.5
3119,ühiskond,מועדון,nouns,1.45
3120,kihluma,להתחתן,verbs,1.75
3121,kalju,זנב,nouns,0.0
3122,kohtunik,בית משפט,nouns,1.65
3123,võlts,אמיתי,adjectives,0.75
3124,kaaspiloot,תא הטייס,nouns,1.25
3125,tõenäoliselt,בהחלט,adverbs,1.2
3126,kaitsma,לכסות,verbs,1.45
3127,õnnelik,צעיר,adjectives,0.75
3128,kerge,קשה,adjectives,0.75
3129,magamistuba,מיטה,nouns,1.3
3130,ala,אזור,nouns,4.35
3131,mäss,ציור,nouns,0.15
3132,proovima,להשיג,verbs,1.0
3133,valimisõigus,יציאה,nouns,0.15
3134,vastutustundetu,ילדותי,adjectives,2.45
3135,õnnelik,עליז,adjectives,4.55
3136,reis,מסע,nouns,4.5
3137,lämmatama,לשרוף,verbs,0.55
3138,torn,פעמון,nouns,1.15
3139,ebakindel,תלותי,adjectives,1.5
3140,helilooja,סופר,nouns,1.65
3141,karusnahk,אקדח,nouns,0.3
3142,eitama,לקבל,verbs,0.35
3143,plekkpurk,בקבוק,nouns,1.6
3144,täielik,גמור,adjectives,2.55
3145,koguma,לנער,verbs,0.15
3146,inspekteerima,לבחון,verbs,2.8
3147,kehvasti, בענווה,adverbs,0.8
3148,raam,מכה,nouns,0.25
3149,täiskasvanu,תינוק,nouns,1.15
3150,luud,אבק,nouns,1.2
3151,karistama,להכות,verbs,1.9
3152,varjend,צריף,nouns,1.55
3153,taevas,שמש,nouns,1.45
3154,andestama,להבין,verbs,1.75
3155,ükskord,מיידית,adverbs,0.25
3156,käsi,גוף,nouns,1.25
3157,nõudma,לגעור,verbs,1.3
3158,vajalik,חיוני,adjectives,4.35
3159,vagun,כרכרה,nouns,2.85
3160,õpetaja,עוזר,nouns,1.7
3161,stipendium,שכר לימוד,nouns,1.35
3162,täielikult,באופן שולי,adverbs,1.0
3163,kõrb,דיונה,nouns,1.75
3164,kana,סעודה,nouns,0.7
3165,õrnalt,ברוגע,adverbs,2.35
3166,ümberlõikus,עורלה,nouns,1.55
3167,naps,להקה,nouns,0.3
3168,julm,לא הוגן,adjectives,1.6
3169,ametlikult,בחוזקה,adverbs,0.5
3170,nüri,חד,adjectives,1.15
3171,kokteil,אלכוהול,nouns,2.25
3172,kohalolek,היעדרות,nouns,0.95
3173,jäik,שביר,adjectives,0.55
3174,abikaasa (mees),גבר,nouns,3.2
3175,mobiiltelefon,טלפון,nouns,4.2
3176,kristlane,פרוטסטנט,nouns,3.0
3177,meteoor,כבידה,nouns,0.9
3178,paat,סיפון,nouns,1.15
3179,sisenema,לעזוב,verbs,0.7
3180,torm,הוריקן,nouns,3.65
3181,tsensuur,חופש,nouns,0.7
3182,mees,ילד,nouns,1.6
3183,kenasti,באדיבות,adverbs,3.85
3184,alkohol,יין,nouns,2.3
3185,pistrik,עיט,nouns,2.3
3186,veider,נורמלי,adjectives,0.8
3187,ülbe,גאה,adjectives,3.4
3188,vali,חצוף,adjectives,1.1
3189,mõõk,כס,nouns,0.6
3190,tagasi võtma,לדחות,verbs,1.15
3191,hoidma,להפסיד,verbs,0.55
3192,siduma,לשזור,verbs,3.6
3193,hingama,לחנוק,verbs,0.85
3194,parim,חמישי,adjectives,0.6
3195,häbelik,מפוחד,adjectives,1.75
3196,segatud,ישן,adjectives,0.1
3197,nuga,אקדח,nouns,2.15
3198,päikeseloojang,חוט,nouns,0.05
3199,uks,חלון,nouns,1.35
3200,ilu,גיל,nouns,0.9
3201,ilu,סונטה,nouns,0.55
3202,fotofon,הומופון,nouns,0.6
3203,ründama,לעצבן,verbs,1.1
3204,kohus,שופט,nouns,1.65
3205,korraldama,לארגן,verbs,5.15
3206,õhtusöök,מרק,nouns,1.65
3207,vana,חדש,adjectives,0.85
3208,hääletama,לבחור,verbs,3.35
3209,vahetus,תחליף,nouns,3.7
3210,avastama,לנבוע,verbs,0.55
3211,peatuma,לשלוט,verbs,0.65
3212,ekraan,פונולוגיה,nouns,0.25
3213,tugevus,יכולת,nouns,2.85
3214,rõõmsameelne,מהנה,adjectives,3.25
3215,tina,אלומיניום,nouns,1.65
3216,riputama,להניח,verbs,1.35
3217,gripp,חום,nouns,1.95
3218,kalender,תאריך,nouns,1.8
3219,soovima,לחשוק,verbs,4.35
3220,makse,מטבע,nouns,1.6
3221,sõna,עמוד,nouns,0.95
3222,mood,צורה,nouns,0.85
3223,normaalselt,באופן חריג,adverbs,0.75
3224,ajurünnak,טלסקופ,nouns,0.0
3225,pliiats,סיפור,nouns,0.55
3226,ülesanne,אישה,nouns,0.05
3227,maksma,לטפל,verbs,0.35
3228,kirjandus,מילה,nouns,1.55
3229,valik,פרק,nouns,0.5
3230,võmm,שריף,nouns,3.95
3231,seisund,ילד,nouns,0.05
3232,talv,קיץ,nouns,1.25
3233,hiljem,לעולם לא,adverbs,0.4
3234,vagun,מכולה,nouns,2.2
3235,lehekülg,פסקה,nouns,1.95
3236,kokpit,טייס משנה,nouns,1.25
3237,rand,ים,nouns,2.1
3238,kongress,פרלמנט,nouns,3.45
3239,panus,מנחה,nouns,2.15
3240,suhtlema,להתפלל,verbs,0.95
3241,igav,עייף,adjectives,1.25
3242,saatma,ללכת,verbs,0.7
3243,sularaha,כסף,nouns,3.75
3244,politseinik,פוליטיקאי,nouns,0.6
3245,taotlus,מועמד,nouns,1.9
3246,tegu,משחק,nouns,2.1
3247,sinep,גרגיר,nouns,1.25
3248,õlg,ראש,nouns,1.25
3249,ohutult,בשמחה,adverbs,1.0
3250,siduma,לאחד,verbs,3.15
3251,poiss,שותף,nouns,1.35
3252,teadma,לשכוח,verbs,0.7
3253,kindel,ודאי,adjectives,4.95
3254,ilmselge,בולט,adjectives,3.45
3255,nurjuma,לסמוך,verbs,0.2
3256,liikumine,פעילות,nouns,2.3
3257,praadima,לבשל,verbs,2.25
3258,jäädvustama,לחקות,verbs,0.6
3259,keeruline,קשה,adjectives,4.1
3260,hambaarst,קולונל,nouns,0.35
3261,populaarne,מוכר,adjectives,4.05
3262,võtma,לקבל,verbs,1.35
3263,koostama,להרוס,verbs,0.55
3264,elegantselt,יפה,adverbs,2.9
3265,lugu,עפרון,nouns,0.55
3266,sõber,בחור,nouns,1.75
3267,jagamine,כפל,nouns,1.65
3268,andur,רדיאטור,nouns,0.5
3269,abieluväline,בלתי נסלח,adjectives,0.65
3270,hõljuma,לשיר,verbs,0.2
3271,moodus,אופנה,nouns,0.85
3272,regulaarselt,לעיתים,adverbs,1.5
3273,lõimima,לקשור,verbs,3.6
3274,kokku hoidma,לאסוף,verbs,2.15
3275,kino,אופרה,nouns,1.5
3276,tekst,ספר,nouns,2.35
3277,issi,אם,nouns,1.75
3278,veendunud,בטוח,adjectives,4.95
3279,essee,שיעורי בית,nouns,1.8
3280,skulptor,אחוזה,nouns,0.35
3281,mäng,כיף,nouns,1.7
3282,ihaldama,לרצות,verbs,4.35
3283,kunstnik,יצירה,nouns,1.5
3284,sahharoos,פחמימה,nouns,2.65
3285,täpselt,באופן לא מדויק,adverbs,0.75
3286,ülesanne,עבודה,nouns,3.5
3287,nakkus,חולי,nouns,2.35
3288,kärbes,נמלה,nouns,2.05
3289,küpsetama,לטגן,verbs,2.48
3290,ruupor,תוף,nouns,1.05
3291,lahkuma,להישאר,verbs,0.75
3292,noor,שמח,adjectives,0.75
3293,mikroskoop,ביולוג,nouns,1.15
3294,tähelepanu,מודעות,nouns,2.0
3295,paraad,תזמורת,nouns,1.4
3296,ema,רעיה,nouns,2.4
3297,tulnukas,זר,nouns,2.25
3298,sool,מים,nouns,0.9
3299,tegema,להפוך,verbs,1.1
3300,ülesanne,אי,nouns,0.0
3301,erinevus,שארית,nouns,1.0
3302,raske,מורכב,adjectives,4.1
3303,karvapealt,במדוייק,adverbs,5.0
3304,auto,מד,nouns,1.0
3305,valitsus,לטאה,nouns,0.05
3306,kaduma,להתכווץ,verbs,1.75
3307,minut,שנייה,nouns,2.0
3308,sihtmärk,חץ,nouns,1.15
3309,alkohol,ברנדי,nouns,2.45
3310,keskmine,רגיל,adjectives,2.85
3311,müksama,להתרסק,verbs,3.65
3312,närv,מוח,nouns,1.25
3313,karp,סיגר,nouns,0.6
3314,õppekava,מבחן,nouns,1.1
3315,kaliiber,מטרייה,nouns,0.35
3316,kiirus,משרה,nouns,0.45
3317,eesmärk,חיפוש,nouns,1.35
3318,riie,בגדים,nouns,2.2
3319,päris,מזוייף,adjectives,0.75
3320,piire,גבול,nouns,3.85
3321,kodutöö,חיבור,nouns,1.8
3322,heidutama,לעודד,verbs,0.55
3323,piitsutama,להכות,verbs,3.15
3324,müüma,ללכת,verbs,0.2
3325,ebaausalt,בהגינות,adverbs,0.75
3326,käsivars,מפרק,nouns,2.05
3327,relv,תותח,nouns,2.5
3328,roos,פרפר,nouns,0.45
3329,looja,יוצר,nouns,4.5
3330,haiget tegema,לבעוט,verbs,1.65
3331,ühtne,חסר צורה,adjectives,0.4
3332,haihtuma,להיכחד,verbs,4.9
3333,hiir,סיפון,nouns,0.2
3334,riiklik,מוכר,adjectives,1.1
3335,kriitiliselt,בעצם,adverbs,0.25
3336,lööma,להעניש,verbs,1.9
3337,dermatiit,אקזמה,nouns,2.3
3338,mutant,סוציוביולוגיה,nouns,0.75
3339,sõna,ספרות,nouns,1.55
3340,kartmatu,גאה,adjectives,1.15
3341,sitke,קשה,adjectives,3.6
3342,krüptogramm,סמל,nouns,1.7
3343,praadima,להרתיח,verbs,1.3
3344,ootamatu,לא צפוי,adjectives,5.25
3345,igapäevaselt,בדרך כלל,adverbs,3.75
3346,halb,מצוין,adjectives,0.35
3347,kaamera,המשך,nouns,0.05
3348,kalender,חג,nouns,1.3
3349,kena,אכזרי,adjectives,0.4
3350,paraad,המון,nouns,1.7
3351,neutraalne,הססני,adjectives,1.3
3352,juur,דשא,nouns,1.2
3353,lubama,לשחוק,verbs,0.15
3354,kitsas,לבן,adjectives,0.1
3355,uurima,לרדוף,verbs,1.15
3356,hommikusöök,בייקון,nouns,1.1
3357,lahkuma,להיכנס,verbs,0.7
3358,komm,קינמון,nouns,1.0
