ID,FIN,HEB,PoS,score
1,milloin tahansa,לפעמים,adverbs,1.6
2,sanoa,לאמת,verbs,0.9
3,harvinainen,יוצא דופן,adjectives,4.85
4,vihainen,שמח,adjectives,0.7
5,kamera,עדשה,nouns,1.7
6,kuunnella,לשמוע,verbs,3.45
7,tanko,דגל,nouns,1.1
8,leikkuupuimuri,קנה סוכר,nouns,0.35
9,kamera,המשך,nouns,0.0
10,yleensä,בכנות,adverbs,0.05
11,onnellinen,עליז,adjectives,4.6
12,vaatteet,מגירה,nouns,0.65
13,lintu,הודו,nouns,2.25
14,kruunajaiset,מים,nouns,0.05
15,sade,ערפל,nouns,1.8
16,ystävä,אורח,nouns,1.45
17,tappaa,לחנוק,verbs,1.65
18,ranta,חוף,nouns,nan
19,rakennus,חדר,nouns,1.35
20,silmä,דמעה,nouns,1.2
21,häntä,פרק,nouns,0.2
22,nauraa,לבכות,verbs,0.65
23,jäytää,לאפשר,verbs,0.05
24,roikkua,להניח,verbs,0.6
25,hissi,תיבה,nouns,0.3
26,luokka,מכללה,nouns,0.95
27,kerran,פעמיים,adverbs,1.4
28,armeija,יחידה,nouns,1.3
29,taksi,מונית,nouns,5.25
30,kuljettaja,טייס,nouns,2.75
31,sänky,חדר,nouns,0.9
32,nenä,ראש,nouns,1.35
33,luoja,יוצר,nouns,4.45
34,elämäkerta,בדיה,nouns,0.9
35,tunnustaa,לדבר,verbs,1.1
36,vastuuton,ילדותי,adjectives,2.3
37,arvokas,מיוחד,adjectives,2.85
38,veljeskunta,בייסבול,nouns,0.25
39,riippua,לסמוך,verbs,2.8
40,niska,עצם,nouns,1.25
41,nainen,פרווה,nouns,0.2
42,kantaa,למסור,verbs,1.35
43,ponnistus,קושי,nouns,2.4
44,äiti,אבא,nouns,2.0
45,ruma,גס,adjectives,0.95
46,elokuu,חודש,nouns,2.5
47,ymmärtää,לדעת,verbs,2.75
48,lippu,מוט,nouns,1.1
49,raitiovaunu,רכבת,nouns,2.35
50,mieletön,שמח,adjectives,0.65
51,miekka,כס,nouns,0.35
52,tuhota,להציל,verbs,0.5
53,saada kiinni,לשחרר,verbs,0.7
54,atomi,פחמן,nouns,1.6
55,villapaita,כותנה,nouns,1.15
56,lahjoitus,תרומה,nouns,1.9
57,kovakouraisesti,באופן אמין,adverbs,0.25
58,hankkia,לקבל,verbs,1.85
59,laskimo,בחירה,nouns,0.0
60,sattua,לבעוט,verbs,1.1
61,vapista,לקפוא,verbs,1.25
62,valloitus,המנון,nouns,0.25
63,joustava,אלסטי,adjectives,5.25
64,puhelin,תא,nouns,0.3
65,kartano,פסל,nouns,0.3
66,ylpeä,עצוב,adjectives,0.25
67,laittaa,לקבל,verbs,0.5
68,sisäkatto,גג,nouns,3.85
69,myöntyä,לרצות,verbs,0.95
70,ministeri,רב,nouns,0.7
71,miekka,סביבה,nouns,0.0
72,kulho,זנב,nouns,0.0
73,monitori,מסך,nouns,4.7
74,teleskooppi,סיעור מוחות,nouns,0.0
75,kissa,אריה,nouns,2.25
76,lainata,לתת,verbs,2.45
77,niukasti,בערך,adverbs,0.5
78,veri,גוף,nouns,1.0
79,terminaalisesti,אחרת,adverbs,0.2
80,kahvi,פול,nouns,1.0
81,sivuuttaa,לשכוח,verbs,1.65
82,tuore,חדש,adjectives,4.05
83,kävellä,לעמוד,verbs,1.0
84,kartta,כיכר,nouns,0.45
85,hattu,קופסה,nouns,0.1
86,ajatella,לברר,verbs,0.9
87,aviomies,גבר,nouns,3.25
88,kuulla,להבחין,verbs,1.9
89,kylpy,בלון,nouns,0.1
90,myydä,להשאיל,verbs,0.85
91,virkkaus,מדים,nouns,0.15
92,korkeakoulu,כיתה,nouns,0.95
93,metalliseos,פלדה,nouns,2.9
94,silta,קלף,nouns,0.7
95,katedraali,כנסייה,nouns,4.15
96,matto,בית,nouns,0.75
97,luu,קרסול,nouns,1.7
98,onnellisesti,בבטחה,adverbs,0.8
99,vilpittömästi,ברצינות,adverbs,1.3
100,hypoteesi,תיאוריה,nouns,4.65
101,kiivetä,לטייל,verbs,1.7
102,pilvi,תחזית,nouns,1.15
103,sydän,ניתוח,nouns,0.75
104,kapea,מלוכלך,adjectives,0.0
105,saada,לקנות,verbs,1.15
106,ravistaa,לאסוף,verbs,0.2
107,hauska,עצוב,adjectives,0.7
108,hermostunut,בטוח,adjectives,0.15
109,kurpitsa,דם,nouns,0.7
110,onnellisuus,עצב,nouns,0.75
111,kauneus,גיל,nouns,0.6
112,mennä,לאפשר,verbs,0.3
113,halpa,מלוכלך,adjectives,0.5
114,korottaa,לשתות,verbs,0.0
115,opiskelija,פרופסור,nouns,1.05
116,jättää,לנסוג,verbs,3.25
117,sää,שלג,nouns,0.9
118,polvi,עצם,nouns,1.4
119,taideteos,אמן,nouns,1.2
120,käsikirjoitus,מאמר,nouns,1.95
121,anoa,להשאיל,verbs,0.5
122,vahvasti,רשמית,adverbs,0.25
123,sotkuinen,נקי,adjectives,0.65
124,ylpeys,שמחה,nouns,1.85
125,ruoho,טחב,nouns,1.6
126,sairaus,חום,nouns,2.25
127,leveä,צר,adjectives,0.7
128,viini,ליקר,nouns,2.25
129,tehdä,להפסיק,verbs,0.6
130,myöntyä,לחלוק,verbs,0.7
131,voittaja,אלוף,nouns,3.5
132,huone,מיטה,nouns,0.9
133,sarvi,מכונית,nouns,0.65
134,auttaja,מורה,nouns,1.9
135,sukeltaa,ליצור,verbs,0.1
136,olla velkaa,להיכנס,verbs,0.0
137,mielipide,בחירה,nouns,1.05
138,kirkua,לצרוח,verbs,4.4
139,lehmä,בקר,nouns,3.45
140,täsmällisesti,בדיוק,adverbs,5.05
141,sähköinen,מכני,adjectives,1.2
142,ilmeisesti,פשוט,adverbs,0.45
143,kehto,עריסה,nouns,4.2
144,laakso,נהר,nouns,0.95
145,hiljattain,כרגע,adverbs,1.35
146,laulusolisti,צוות,nouns,0.05
147,lisätä,לכפול,verbs,1.4
148,hermo,מוח,nouns,1.3
149,taiteilija,יצירה,nouns,1.2
150,auto,מונית,nouns,2.95
151,kirkko,מקהלה,nouns,1.05
152,aktiivisesti,באופן פסיבי,adverbs,0.45
153,näyttelijä,שחקנית,nouns,4.05
154,ujo,יקר,adjectives,0.05
155,hiljattain,באופן מציאותי,adverbs,0.1
156,myydä,להזכיר,verbs,0.0
157,houkkamainen,ילדותי,adjectives,1.35
158,kova,מורכב,adjectives,3.05
159,lammas,טלה,nouns,3.9
160,uskoa,לדעת,verbs,1.3
161,kaataa,לטפטף,verbs,1.7
162,partio,צבא,nouns,1.3
163,älykkyys,תבונה,nouns,4.5
164,tyttö,עוזרת,nouns,1.3
165,halata,לחנוק,verbs,0.6
166,ymmärtää,להקשיב,verbs,1.7
167,kertoa,לחלק,verbs,1.4
168,selkäranka,גוף,nouns,1.45
169,unohtaa,להזכיר,verbs,0.7
170,valita,לדחות,verbs,0.1
171,tarjous,אגורה,nouns,0.35
172,vaivata,לפגוע,verbs,1.45
173,rationaalinen,פיכח,adjectives,1.35
174,kerätä,לשמור,verbs,2.55
175,keskustella,להסביר,verbs,1.4
176,antaa,לנשל,verbs,0.45
177,käsilaukku,תיק,nouns,3.35
178,uskomattomasti,בחוזקה,adverbs,0.9
179,viides,עליון,adjectives,0.3
180,järkeistää,לחשוב,verbs,1.95
181,lattia,סיפון,nouns,1.6
182,kori,כדור,nouns,0.65
183,näyttää,להתחזות,verbs,0.95
184,paita,קרדיגן,nouns,1.85
185,ylimielinen,גאה,adjectives,3.0
186,jakaa,לאחד,verbs,0.8
187,kaaos,אנרכיה,nouns,4.0
188,tamma,סוס,nouns,3.45
189,väkijuoma,מאה,nouns,0.0
190,tyyli,אופנה,nouns,3.6
191,tavu,למה,nouns,1.1
192,teräs,סגסוגת,nouns,2.9
193,pensas,פרח,nouns,2.3
194,kapea,דק,adjectives,3.1
195,kumppani,מאהב,nouns,2.25
196,jättää,לנדוד,verbs,0.7
197,ompelulanka,חוט,nouns,4.4
198,hede,האבקה,nouns,1.65
199,elokuvateatteri,פופקורן,nouns,0.7
200,hiiri,מיכל,nouns,0.0
201,yhtye,ליקר,nouns,0.0
202,antaa,לגנוב,verbs,0.55
203,kulttuuri,חברה,nouns,1.9
204,puhelin,טלפון סלולרי,nouns,4.45
205,sormus,אירוסין,nouns,1.6
206,hankkia,להצטרף,verbs,0.2
207,valmentaja,שחקן,nouns,1.15
208,epäonnistua,לסמוך,verbs,0.3
209,aikakausi,עשור,nouns,2.25
210,avustaa,לעזור,verbs,5.15
211,balladi,שיר,nouns,4.2
212,lannistaa,לתסכל,verbs,2.85
213,kursori,שבבים,nouns,0.15
214,haluta,להשאיל,verbs,0.5
215,planeetta,ירח,nouns,2.1
216,taistelulaiva,אוניית קרב,nouns,5.25
217,kristalli,זכוכית,nouns,2.7
218,aito,מזוייף,adjectives,0.7
219,selvin päin oleva,רציונלי,adjectives,1.35
220,juhlapäivä,לוח שנה,nouns,1.15
221,kuolettavasti,באושר,adverbs,0.15
222,negatiivisesti,באופן לא טבעי,adverbs,0.65
223,kirkkaus,כוכב,nouns,1.1
224,vyö,לולאה,nouns,0.8
225,kirkkaasti,מאוד,adverbs,0.55
226,lapsi,מבוגר,nouns,1.2
227,vartalo,גב,nouns,1.45
228,teeskennellä,להניח,verbs,0.35
229,tehtävä,אישה,nouns,0.0
230,kompassi,פיל,nouns,0.05
231,olkapää,זרוע,nouns,1.8
232,sininen,אדום,adjectives,1.35
233,kuolema,קבורה,nouns,1.7
234,odottaa,להישאר,verbs,2.1
235,elämäntapa,ציוויליזציה,nouns,0.85
236,ilmiselvästi,בחשאי,adverbs,0.2
237,suuresti,באופן מדהים,adverbs,0.75
238,psykologia,מדע,nouns,1.95
239,järjestää,לארגן,verbs,5.15
240,kirkkaasti,בקלות,adverbs,1.0
241,auringonpaiste,תפוח,nouns,0.0
242,harvoin,לרוב,adverbs,1.05
243,juna,חשמלית,nouns,2.35
244,vahvuus,עוצמה,nouns,3.95
245,lyödä,לשלב,verbs,0.05
246,välttämätön,חשוב,adjectives,3.75
247,ranta,אי,nouns,1.1
248,ymmärrys,עובדה,nouns,1.5
249,kypsä,מתוחכם,adjectives,1.15
250,sattua,להעציב,verbs,1.0
251,tietokone,מכונה,nouns,2.9
252,hävitä ,למצוא,verbs,0.65
253,ylpeä,מסכן,adjectives,0.1
254,luonnollisesti,בשקט,adverbs,0.35
255,odottaa,לעזוב,verbs,0.35
256,kitara,פורל,nouns,0.05
257,auto,מכונית,nouns,5.95
258,kuningas,נסיכה,nouns,1.75
259,pätevyys,יכולת,nouns,4.3
260,typerä,עקשן,adjectives,0.75
261,ystävällinen,נדיר,adjectives,0.8
262,saada,להשאיר,verbs,0.4
263,talo,דירה,nouns,3.95
264,karkea,נוקשה,adjectives,1.15
265,eläin,אדם,nouns,0.9
266,dollari,מיליונר,nouns,0.9
267,sallia,לתת,verbs,3.45
268,menettää,לשמור,verbs,0.45
269,uskoa,להרגיש,verbs,1.5
270,olla peräisin,לגלות,verbs,0.5
271,ylpeä,יהיר,adjectives,3.0
272,taso,ניקוד,nouns,0.85
273,hyväksyä,למסור,verbs,0.5
274,tyhmä,פיקח,adjectives,0.65
275,jättää,להמתין,verbs,0.35
276,opettaja,מדריך,nouns,4.2
277,olla erilainen,להסכים,verbs,0.55
278,kärpänen,נמלה,nouns,2.1
279,lähettää,לקבל,verbs,0.65
280,töykeä,תוקפני,adjectives,1.65
281,uida,להיפגש,verbs,0.05
282,istuin,שיפוע,nouns,0.05
283,helppo,קשה,adjectives,0.7
284,hienostonut,בוגר,adjectives,1.15
285,ottaa,ללכוד,verbs,1.4
286,teleskooppi,כיסא,nouns,0.15
287,sairaanhoitaja,מדען,nouns,0.45
288,kokoontua,להגיע,verbs,1.85
289,epäröivä,זועם,adjectives,0.85
290,terminaalisesti,בעיקר,adverbs,0.15
291,peitto,עץ,nouns,0.15
292,onnistua,להיכשל,verbs,0.7
293,naistenmies,בחור,nouns,1.35
294,panos,מנחה,nouns,1.9
295,vanhempi,מבוגר,nouns,2.55
296,tavata,לשחות,verbs,0.05
297,kysyä,להתפלל,verbs,1.75
298,tietää,להבין,verbs,2.75
299,vaikea,פשוט,adjectives,1.1
300,ooppera,קולנוע,nouns,1.75
301,munkki,צלב,nouns,0.8
302,rauha,שמחה,nouns,0.85
303,pää,רגל,nouns,1.15
304,sirut,סמן,nouns,0.15
305,papu,קפה,nouns,1.0
306,työläinen,מכונאי,nouns,2.25
307,varmasti,ברור,adverbs,3.6
308,muta,לכלוך,nouns,2.4
309,määritelmä,מילון,nouns,1.15
310,väkijuoma,יין,nouns,2.25
311,tunnettu,לאומי,adjectives,0.85
312,vuori,אדן,nouns,0.5
313,kuvata,להחליט,verbs,0.4
314,vamppyyri,עטלף,nouns,2.15
315,virsi,כבוש,nouns,0.25
316,yksinkertainen,קשה,adjectives,0.4
317,seurata,לרדוף,verbs,2.75
318,ostaa,לשלם,verbs,2.65
319,vehnä,דגנים,nouns,3.1
320,kaapeli,קוסם,nouns,0.15
321,tammi,מייפל,nouns,1.95
322,intiimi,אישי,adjectives,4.7
323,kana,אורז,nouns,0.85
324,ymmärrys,אינטליגנציה,nouns,2.85
325,turkki,אישה,nouns,0.2
326,pekoni,בשר,nouns,2.75
327,antaa anteeksi,להבין,verbs,1.15
328,sallia,ללכת,verbs,0.3
329,orvokki,פרח,nouns,2.55
330,älykkyys,מיומנות,nouns,1.65
331,vaikeus,מאמץ,nouns,2.4
332,raivostunut,הססן,adjectives,0.85
333,aggressiivinen,חצוף,adjectives,1.65
334,onnekas,מובך,adjectives,0.1
335,epäkypsä,בוגר,adjectives,0.7
336,tuhoeläin,מדביר,nouns,0.9
337,voileipä,בשר,nouns,1.0
338,tehtävä,קש,nouns,0.0
339,lihas,לשון,nouns,1.6
340,pyyhkiä,להתדרדר,verbs,0.05
341,aukko,מרווח,nouns,3.65
342,laatikko,מקור,nouns,0.0
343,tuuma,יארד,nouns,1.95
344,naaraslintu,הודו,nouns,1.8
345,sanomalehti,מידע,nouns,1.3
346,vartalo,בטן,nouns,1.95
347,eversti,רופא,nouns,0.7
348,maksa,איבר,nouns,2.0
349,oksentaa,לסגור,verbs,0.05
350,ikkuna,גג,nouns,1.05
351,kansi,עכבר,nouns,0.05
352,tuore,ישן,adjectives,0.7
353,ikä,יופי,nouns,0.6
354,vihata,לבקר,verbs,0.75
355,irrottaa,לפצל,verbs,1.7
356,kellari,דלת,nouns,0.65
357,henki,אל,nouns,1.65
358,ajaa,לרוץ,verbs,0.95
359,yhdistetty,מעורבב,adjectives,2.8
360,varastaa,לקחת,verbs,2.1
361,suru,שמחה,nouns,0.75
362,sotalaiva,ספינת מלחמה,nouns,5.25
363,juonittelija,אסטרטג,nouns,3.0
364,kieli,לחי,nouns,1.4
365,paha,איום,adjectives,3.25
366,liittää,להפריד,verbs,0.7
367,mukava,אכזרי,adjectives,0.5
368,miellyttää,להסכים,verbs,0.95
369,näyttelijä,טלויזיה,nouns,0.95
370,miljardööri,חסר בית,nouns,0.6
371,menneisyys,קודם,nouns,1.9
372,tarina,ספר,nouns,1.9
373,polkupyörä,חדר שינה,nouns,0.15
374,vetäytyä,לספוג,verbs,0.55
375,lintu,תרנגולת,nouns,2.6
376,maapallo,עולם,nouns,3.95
377,pohja,פסגה,nouns,0.7
378,suoja,צריף,nouns,1.75
379,aikakauslehti,כתבה,nouns,1.65
380,vapauttaa,לתפוס,verbs,0.7
381,heijastus,תמונה,nouns,1.8
382,marihuana,עשב,nouns,2.7
383,ankara,אכזרי,adjectives,1.95
384,tyhmä,אינטליגנטי,adjectives,0.65
385,katto,קומה,nouns,1.15
386,kuppi,כף,nouns,1.35
387,pyörä,עור,nouns,0.1
388,työ,כלי,nouns,0.7
389,varastaa,לחטוף,verbs,2.45
390,sarvi,תוף,nouns,0.45
391,huonosti, בענווה,adverbs,0.3
392,sykloni,טייפון,nouns,4.7
393,kaneli,ממתק,nouns,0.8
394,ei koskaan,בנדיבות,adverbs,0.5
395,seinä,לבנה,nouns,1.25
396,elokuvateatteri,אופרה,nouns,1.75
397,kolikko,תשלום,nouns,1.2
398,näkö,תפיסה,nouns,3.05
399,suu,אף,nouns,1.4
400,pyhä,יקר ערך,adjectives,2.35
401,kaveri,ידיד,nouns,4.85
402,veri,בשר,nouns,1.15
403,ihmiset,דולר,nouns,0.05
404,muoti,סגנון,nouns,3.6
405,poika,אח,nouns,2.5
406,luonnollisesti,באופן לא טבעי,adverbs,0.65
407,hautaaminen,מוות,nouns,1.7
408,kirja,מידע,nouns,1.1
409,alkaa,החל,verbs,5.5
410,karja,פרה,nouns,3.45
411,ystävä,אמא,nouns,1.15
412,kurjuus,ייאוש,nouns,2.95
413,stressaantunut,נינוח,adjectives,0.7
414,kaaos,שיעור,nouns,0.1
415,huomio,עניין,nouns,2.85
416,mekaanikko,עובד,nouns,2.25
417,mennä,להתחיל,verbs,0.5
418,kuukausittainen,שבועי,adjectives,1.45
419,valehdella,להעמיד פנים,verbs,3.1
420,letku,מכונית,nouns,0.25
421,kasvaa,להתרחב,verbs,3.95
422,jää,מים,nouns,2.4
423,kohta,מכתב,nouns,0.85
424,hämmentää,לערבב,verbs,5.1
425,vasara,שיניים,nouns,0.0
426,uniikki,הפוך,adjectives,0.3
427,kukka,שיח,nouns,2.3
428,veli,נשמה,nouns,0.1
429,fiksu,מטומטם,adjectives,0.7
430,kouluttaja,מורה,nouns,4.2
431,olut,שמפניה,nouns,1.7
432,pakti,הסכם,nouns,5.0
433,laitteisto,מקרה,nouns,0.25
434,jättää,לפנות,verbs,1.0
435,saada selville,לנבוע,verbs,0.5
436,auringonlasku,חוט,nouns,0.0
437,helppo,גדול,adjectives,0.35
438,tuuma,מטר,nouns,1.85
439,tulla,להגיע,verbs,5.1
440,yö,יום,nouns,1.1
441,onnettomuus,ספר,nouns,0.0
442,sana,עיתון,nouns,1.2
443,havaita,לשמוע,verbs,1.9
444,vatsa,קורס,nouns,0.0
445,ihmiset,סנט,nouns,0.7
446,puhtaasti,לגמרי,adverbs,2.4
447,tiukasti,מאוד,adverbs,0.9
448,läksyt,חיבור,nouns,1.85
449,asu,כדור,nouns,0.2
450,ruoskia,להכות,verbs,3.75
451,riutta,חוף,nouns,1.5
452,luu,לסת,nouns,1.5
453,vihje,מילה,nouns,0.45
454,olkapää,גוף,nouns,1.4
455,kasvaa,להגביר,verbs,1.35
456,arkkipiispa,בישוף,nouns,3.35
457,yritys,עסק,nouns,3.2
458,infektio,חולי,nouns,2.6
459,mies,דוד,nouns,2.25
460,puro,נהר,nouns,2.3
461,infektio,מחלה,nouns,2.95
462,kyynel,עין,nouns,1.2
463,vastaanottaa,לשלוח,verbs,0.65
464,hämmentää, לנער,verbs,2.15
465,poliitikko,נשיא,nouns,2.55
466,osua,לכוון,verbs,1.0
467,tylsä,חד,adjectives,1.0
468,passiivinen,אלים,adjectives,0.4
469,kielenkäyttö,תקשורת,nouns,1.95
470,elefantti,מצפן,nouns,0.05
471,määrittää,להבהיר,verbs,2.8
472,uskomattomasti,מאוד,adverbs,0.75
473,silmä,גבה,nouns,1.05
474,oppia,לבלבל,verbs,0.3
475,tapahtua,לעשות,verbs,1.35
476,ovi,מרתף,nouns,0.65
477,kysyä,לעזור,verbs,1.1
478,kylpyhuone,חדר שינה,nouns,1.6
479,ympärileikkaus,עורלה,nouns,1.35
480,kadetraali,תקרה,nouns,0.45
481,näppäimistö,אור,nouns,0.0
482,nykyään,בעדינות,adverbs,0.0
483,normaali,משונה,adjectives,0.7
484,usein,לעיתים רחוקות,adverbs,0.75
485,kampus,אוניברסיטה,nouns,2.65
486,ontua,ללכת,verbs,1.85
487,leveä,טרי,adjectives,0.0
488,olosuhde,מצב,nouns,4.45
489,sanomalehti,מילה,nouns,1.2
490,etsiä,לצוד,verbs,2.0
491,onnellisesti,נמרצות,adverbs,0.6
492,esiintyjä,שיר,nouns,0.8
493,kiirastuli,העולם הבא,nouns,1.9
494,aihe,סיפור,nouns,1.15
495,lisko,תנין,nouns,2.95
496,säilyketölkki,מתכת,nouns,1.25
497,joki,עמק,nouns,0.95
498,kertoa,להזכיר,verbs,1.6
499,rumpu,גיטרה,nouns,1.9
500,hammas,פה,nouns,1.7
501,romaani,סופר,nouns,1.1
502,opettaja,חבר,nouns,0.75
503,sokeriruoko,קומביין,nouns,0.35
504,sauva,וילון,nouns,0.7
505,väkivaltainen,פאסיבי,adjectives,0.4
506,ystävällisesti,לא סביר,adverbs,0.0
507,asunto,רהיט,nouns,0.8
508,isä,בן,nouns,1.7
509,liiketoiminta,תאגיד,nouns,2.55
510,yksinäinen,מסכן,adjectives,0.95
511,säästää,להגן,verbs,2.05
512,liittyä,לשתף,verbs,1.2
513,lumimyrsky,גשם,nouns,1.9
514,hyytävä,שביר,adjectives,0.45
515,vaimo,אמבטיה,nouns,0.05
516,sairaala,מיטה,nouns,0.6
517,teatteri,סרט,nouns,1.3
518,jäykkä,קל,adjectives,0.45
519,säilyketölkki,אלומיניום,nouns,1.3
520,presidentti,מצלמה,nouns,0.05
521,illallinen,ארוחת בוקר,nouns,2.0
522,matemaatikko,הצגה,nouns,0.05
523,satunnaisesti,בקביעות,adverbs,0.95
524,noppa,קובייה,nouns,3.85
525,venyvä,גמיש,adjectives,5.25
526,lentokone,שדה תעופה,nouns,1.2
527,erottaa,לחבר,verbs,0.7
528,kieli,גרון,nouns,1.35
529,sade,ברד,nouns,2.8
530,energia,סוללה,nouns,1.75
531,terävä,חלק,adjectives,0.6
532,hyväksyä,להסכים,verbs,3.3
533,alkuperäisesti,באופן יצירתי,adverbs,0.8
534,ohjaamo,טייס משנה,nouns,0.95
535,makeinen,תפוח,nouns,0.75
536,ottaa osaa,להצטרף,verbs,2.55
537,sulhanen,כלה,nouns,1.4
538,hyönteinen,דבורה,nouns,2.4
539,parasetamoli,ברונכיטיס,nouns,0.75
540,tuntea,להאמין,verbs,1.5
541,kuoro,זמר,nouns,1.8
542,loukata,להטריד,verbs,1.45
543,normaalisti,באופן שגרתי,adverbs,3.85
544,syntymäpäivä,שנה,nouns,1.05
545,tehdä tutkimusmatka,להתעלם,verbs,0.25
546,kuorma-auto,חבילה,nouns,0.4
547,mestari,מנצח,nouns,3.5
548,valtava,גדול,adjectives,5.0
549,tohtori,רופא,nouns,5.15
550,hengittää,לחנוק,verbs,0.75
551,toimittaa,לקחת,verbs,0.65
552,selvästi,בוודאי,adverbs,3.35
553,leipä,קמח,nouns,1.45
554,saavuttaa,לקבל,verbs,1.3
555,sisäkatto,קתדרלה,nouns,0.45
556,olla peräisin,להתחיל,verbs,1.1
557,omena,מיץ,nouns,1.0
558,metsästää,לחפש,verbs,2.0
559,onnistua,לנסות,verbs,1.3
560,yksinkertaisesti,לכאורה,adverbs,0.45
561,usein,לפעמים,adverbs,1.3
562,osua,למשוך,verbs,0.45
563,levoton,צעיר,adjectives,0.3
564,työntää,להאשים,verbs,0.2
565,paistaa,להרתיח,verbs,1.9
566,todellisuus,הזיה,nouns,0.85
567,evätä,לקבל,verbs,0.65
568,liittyä,להתחתן,verbs,0.8
569,aineeton,רוחני,adjectives,2.1
570,keuhkoputkentulendus,פרצטמול,nouns,0.75
571,neuvoa,להמליץ,verbs,2.95
572,sekoitettu,משולב,adjectives,2.8
573,auto,אופניים,nouns,1.45
574,saapua,לעזוב,verbs,0.6
575,diplomatia,הדיינות,nouns,2.05
576,eksoottinen,נדיר,adjectives,4.65
577,samannäköinen,דומה,adjectives,3.85
578,viulu,גיטרה,nouns,1.95
579,kello,דלת,nouns,0.6
580,jättää,להגיע,verbs,0.6
581,meri,צונאמי,nouns,1.2
582,unohtaa,להתעלם,verbs,1.65
583,virkapuku,קרושה,nouns,0.15
584,symboli,קוד,nouns,2.5
585,hiljaisesti,בטבעיות,adverbs,0.35
586,huone,בניין,nouns,1.35
587,pöytä,שקיעה,nouns,0.0
588,huutaa,לצעוק,verbs,4.4
589,tappaa,להרוס,verbs,2.5
590,liiketoiminta,תעשייה,nouns,1.95
591,naida,להתארס,verbs,2.0
592,pysähtyä,להזהיר,verbs,0.55
593,luuta,אבק,nouns,1.0
594,tuomio,משפט,nouns,1.8
595,tuomita,להעיד,verbs,0.75
596,metri,אינץ',nouns,1.85
597,antaa anteeksi,למחול,verbs,5.2
598,poika,חייל,nouns,1.05
599,aviomies,אישה,nouns,1.5
600,luu,ברך,nouns,1.4
601,sotkuinen,מכוער,adjectives,0.9
602,siirrellä,לרכב,verbs,0.85
603,viisumi,גלובליזם,nouns,0.6
604,keidas,חופש,nouns,0.25
605,luoda,לעשות,verbs,4.1
606,löysä,גמיש,adjectives,1.25
607,tieto,עיתון,nouns,1.3
608,lähettää,ללכת,verbs,0.45
609,tavata,לברך,verbs,1.3
610,veli,אב,nouns,1.7
611,hurskaasti,בבגרות,adverbs,0.45
612,arkeologia,אנתרופולוגיה,nouns,1.7
613,kirjallisuus,ספר,nouns,2.15
614,henkiolento,מנורה,nouns,0.55
615,joustava,נייד,adjectives,0.85
616,ajelehtia,לזרום,verbs,3.15
617,viulu,כלי,nouns,2.1
618,seistä,לצעוד,verbs,1.0
619,vuohi,פרה,nouns,1.6
620,myrsky,הוריקן,nouns,3.55
621,loiske,צמיגות,nouns,0.55
622,valmiudet,כשירות,nouns,4.6
623,prinsessa,אי,nouns,0.3
624,pelto,שיבולת שועל,nouns,1.25
625,riisi,שעועית,nouns,1.35
626,voittaa,להצליח,verbs,2.75
627,viesti,תשלום,nouns,0.0
628,luku,ציטופלזמה,nouns,0.25
629,vaahtera,עץ,nouns,3.05
630,lentokenttä,חלק,nouns,0.1
631,paperi,עץ,nouns,1.45
632,leipoa,לטגן,verbs,2.55
633,esilämmitys,חימום מחדש,nouns,1.85
634,tieteilijä,אחות,nouns,0.45
635,julma,נחמד,adjectives,0.5
636,sähkö,תיבה,nouns,0.2
637,uskomus,דעה,nouns,3.55
638,niukasti,לחלוטין,adverbs,0.5
639,lumi,תחזית,nouns,0.9
640,kumota,להרשות,verbs,0.35
641,joskus,לעיתים קרובות,adverbs,1.3
642,totuudenmukainen,שקרן,adjectives,0.7
643,surullisesti,רגשית,adverbs,1.5
644,jakaa,לחבר,verbs,1.5
645,kesä,חורף,nouns,1.25
646,ovi,נוכחות,nouns,0.15
647,puutarha,צינור,nouns,0.85
648,kylpy,חדר,nouns,0.7
649,raapustaa,לכתוב,verbs,3.1
650,suojella,להגן,verbs,4.25
651,suorittaa loppuun,לפתור,verbs,2.45
652,jaardi,מטר,nouns,3.0
653,valmistaja,בורא,nouns,4.45
654,joustava,גדול,adjectives,0.3
655,ilmoittaa,ליידע,verbs,5.1
656,tuomari,בית משפט,nouns,1.5
657,sekoittaa,לבחוש,verbs,5.1
658,yhtälö,נוסחה,nouns,4.1
659,häntä,צוק,nouns,0.0
660,sekava,מסודר,verbs,0.7
661,korvaus,מטבע,nouns,1.2
662,juoruilu,חדשות,nouns,1.6
663,tee,לימון,nouns,0.7
664,penni,מציאה,nouns,0.35
665,huolenpito,זהירות,nouns,2.05
666,näyttö,פונולוגיה,nouns,0.25
667,epänormaalisti,בדרך כלל,adverbs,0.65
668,menestyä,להפוך,verbs,0.35
669,etsiä,למצוא,verbs,1.65
670,kestävyys,חוזק,nouns,3.35
671,löytää,לרכוש,verbs,1.15
672,optimistisesti,ייתכן,adverbs,1.15
673,ihanteellisesti,באופן מציאותי,adverbs,0.7
674,massiivisesti,בפתיחות,adverbs,0.35
675,vastuullisesti,באופן עצמאי,adverbs,1.5
676,suostutella,לרדוף,verbs,0.6
677,kiista,ביקורת,nouns,1.2
678,tiedottaa,לעדכן,verbs,5.1
679,saada,להפסיד,verbs,0.45
680,lakimies,משפטן,nouns,4.65
681,rabbi,שר,nouns,0.7
682,neste,זרבובית,nouns,0.5
683,pilata,להריח,verbs,0.1
684,edistää,להתקדם,verbs,2.1
685,haistaa,לקלקל,verbs,0.1
686,valtaistuin,חרב,nouns,0.35
687,maksu,משכורת,nouns,1.4
688,ase,תעלול,nouns,0.1
689,vihamielisyys,תוקפנות,nouns,4.65
690,yksityinen,אישי,adjectives,4.65
691,esinahka,ברית מילה,nouns,1.35
692,pöly,מטאטא,nouns,1.0
693,palauttaa,להביא,verbs,1.55
694,pahvi,נייר,nouns,2.85
695,ohjelma,אוכל,nouns,0.25
696,lastattu,כבד,adjectives,1.45
697,teeskennellä,להראות,verbs,0.95
698,suihku,מנזר,nouns,0.0
699,pallo,מחבט,nouns,0.95
700,paraati,המון,nouns,1.65
701,neutraali,רגוע,adjectives,1.25
702,nokkela,ערמומי,adjectives,3.55
703,petos,שחיתות,nouns,2.95
704,vyöhyke,שטח,nouns,4.7
705,paistaa,לאפות,verbs,2.55
706,vauva,בת,nouns,2.65
707,maksaa,לטפל,verbs,0.2
708,liittyä,לרכוש,verbs,0.2
709,viesti,משימה,nouns,0.85
710,alkoholi,ג'ין,nouns,2.5
711,raja,תחום,nouns,3.65
712,taito,אינטליגנציה,nouns,1.65
713,valinta,וריד,nouns,0.0
714,auto,צינור,nouns,0.25
715,omena,רוטב,nouns,0.7
716,ihana,נפלא,adjectives,2.45
717,iloinen,שמח,adjectives,4.6
718,ase,שחר,nouns,0.0
719,surullinen,נורא,adjectives,1.15
720,keittiö,דלת,nouns,0.6
721,polkupyörä,מכונית,nouns,1.45
722,kuulakärkikynä,אלפבית,nouns,0.45
723,säännöllinen,בור,adjectives,0.05
724,nuori,עצבני,adjectives,0.3
725,poliitikko,שוטר,nouns,0.7
726,hauskanpito,כדורגל,nouns,0.55
727,silmukka,חגורה,nouns,0.8
728,nöyrästi,בעוני,adverbs,0.3
729,iskeä,לפספס,verbs,0.7
730,kasvi,חקלאות,nouns,1.25
731,leijona,חתול,nouns,2.25
732,magma,הר געש,nouns,1.4
733,pysyä,להמתין,verbs,2.1
734,sekoittaa,לבשל,verbs,0.9
735,valinta,דעה,nouns,1.05
736,kiistää,להודות,verbs,0.7
737,pesäpallo,כדורסל,nouns,2.2
738,rangaista,ללמד,verbs,0.85
739,rehellisesti,לעולם לא,adverbs,0.0
740,viikonloppu,מרוץ,nouns,0.05
741,lautanen,קערה,nouns,2.6
742,puristaa,לחבק,verbs,1.25
743,kylpyhuone,מטבח,nouns,1.4
744,muoti,צורה,nouns,0.35
745,vetäytyä,לעזוב,verbs,3.25
746,taistella,לנשוך,verbs,1.1
747,hullu,מטורף,adjectives,4.65
748,kaivos,סלע,nouns,1.0
749,painaa,לשחרר,verbs,0.45
750,ajaa,לדשדש,verbs,0.85
751,käyttäytyä,לציית,verbs,2.0
752,vaimo,קש,nouns,0.1
753,fiktio,ביוגרפיה,nouns,0.9
754,pilvenpiirtäjä,ארמון,nouns,1.5
755,ajatella,להצדיק,verbs,1.95
756,auto,סירה,nouns,1.25
757,sanoa,להשתתף,verbs,0.55
758,lannoite,צמיחה,nouns,1.05
759,nälkäinen,צמא,adjectives,1.3
760,palatsi,גורד שחקים,nouns,1.5
761,uutiset,מאמר מערכת,nouns,1.8
762,isä,בת,nouns,1.25
763,suojella,לעזור,verbs,1.75
764,istunto,מטופל,nouns,0.65
765,ilma,הליום,nouns,1.4
766,kuvata,להודיע,verbs,0.6
767,kurssi,בטן,nouns,0.0
768,ylpeästi,בענווה,adverbs,0.7
769,likainen,זול,adjectives,0.5
770,voileipä,ארוחה,nouns,1.6
771,valmistaa,לבנות,verbs,2.6
772,sielu,אח,nouns,0.1
773,sähköinen,מתוק,adjectives,0.0
774,näyttelijätär,שחקן,nouns,4.05
775,aivot,תודעה,nouns,1.65
776,ruusu,פרפר,nouns,0.4
777,käsityö,מסורת,nouns,0.75
778,vaunut,עגלה,nouns,4.05
779,nainen,גבר,nouns,1.25
780,satiiri,מיתוס,nouns,0.8
781,kunto,ילד,nouns,0.0
782,seremonia,חגיגה,nouns,3.75
783,kasvaa,להתכווץ,verbs,0.85
784,kissa,עכבר,nouns,1.45
785,syvyys,גודל,nouns,1.75
786,linja-auto,רכב,nouns,2.45
787,viime aikoina,לאחרונה,adverbs,5.2
788,pölytys,אבקן,nouns,1.65
789,arvostella,לסמן,verbs,1.15
790,nauttia,לבדר,verbs,1.2
791,sallia,להפריך,verbs,0.35
792,riisi,ילד,nouns,0.2
793,raha,יהלום,nouns,0.75
794,talo,שטיח,nouns,0.75
795,naru,שקיעה,nouns,0.0
796,muslimi,בישוף,nouns,0.8
797,pilli,רעיה,nouns,0.1
798,pehmeä,אלים,adjectives,0.45
799,huomattava,ברור,adjectives,2.8
800,syntaksi,מילת מפתח,nouns,1.0
801,kangas,פשתן,nouns,2.15
802,auringonpaiste,קרן,nouns,1.8
803,polku,מנהרה,nouns,1.0
804,järkyttynyt,מובך,adjectives,0.85
805,tunnelma,זיהום,nouns,0.3
806,sisäkatto,רצפה,nouns,1.25
807,kalkkuna,תרנגולת,nouns,1.8
808,kuningas,נפוטיזם,nouns,1.15
809,moderni,עתיק,adjectives,0.7
810,päästä,לקחת,verbs,0.7
811,sivu,מילה,nouns,0.75
812,tarkalleen,באופן לא מדויק,adverbs,0.7
813,shamppanja,בירה,nouns,1.7
814,kysyä,להתעלם,verbs,0.35
815,rikollinen,עבריין,nouns,5.5
816,pilli,המנון,nouns,0.1
817,vilpittömästi,ביושר,adverbs,5.2
818,kaareva,תוקפני,adjectives,0.05
819,aamunkoitto,אקדח,nouns,0.0
820,jättää,להופיע,verbs,0.3
821,kieli,שריר,nouns,1.6
822,yhtye,סבולת,nouns,0.1
823,tykkivene,חוף,nouns,0.75
824,lopettaa,לעשות,verbs,0.6
825,vuosisata,עשור,nouns,1.5
826,mielettömästi,בקול רם,adverbs,0.45
827,kiista,דיון,nouns,1.9
828,kovakouraisesti,באופן שולי,adverbs,0.5
829,puutavara,קורה,nouns,2.55
830,mahti,כוח,nouns,3.95
831,kylpy,תעלול,nouns,0.0
832,virallisesti,חשוב,adverbs,0.75
833,hedelmätarha,יען,nouns,0.1
834,seinä,קישוט,nouns,0.55
835,meri,אוקיינוס,nouns,4.0
836,hitti,מסגרת,nouns,0.0
837,runo,מקצב,nouns,1.35
838,veistos,אנדרטה,nouns,4.75
839,rauhanomaisesti,בגאווה,adverbs,0.1
840,hyväksyä,לדחות,verbs,1.1
841,ekosysteemi,כלכלה,nouns,0.9
842,sivuuttaa,לחקור,verbs,0.25
843,todistaa,לשפוט,verbs,0.75
844,ottaa,למסור,verbs,0.65
845,symboli,צופן,nouns,1.6
846,näytös,מתמטיקאי,nouns,0.05
847,potilas,פגישה,nouns,0.65
848,jatko-osa,מצלמה,nouns,0.0
849,sonni,עגל,nouns,2.45
850,mieletön,אומלל,adjectives,0.5
851,taistella,להרוג,verbs,1.25
852,tietokone,דיסק,nouns,0.7
853,moittia,לשקר,verbs,0.45
854,tölkki,בקבוק,nouns,1.85
855,lisko,ממשלה,nouns,0.05
856,muistaa,לחשוב,verbs,1.35
857,hakemus,מועמד,nouns,1.7
858,poika,ילד,nouns,3.25
859,ase,קסדה,nouns,0.95
860,presidentti,ראש,nouns,1.85
861,rauhallisesti,בנחישות,adverbs,0.2
862,prinsessa,לחמניה,nouns,0.0
863,kova,קל,adjectives,0.7
864,paristo,אנרגיה,nouns,1.75
865,yliopisto,קמפוס,nouns,2.65
866,pitkäveteinen,עייף,adjectives,0.95
867,säveltäjä,סופר,nouns,1.7
868,hyväksyä,להמליץ,verbs,1.15
869,hanska,כדור,nouns,0.6
870,vakavasti,בכנות,adverbs,1.3
871,sallia,לשחוק,verbs,0.05
872,sammal,דשא,nouns,1.6
873,pohjimmiltaan,לחלוטין,adverbs,1.25
874,liiketoiminta,חברה,nouns,3.2
875,tauti,זיהום,nouns,2.95
876,pysähtyä,לנהוג,verbs,0.55
877,kuolema,טרגדיה,nouns,1.8
878,voittaa,לשלוט,verbs,1.5
879,valita,לרצות,verbs,0.95
880,solakka,רזה,adjectives,5.1
881,tuomioistuin,שופט,nouns,1.5
882,suo,אגם,nouns,1.45
883,perustella,לאמת,verbs,2.1
884,alkoholi,בירה,nouns,2.5
885,kauneus,סונטה,nouns,0.3
886,luuri,קורבן,nouns,0.15
887,kiillottaa,ליידע,verbs,0.0
888,minkki,שמן,nouns,0.25
889,vähentää,להפסיד,verbs,1.4
890,sitoumus,טבעת,nouns,1.6
891,tylsä,מלהיב,adjectives,0.65
892,voimistelu,סיוף,nouns,1.5
893,väärä,מדוייק,adjectives,0.55
894,virallisesti,בחוזקה,adverbs,0.25
895,rannikkoalue,חוף ים,nouns,nan
896,rukoilla,לתקשר,verbs,0.85
897,minkki,פרווה,nouns,2.3
898,piirakka,שוקולד,nouns,0.8
899,anoa,לבקש,verbs,3.0
900,lentoperämies,שוטר,nouns,1.05
901,lounas,כריך,nouns,1.6
902,ajoneuvo,אוטובוס,nouns,2.45
903,katto,חלון,nouns,1.05
904,hotelli,דירה,nouns,1.45
905,tylsä,מצחיק,adjectives,0.65
906,oppia,לשכוח,verbs,0.65
907,valkuaisaine,ידית,nouns,0.0
908,sormi,בוהן,nouns,2.35
909,hallittu,מבולגן,adjectives,0.65
910,säästää,לבזבז,verbs,0.75
911,sensuuri,חופש,nouns,0.55
912,salamahyökkäys,מתקפה,nouns,3.65
913,häntä,קערה,nouns,0.0
914,uusi,ישן,adjectives,0.7
915,vaatteet,כפתור,nouns,1.35
916,ikkuna,דלת,nouns,1.4
917,mies,לוחם,nouns,1.55
918,keksi,נסיכה,nouns,0.0
919,häpeissään oleva,עצוב,adjectives,0.85
920,iltahämärä,ערב,nouns,3.45
921,käsittää,לקרוא,verbs,1.05
922,solvata,לפגוע,verbs,4.4
923,hattu,מעיל,nouns,1.3
924,paikallisesti,קרוב,adverbs,2.55
925,pormestari,נשיא,nouns,1.85
926,patologia,המטולוגיה,nouns,2.0
927,lyhyt,ארוך,adjectives,0.7
928,iso,לאומי,adjectives,0.45
929,yllättää,לחגוג,verbs,0.65
930,tulokset,שלב,nouns,0.85
931,elokuva,ניהיליזם,nouns,0.15
932,vanha,מעורבב,adjectives,0.0
933,valloitus,קרב,nouns,1.95
934,varallisuus,עוני,nouns,0.8
935,laillinen,מותר,adjectives,3.95
936,uusi,חדש,adjectives,3.4
937,järjestää,לצרוך,verbs,0.15
938,tieto,אנטרופיה,nouns,0.9
939,ankkuri,סירה,nouns,1.05
940,nykyään,לאחרונה,adverbs,1.35
941,tutkia,לבחון,verbs,2.75
942,syyttäjä,עורך דין,nouns,2.7
943,liueta,לערבב,verbs,1.5
944,varoittaa,לעצור,verbs,0.55
945,vuosikymmen,מאה,nouns,1.5
946,aina,פעמיים,adverbs,0.85
947,hammaslääkäri,קולונל,nouns,0.7
948,suurkaupunki,עיירה,nouns,3.55
949,takaosa,זנב,nouns,1.3
950,pysähtyä,לשרוק,verbs,0.15
951,prinsessa,מלך,nouns,1.75
952,arkki,מטוס,nouns,0.0
953,sheriffi,שוטר,nouns,3.95
954,kaliiperi,מטרייה,nouns,0.3
955,haukka,ציפור,nouns,2.7
956,tehdä,לקרות,verbs,1.35
957,kone,מחשב,nouns,2.9
958,uskoa,לקבל,verbs,1.3
959,vieras,חבר,nouns,1.45
960,artikkeli,עיתון,nouns,1.65
961,hauta,קבורה מחדש,nouns,1.35
962,peittää,להגן,verbs,2.1
963,selittää,להוכיח,verbs,2.0
964,katsoa,לחפש,verbs,1.7
965,korvaus,הערה,nouns,0.0
966,hiiri,סיפון,nouns,0.05
967,kiistellä,לצעוק,verbs,1.55
968,nöyryyttää,לנחם,verbs,0.35
969,osoitin,שקופית,nouns,0.2
970,isä,גבר,nouns,2.8
971,veri,וירוס,nouns,0.9
972,kyky,כשירות,nouns,4.3
973,myydä,ללכת,verbs,0.15
974,ystävä,חבר,nouns,4.85
975,kaoottisesti,בשלווה,adverbs,0.4
976,pääasiassa,לרוב,adverbs,4.85
977,lakimies,גלריה,nouns,0.0
978,monokulttuuri,חקלאות,nouns,0.75
979,joukkio,קהל,nouns,4.8
980,melodia,מוסיקה,nouns,3.05
981,harvinainen,נדיר,adjectives,2.3
982,tavallinen,קר,adjectives,0.2
983,keitto,סעודה,nouns,1.75
984,timantti,כסף,nouns,0.75
985,kaavio,גרף,nouns,3.95
986,tylsä,משועמם,adjectives,2.05
987,työntää,למשוך,verbs,0.75
988,saatana,אל,nouns,1.55
989,mikroskooppi,ביולוג,nouns,0.75
990,sentti,אנשים,nouns,0.7
991,tennis,סטטיסטיקה,nouns,0.1
992,mies,ילד,nouns,1.55
993,kuvanveistäjä,אחוזה,nouns,0.3
994,keskinkertainen,רע,adjectives,0.4
995,likainen,מדהים,adjectives,0.15
996,antropologia,ארכיאולוגיה,nouns,1.7
997,takki,כובע,nouns,1.3
998,hämätä,ללמוד,verbs,0.3
999,yrittää,להשיג,verbs,1.0
1000,protestantti,נוצרי,nouns,3.25
1001,demoni,מפלצת,nouns,4.6
1002,kellua,לשיר,verbs,0.2
1003,kapea,ארוך,adjectives,1.25
1004,muodostaa,להרוס,verbs,0.7
1005,epäluonnollisesti,בטבעיות,adverbs,0.65
1006,tulla sisään,לעזוב,verbs,0.45
1007,hauska,רציני,adjectives,0.7
1008,leipä,בשר,nouns,0.9
1009,portti,דלת,nouns,3.8
1010,seimi,מיטת תינוק,nouns,4.2
1011,vartalo,זרוע,nouns,1.4
1012,kuvitella,להתחזות,verbs,1.1
1013,serkku,דוד,nouns,2.35
1014,tuho,בנייה,nouns,0.7
1015,muistuttaa,לשכוח,verbs,0.7
1016,peitetty,חשוף,adjectives,0.7
1017,joskus,מתישהו,adverbs,1.6
1018,kerran,מיידית,adverbs,0.3
1019,avain,בית,nouns,0.85
1020,kukka,סבולת,nouns,0.0
1021,sana,עמוד,nouns,0.75
1022,alkoholi,ברנדי,nouns,2.65
1023,torjua,למנוע,verbs,1.5
1024,tuoda,להתלונן,verbs,0.0
1025,murtaa,לשבור,verbs,3.95
1026,tuomita,להאשים,verbs,2.9
1027,lakimies,תובע,nouns,2.7
1028,etsiä,לתשאל,verbs,2.0
1029,nolla,אינסוף,nouns,0.65
1030,hienotunteisesti,כרגע,adverbs,0.0
1031,mainitsematon,מחוץ לנישואין,adjectives,0.1
1032,temppu,אמבטיה,nouns,0.0
1033,voittaja,מועמד,nouns,1.15
1034,rauta,ויטמין,nouns,1.3
1035,pankki,מושב,nouns,0.05
1036,tarkalleen,במדוייק,adverbs,5.05
1037,läsnäolo,היעדרות,nouns,0.7
1038,lemma,הברה,nouns,1.1
1039,sekoittaa,להתמוסס,verbs,1.5
1040,makuuhuone,מיטה,nouns,1.15
1041,auto,משאית,nouns,3.05
1042,apina,קמפיין,nouns,0.0
1043,juosta,לרכב,verbs,0.95
1044,suru,ייסורים,nouns,3.35
1045,jäädä,לשמור,verbs,0.85
1046,rauhallisesti,בשלווה,adverbs,4.6
1047,seinä,מבצר,nouns,0.95
1048,flunssa,חום,nouns,2.1
1049,älykäs,חכם,adjectives,5.45
1050,tyhmä,עצום,adjectives,0.1
1051,joustava,צנוע,adjectives,0.35
1052,kihlautua,להתחתן,verbs,2.0
1053,keskustelu,גובה,nouns,0.45
1054,televisio,שחקן,nouns,0.95
1055,soitin,כינור,nouns,2.1
1056,niska,גב,nouns,1.35
1057,alumiini,בדיל,nouns,1.3
1058,jättää,להישאר,verbs,1.05
1059,teksti,ספר,nouns,2.65
1060,saastuminen,אטמוספירה,nouns,0.3
1061,tukki,עץ,nouns,2.55
1062,olla eri mieltä,להסכים,verbs,0.7
1063,joskus,באופן אחיד,adverbs,0.3
1064,laiton,חוקי,adjectives,0.7
1065,juoksija,ספורטאי,nouns,2.6
1066,teema,ספר,nouns,0.8
1067,rehellisesti,בנאמנות,adverbs,1.5
1068,radikaali,אלים,adjectives,1.35
1069,ihmiset,מסיבה,nouns,1.05
1070,pitää,להפסיד,verbs,0.45
1071,loukkaus,פשע,nouns,1.85
1072,kuivuus,מים,nouns,0.5
1073,kissa,חיית מחמד,nouns,2.85
1074,karja,פרה,nouns,3.3
1075,taivutus,זיהום,nouns,0.05
1076,laakso,קניון,nouns,4.1
1077,jättää,לפגוש,verbs,0.35
1078,kestävyys,רצועה,nouns,0.1
1079,ilmapallo,אמבטיה,nouns,0.1
1080,vahvuus,יכולת,nouns,2.4
1081,velho,כבל,nouns,0.15
1082,laulaa,לרחף,verbs,0.2
1083,ateria,מותן,nouns,0.45
1084,vihata,להינות,verbs,0.35
1085,auto,רחוב,nouns,0.75
1086,turvallinen,חוקי,adjectives,1.1
1087,päättää,לחשוב,verbs,1.4
1088,puu,סירה,nouns,0.8
1089,haitta,כאב,nouns,1.8
1090,epäillä,לעצור,verbs,0.65
1091,valmistaa,ליצור,verbs,4.1
1092,kuukausipalkka,עמלה,nouns,1.4
1093,lainata,לחוב,verbs,1.95
1094,huomio,מודעות,nouns,1.75
1095,auto ,כביש,nouns,1.0
1096,johtokunta,מנהלה,nouns,2.75
1097,tuhlata,לדאוג,verbs,0.15
1098,osallistua,להתכנס,verbs,1.85
1099,ihmiset,אקדח,nouns,0.3
1100,pullo,פחית,nouns,1.85
1101,yksinkertainen,קל,adjectives,3.95
1102,säästää,לאסוף,verbs,2.55
1103,kuiskata,לדבר,verbs,2.5
1104,olut,אלכוהול,nouns,2.5
1105,puolustaa,לשמור,verbs,4.25
1106,kiltisti,בנדיבות,adverbs,1.9
1107,hyvä,חריף,adjectives,0.55
1108,suorittaa loppuun,להתחרות,verbs,0.3
1109,selittää,להבהיר,verbs,4.25
1110,työnantaja,עובד,nouns,1.5
1111,miettiä,לחשוב,verbs,5.25
1112,keskinkertainen,משעמם,adjectives,1.1
1113,isä,אל,nouns,0.4
1114,aamunkoitto,יום,nouns,2.1
1115,sonetti,יופי,nouns,0.3
1116,oviaukko,דלת,nouns,3.1
1117,luoda,לצלול,verbs,0.1
1118,kiireinen,עצלן,adjectives,0.55
1119,saari,חצי אי,nouns,1.8
1120,juoda,לערבב,verbs,0.45
1121,tavata,להתכנס,verbs,4.15
1122,kuvitella,ליצור,verbs,1.3
1123,väkijuoma,להקה,nouns,0.0
1124,lasi,תג,nouns,0.2
1125,taivas,חלום,nouns,0.45
1126,nuoli,מטרה,nouns,0.8
1127,laivasto,אי,nouns,0.25
1128,juoda,לבלוע,verbs,2.0
1129,laulu,מבצע,nouns,0.8
1130,demoni,מלאך,nouns,1.05
1131,viheltää,לעצור,verbs,0.15
1132,piparminttu,מסטיק,nouns,1.05
1133,valopuhelin,הומופון,nouns,0.5
1134,työnantaja,מועסק,nouns,1.35
1135,sateenvarjo,קליבר,nouns,0.3
1136,sekaannus,היסטריה,nouns,1.4
1137,muuttaa,להתחלף,verbs,2.95
1138,lentopallo,כדור,nouns,2.55
1139,paukkumaissi,קולנוע,nouns,0.7
1140,jättää,להצטרף,verbs,0.55
1141,voimallinen,חלש,adjectives,0.7
1142,sanakirja,אנציקלופדיה,nouns,2.8
1143,näyttää,להפוך,verbs,0.25
1144,turkki,מינק,nouns,2.3
1145,aurinko,שמיים,nouns,1.2
1146,laskeutua,לצמצם,verbs,0.85
1147,vaikea,קשה,adjectives,3.05
1148,suuri,עצום,adjectives,5.0
1149,paperi,קרטון,nouns,2.85
1150,jakso,תקופה,nouns,3.5
1151,sulautua,לצרף,verbs,3.65
1152,juhlia,להפתיע,verbs,0.65
1153,pilvi,חלון,nouns,0.3
1154,jakkara,כיסא,nouns,3.8
1155,galaksi,אסטרונום,nouns,1.1
1156,kotka,בז,nouns,2.75
1157,penkki,כיסא,nouns,3.2
1158,jousiampuja,גשש,nouns,0.2
1159,tuuri,שמחה,nouns,0.8
1160,raekuuro,גשם,nouns,2.8
1161,taifuuni,ציקלון,nouns,4.7
1162,järjetön,משוגע,adjectives,4.65
1163,ikkuna,קרסול,nouns,0.0
1164,vaunu,כרכרה,nouns,4.05
1165,sotilas,שלום,nouns,0.5
1166,pohjoinen,דרום,nouns,1.35
1167,rotta,עכבר,nouns,2.8
1168,iso,כבד,adjectives,1.35
1169,opettaja,רב,nouns,2.2
1170,kadottaa,לקבל,verbs,0.45
1171,käydä kauppaa,למכור,verbs,3.65
1172,älypuhelin,אננס,nouns,0.0
1173,geisir,אביב,nouns,0.0
1174,suorittaa loppuun,לדחות,verbs,0.55
1175,työntekijä,מעסיק,nouns,1.35
1176,kerätä,לסדר,verbs,1.45
1177,professori,דוקטור,nouns,2.7
1178,saalis,אל,nouns,0.05
1179,varvas,אצבע,nouns,2.35
1180,hermo,מעי,nouns,0.75
1181,laatikko,כובע,nouns,0.1
1182,hajota,למות,verbs,0.85
1183,kohtelias,ראוי,adjectives,1.45
1184,kattila,מכשיר,nouns,0.6
1185,makea,חשמלי,adjectives,0.0
1186,matriisi,מולקולה,nouns,0.1
1187,laittaa,לתלות,verbs,0.6
1188,muinainen,חדש,adjectives,0.7
1189,sänky,עריסה,nouns,3.0
1190,putka,תא,nouns,0.85
1191,vikkelä,זריז,adjectives,4.65
1192,pelästynyt,לא בטוח,adjectives,1.15
1193,otaksua,להתחזות,verbs,0.35
1194,aalto,מזג אוויר,nouns,0.4
1195,pohja,צד,nouns,1.1
1196,vauva,מבוגר,nouns,1.1
1197,taistella,לשחק,verbs,1.15
1198,lentokone,סדין,nouns,0.0
1199,tulla,להשיג,verbs,0.35
1200,hevonen,סוסה,nouns,3.45
1201,virka,מהירות,nouns,0.3
1202,uhka,סכנה,nouns,4.7
1203,vene,מנוע,nouns,1.0
1204,ohjaaja,סינמטוגרפיה,nouns,1.0
1205,hyytävä,מחוספס,adjectives,1.15
1206,käsivarsi,גוף,nouns,1.4
1207,kuja,קערה,nouns,0.0
1208,kyttä,שריף,nouns,3.95
1209,tietosanakirja,מילון,nouns,2.8
1210,tuomari,שופט,nouns,1.8
1211,halveksia,להאשים,verbs,0.4
1212,liha,כריך,nouns,1.0
1213,sade,טפטוף,nouns,3.6
1214,huolellisesti,באופן מסוכן,adverbs,0.5
1215,omistaa,לקחת,verbs,1.55
1216,puutteenalainen,חסר ביטחון,adjectives,0.85
1217,aritmetiikka,קצב,nouns,0.2
1218,rankka,ערמומי,adjectives,0.25
1219,epäselvä,מעורפל,adjectives,4.15
1220,elin,כלייה,nouns,2.3
1221,kiistää,לשקר,verbs,1.2
1222,vaimo,חור,nouns,0.0
1223,nälkäinen,עייף,adjectives,0.6
1224,peruna,חמאה,nouns,0.9
1225,moninkertainen,פעמיים,adverbs,1.2
1226,vartalo,כתף,nouns,1.4
1227,tukki,עץ,nouns,2.8
1228,kuorma-auto,מכונית,nouns,3.05
1229,olla eri mieltä,לריב,verbs,1.3
1230,pappi,נביא,nouns,1.55
1231,purra,לקרוא,verbs,0.0
1232,maatalous,צמח,nouns,1.25
1233,läsnäolo,מנצח,nouns,0.0
1234,huomenna,הלילה,adverbs,0.9
1235,tehdä yhteistyötä,להצטרף,verbs,1.2
1236,peittämätön,מכוסה,adjectives,0.7
1237,poika,מצב,nouns,0.0
1238,tuska,צער,nouns,3.35
1239,lannistaa,להרגיז,verbs,0.75
1240,ilmaista,לומר,verbs,4.1
1241,laimilyödä,לנשל,verbs,0.8
1242,selittää,לשוחח,verbs,1.4
1243,pallo,סל,nouns,0.65
1244,veljeskunta,גברים,nouns,1.25
1245,teollisuus,עסק,nouns,1.95
1246,maailma,גלובוס,nouns,3.95
1247,puhua,לאשר,verbs,1.1
1248,laatikko,מעלית,nouns,0.3
1249,edeltäjä,עבר,nouns,1.9
1250,lähettää,להביא,verbs,0.95
1251,puumateriaali,קורה,nouns,2.8
1252,brandy,אלכוהול,nouns,2.65
1253,vannoa,להבטיח,verbs,4.9
1254,halkaista,לנתק,verbs,1.7
1255,vaihto,תחליף,nouns,3.95
1256,kriittisesti,בעצם,adverbs,0.65
1257,valtava,זעיר,adjectives,0.7
1258,ranta,ים,nouns,1.65
1259,haavoittuvainen,חסר אונים,adjectives,3.5
1260,pehmeästi,בנחישות,adverbs,0.4
1261,supistaa,לספוג,verbs,0.25
1262,rytmi,חשבון,nouns,0.2
1263,juusto,לחם,nouns,1.2
1264,neule,מעיל,nouns,2.1
1265,luu,צוואר,nouns,1.25
1266,tiedustella,לחפש,verbs,2.0
1267,tukija,קריקט,nouns,0.3
1268,paeta,לברוח,verbs,5.4
1269,saari,חיל הים,nouns,0.25
1270,lisätä,להצטרף,verbs,1.3
1271,hiljattain,בזמן האחרון,adverbs,5.2
1272,sotilas,ילד,nouns,1.05
1273,leidi,ג'נטלמן,nouns,1.1
1274,imeä itseensä,ללמוד,verbs,1.95
1275,raha,פנינה,nouns,0.65
1276,antaa,לדעת,verbs,0.15
1277,selventää,להגדיר,verbs,2.8
1278,kruunu,מפתח,nouns,0.0
1279,lelu,קובייה,nouns,0.9
1280,tukahduttaa,לשרוף,verbs,0.6
1281,kirja,ספרות,nouns,2.15
1282,harvinainen,מטומטם,adjectives,0.1
1283,vaihtaa,להשתנות,verbs,2.95
1284,laskimo,זרוע,nouns,0.8
1285,luoda,לבנות,verbs,3.8
1286,henkilökohtainen,אינטימי,adjectives,4.7
1287,kuvaaja,תרשים,nouns,3.95
1288,numero,ספרה,nouns,5.15
1289,kritiikki,טיעון,nouns,1.2
1290,osallistua,לשלוח,verbs,0.6
1291,unohtaa,ללמוד,verbs,0.65
1292,turvautua,להיכשל,verbs,0.3
1293,tahmea,רטוב,adjectives,1.05
1294,älykkyys,תובנה,nouns,2.85
1295,legioona,צבא,nouns,2.8
1296,suostutella,להתווכח,verbs,1.25
1297,menettää,לבשל,verbs,0.0
1298,runoilija,עיתונאי,nouns,1.25
1299,ilta,דמדומים,nouns,3.45
1300,kapea,רחב,adjectives,0.7
1301,oppilas,סטודנט,nouns,5.2
1302,viestiä,להתפלל,verbs,0.85
1303,moottoritie,מכונית,nouns,1.0
1304,kyynärpää,עצם,nouns,1.45
1305,nainen,מזכירה,nouns,1.1
1306,professori,סטודנט,nouns,1.05
1307,monarkia,דמוקרטיה,nouns,1.6
1308,mylly,זרע,nouns,0.6
1309,väsynyt,משעמם,adjectives,0.95
1310,muistuttaa,למכור,verbs,0.0
1311,kondensaattori,דיודה,nouns,1.6
1312,lapsi,נערה,nouns,3.35
1313,organisoida,לסדר,verbs,5.15
1314,epätavallisesti,באופן מוזר,adverbs,4.85
1315,valinta,כלא,nouns,0.35
1316,kehys,מכה,nouns,0.0
1317,järjestelmä,אשמה,nouns,0.3
1318,kiistellä,להצדיק,verbs,1.2
1319,elefantti,דינוזאור,nouns,1.3
1320,asunto,מלון,nouns,1.45
1321,pohja,כף רגל,nouns,0.65
1322,taistelu,כיבוש,nouns,1.95
1323,tutkia,לרדוף,verbs,0.95
1324,luoja,מחבר,nouns,3.85
1325,pilvi,ערפל,nouns,2.52
1326,rako,פתח,nouns,3.65
1327,sytoplasma,ספרה,nouns,0.25
1328,toimittaa,לקבל,verbs,0.5
1329,aita,קפיצה,nouns,0.45
1330,kuppi,צנצנת,nouns,2.55
1331,kuunnella,להבין,verbs,1.7
1332,hukkua ,להציל,verbs,0.6
1333,veitsi,אקדח,nouns,2.35
1334,suora,מעוקל,adjectives,0.75
1335,kutistua,להיעלם,verbs,1.7
1336,laite,סיר,nouns,0.6
1337,logiikka,חשבון,nouns,1.35
1338,tytär,אבא,nouns,1.25
1339,saastuminen,נשיא,nouns,0.05
1340,hampaat,עצם,nouns,1.8
1341,viha,מצב,nouns,0.6
1342,muotoutumaton,מדים,adjectives,0.35
1343,maatalous,מונוקלטורה,nouns,0.75
1344,lihas,זרוע,nouns,1.3
1345,nainen,ג'ינס,nouns,0.3
1346,tasavalta,דוכס,nouns,0.65
1347,rauha,חייל,nouns,0.5
1348,vuosikymmen,עידן,nouns,2.25
1349,mahdollisesti,באופטימיות,adverbs,1.15
1350,veljeskunta,דלת,nouns,0.0
1351,rintakehä,גוף,nouns,1.95
1352,käsivarsi,עצם,nouns,1.35
1353,pullo,קנקן,nouns,2.55
1354,solu,מעצר,nouns,0.85
1355,yhdistää,לחלק,verbs,0.8
1356,hallita,לעצור,verbs,0.45
1357,kirjailija,רומן,nouns,1.1
1358,uskonto,חילוניות,nouns,0.85
1359,välikäytävä,אולם,nouns,1.25
1360,lippu,חקר דגלים,nouns,1.6
1361,tietoisuus,עניין,nouns,1.75
1362,maksaa,לקנות,verbs,2.65
1363,myöhemmin,לעולם לא,adverbs,0.95
1364,ottaa,לרכוש,verbs,0.7
1365,jahdata,לתפוס,verbs,1.55
1366,ehdottaa,לייעץ,verbs,3.15
1367,tiili,קיר,nouns,1.25
1368,mausteinen,טוב,adjectives,0.55
1369,antelias,חברותי,adjectives,0.8
1370,pitkäveteinen,בינוני,adjectives,1.1
1371,kiista,הסכמה,nouns,0.7
1372,järjestäytynyt,מבולגן,verbs,0.7
1373,ero,שארית,nouns,1.0
1374,historioitsija,היסטוריוגרף,nouns,3.3
1375,kieleke,הר,nouns,0.5
1376,todiste,עובדה,nouns,2.3
1377,valinta,בחירות,nouns,2.55
1378,halata,למחוץ,verbs,1.25
1379,viestintä,שפה,nouns,1.95
1380,isä,אם,nouns,2.0
1381,veri,מוח,nouns,0.7
1382,demokratia,מלוכה,nouns,1.6
1383,merkittävästi,רשמית,adverbs,0.75
1384,ilmiselvä,בולט,adjectives,2.8
1385,kahdesti,פעם אחת,adverbs,1.4
1386,tukehtua,לנשום,verbs,0.75
1387,myrsky,ענן,nouns,1.55
1388,särkeä,לרסק,verbs,5.2
1389,virrata,להיסחף,verbs,3.15
1390,simulaatio,רובוטיקה,nouns,0.95
1391,neuletakki,חולצה,nouns,1.85
1392,löytää,לחפש,verbs,1.65
1393,pilvinen sää,תחזית,nouns,1.0
1394,valmistaa,להפוך,verbs,0.35
1395,koriste,מעטפה,nouns,0.25
1396,temppu,אקדח,nouns,0.1
1397,siirrettävä,גמיש,adjectives,0.85
1398,jaardi,אינץ',nouns,1.95
1399,mittari,מכונית,nouns,0.6
1400,epäreilusti,בהגינות,adverbs,0.7
1401,elin,כבד,nouns,2.0
1402,rehellinen,אשם,adjectives,0.35
1403,kyttä,טייס,nouns,1.05
1404,tyhmä,נדיר,adjectives,0.1
1405,dominoida,לנצח,verbs,1.5
1406,kirjailija,כישרון,nouns,0.65
1407,enimmäkseen,לעומק,adverbs,0.8
1408,sensori,רדיאטור,nouns,0.45
1409,säästäjä,חיסכון,nouns,1.3
1410,organisoida,להפוך,verbs,0.55
1411,tulla,ללכת,verbs,1.1
1412,ruoho,להב,nouns,0.25
1413,silta,מכונית,nouns,0.55
1414,varmasti,לפעמים,adverbs,0.2
1415,tihkusade,גשם,nouns,3.6
1416,ilmailu,אוויוניקה,nouns,1.8
1417,kalenteri,תאריך,nouns,1.4
1418,julkinen,פרטי,adjectives,0.7
1419,ei koskaan,לאחר מכן,adverbs,0.95
1420,hiljaa,באופן פסיבי,adverbs,1.05
1421,epäaito,מלאכותי,adjectives,4.15
1422,musiikki,מנגינה,nouns,3.05
1423,yhtenäinen,חסר צורה,adjectives,0.35
1424,jumala,אב,nouns,0.4
1425,halata,להתרכבל,verbs,4.15
1426,vahvuus,סבולת,nouns,3.35
1427,mukavasti,בקלות,adverbs,1.55
1428,mellakka,ציור,nouns,0.1
1429,kappale,לילה,nouns,0.05
1430,johtaja,מנהל,nouns,3.3
1431,testi,משפט,nouns,0.75
1432,taivas,שמש,nouns,1.2
1433,pelästynyt,ביישן,adjectives,1.35
1434,uusi,לא משומש,adjectives,4.4
1435,auto,גשר,nouns,0.55
1436,terä,דשא,nouns,0.25
1437,pätevyys,יכולת,nouns,4.6
1438,työ,הנהלה,nouns,1.0
1439,katu,מכונית,nouns,0.75
1440,sairas,משוגע,adjectives,1.4
1441,uudelleenlämmitys,חימום מראש,nouns,1.85
1442,todennäköisesti,בהחלט,adverbs,1.15
1443,kersantti,אקדח,nouns,0.4
1444,merkki,מועדון,nouns,0.05
1445,operaatio,אלגברה,nouns,0.55
1446,tuleva,יוצא,adjectives,0.7
1447,täti,אחיין,nouns,1.05
1448,omena,דיאטה,nouns,0.85
1449,tuoli,מיטה,nouns,1.2
1450,vaihto,מטבע,nouns,0.8
1451,sfääri,כדור,nouns,2.15
1452,tuskin koskaan,לעולם לא,adverbs,2.8
1453,äänioikeus,יציאה,nouns,0.0
1454,itseluottamus,עצמי,nouns,1.05
1455,uusi,עתיק,adjectives,0.7
1456,vene,עץ,nouns,0.8
1457,liikkua,להתפתל,verbs,1.4
1458,ilmoittaa,לאשר,verbs,1.5
1459,hallitsija,מלך,nouns,4.15
1460,dyyni,מדבר,nouns,1.8
1461,kypsästi,בצדקנות,adverbs,0.45
1462,vartalo,עצב,nouns,1.0
1463,myöntyä,להתווכח,verbs,0.6
1464,koe,סילבוס,nouns,0.8
1465,morsian,חתן,nouns,1.4
1466,molekyyli,אטום,nouns,2.5
1467,vesi,קרח,nouns,2.4
1468,äänekkäästi,ברכות,adverbs,0.3
1469,gini,וויסקי,nouns,2.6
1470,vasikka,שור,nouns,2.45
1471,onnellisuus,שלום,nouns,0.85
1472,kieltäminen,וידוי,nouns,0.5
1473,vaivata,להחמיר,verbs,0.3
1474,jakolasku,כפל,nouns,1.8
1475,toimittaja,משורר,nouns,1.25
1476,moittia,לשפוט,verbs,2.9
1477,kirjallisuus,מילה,nouns,1.15
1478,perinne,עבודת יד,nouns,0.75
1479,kalliojyrkänne,גבעה,nouns,1.95
1480,masennus,עמק,nouns,0.0
1481,hevonen,שור,nouns,1.7
1482,ikkuna,ענן,nouns,0.3
1483,tykki,כדור,nouns,0.5
1484,iho,אופניים,nouns,0.1
1485,verrata,לנתח,verbs,2.05
1486,mielenkiinto,קשב,nouns,2.85
1487,eläin,בהמה,nouns,2.95
1488,moraaliton,פלילי,adjectives,1.9
1489,sumu,ענן,nouns,2.5
1490,päivä ,שחר,nouns,2.1
1491,oudosti,באופן חריג,adverbs,4.85
1492,hiiri,הנהלה,nouns,0.0
1493,onnellinen,משוגע,adjectives,0.65
1494,pesäpallo,ספה,nouns,0.35
1495,mennä,למכור,verbs,0.15
1496,meri,חוף,nouns,1.65
1497,voitto,הצלחה,nouns,3.4
1498,painovoima,מטאור,nouns,0.6
1499,vaatteet,בד,nouns,1.65
1500,pidellä,לחבק,verbs,1.65
1501,hienovaraisesti,בקול רם,adverbs,0.25
1502,kuukausipalkka,כסף,nouns,2.85
1503,vilja,חיטה,nouns,3.1
1504,katu,סמטה,nouns,3.95
1505,jakku,סוודר,nouns,2.1
1506,siemailla,לבלוע,verbs,2.55
1507,luu,זרוע,nouns,1.35
1508,nauttia,לשנוא,verbs,0.35
1509,ruokavalio,סלט,nouns,1.25
1510,hauska,משעמם,adjectives,0.65
1511,peli,טריק,nouns,1.2
1512,makuuhuone,אמבטיה,nouns,1.6
1513,huijata,להונות,verbs,4.95
1514,valloitus,מסע,nouns,0.9
1515,kansi,קומה,nouns,1.6
1516,joki,זרם,nouns,2.3
1517,tuskin koskaan,לעיתים קרובות,adverbs,0.75
1518,juoda,ללגום,verbs,4.4
1519,lisätä,לחלק,verbs,1.5
1520,laulaja,מקהלה,nouns,1.8
1521,moottori,מכונה,nouns,2.6
1522,pyrkiä,לעקל,verbs,0.1
1523,tuoda,להגיע,verbs,0.95
1524,hyppy,גדר,nouns,0.45
1525,moraali,אגדה,nouns,0.15
1526,tavoitella,לשכנע,verbs,0.6
1527,helppo,גמיש,adjectives,1.15
1528,galaksi,אפליקציה,nouns,0.3
1529,sentti,גודל,nouns,0.75
1530,lohduttaa,להשפיל,verbs,0.35
1531,iiris,אצטילכולין,nouns,0.45
1532,surullinen,מצחיק,adjectives,0.7
1533,sotaisuus,קרב,nouns,2.45
1534,mieletön,שמח,adjectives,0.55
1535,oppia,לחנך,verbs,1.55
1536,käärme,לטאה,nouns,2.15
1537,saada,לשים,verbs,0.5
1538,mielipide,רעיון,nouns,2.35
1539,orkesteri,להקה,nouns,4.25
1540,oppia,להקשיב,verbs,1.1
1541,pääkirjoitus,חדשות,nouns,1.8
1542,neuvoa,להציע,verbs,3.15
1543,puumateriaali,שמיכה,nouns,0.15
1544,kriittinen,חצוף,adjectives,0.85
1545,äiti,רעיה,nouns,2.1
1546,opettaja,תלמיד,nouns,1.3
1547,saavuttaa,להצליח,verbs,2.85
1548,vene,עוגן,nouns,1.05
1549,tilanne,נסיבות,nouns,4.45
1550,virsi,קש,nouns,0.1
1551,kaunis,נפלא,adjectives,1.25
1552,juhla,טקס,nouns,3.75
1553,pappi,אל,nouns,1.1
1554,persilja,מאפין,nouns,0.6
1555,voittaja,מטרה,nouns,0.95
1556,tavoitella,לחקור,verbs,0.95
1557,koira,חתול,nouns,1.45
1558,hyökätä kimppuun,לעצבן,verbs,0.65
1559,luotettavasti,בערך,adverbs,0.25
1560,lonkka,שפה,nouns,1.35
1561,mennä,לעזוב,verbs,2.1
1562,paikantaa,למצוא,verbs,4.55
1563,mahtava,נורא,adjectives,0.6
1564,mahdoton,אפשרי,adjectives,0.7
1565,näyttö,מוניטור,nouns,4.7
1566,aloittaa,להיווצר,verbs,1.1
1567,palvelustyttö,נערה,nouns,1.3
1568,tavallinen,שגרתי,adjectives,5.0
1569,olut,משקה,nouns,2.35
1570,joki,ים,nouns,1.8
1571,kipu,נזק,nouns,1.8
1572,niska,זרוע,nouns,1.15
1573,kastella,להקטין,verbs,0.25
1574,vastustaja,יריב,nouns,3.95
1575,käteinen,כסף,nouns,3.1
1576,kova,צפוף,adjectives,0.65
1577,hiilihydraatti,סוכרוז,nouns,2.5
1578,tapaaminen,התחייבות,nouns,0.6
1579,sulkea,לשאוף,verbs,0.1
1580,raivo,כעס,nouns,4.75
1581,vaimo,בעל,nouns,1.5
1582,korvaus,עמלה,nouns,3.35
1583,torni,פעמון,nouns,0.75
1584,työ,משימה,nouns,3.85
1585,yrittää,לחשוב,verbs,0.4
1586,keittää,לטגן,verbs,1.9
1587,uskollisesti,בכנות,adverbs,1.5
1588,pitää,להחזיק,verbs,2.15
1589,sänky,שמיכה,nouns,1.0
1590,edetä,לקדם,verbs,2.1
1591,kuulla,להקשיב,verbs,3.45
1592,täsmällisesti,נמרצות,adverbs,0.9
1593,tulo,מס,nouns,0.95
1594,haudata,לכסות,verbs,3.25
1595,gini,אלכוהול,nouns,2.5
1596,epävarma,תלותי,adjectives,0.85
1597,rannekello,חצאית,nouns,0.25
1598,organisoida,לאסוף,verbs,1.45
1599,antaa lainaksi,לתת,verbs,2.0
1600,hematologia,פתולוגיה,nouns,2.0
1601,tyydyttää,להבין,verbs,0.2
1602,aamunkoitto,לילה,nouns,1.35
1603,onnellinen,צעיר,adjectives,0.4
1604,aloittaa,התחיל,verbs,5.5
1605,voittaja,נוכחות,nouns,0.0
1606,lisätä,לבנות,verbs,1.6
1607,kuvitus,שלפוחית,nouns,0.0
1608,kääntäjä,זר,nouns,0.3
1609,ampua ohi,לפגוע,verbs,0.7
1610,rotu,סוף שבוע,nouns,0.05
1611,kritisoida,לשנוא,verbs,0.75
1612,sateenvarjo,תנור חימום,nouns,0.6
1613,kritisoida,להעיר,verbs,2.7
1614,kadota,להיכחד,verbs,5.0
1615,lapsi,גבר,nouns,1.55
1616,fantasia,מציאות,nouns,0.85
1617,julkistamaton,גלוי,adjectives,0.6
1618,makeinen,קינמון,nouns,0.8
1619,sovellus,גלקסי,nouns,0.3
1620,kurkku,אף,nouns,1.4
1621,tulla,להביא,verbs,0.95
1622,kokoontuminen,עצרת,nouns,4.75
1623,nilkka,עצם,nouns,1.7
1624,kallisarvoinen,קדוש,adjectives,2.35
1625,hiekka,רגל,nouns,0.25
1626,nepotismi,מלך,nouns,1.15
1627,todentaa,להצדיק,verbs,2.1
1628,sanakirja,הגדרה,nouns,1.15
1629,nilkka,מרפק,nouns,1.7
1630,pilvi,סערה,nouns,1.55
1631,kahdesti,הרבה,adverbs,1.2
1632,laiska,עסוק,adjectives,0.55
1633,helppo,מורכב,adjectives,0.65
1634,leiri,ביתן,nouns,0.9
1635,murskata,לנתץ,verbs,5.2
1636,muistikirja,אקדח,nouns,0.0
1637,sihteeri,אישה,nouns,1.1
1638,antaa,להניח,verbs,0.85
1639,vaatimaton,ענו,adjectives,5.15
1640,toimittaa,לשאת,verbs,1.35
1641,koju,טלפון,nouns,0.3
1642,köyhä,גאה,adjectives,0.1
1643,avain,כתר,nouns,0.0
1644,sankaritar,גיבור,nouns,3.7
1645,epärehellinen,רע,adjectives,1.3
1646,peitto,סערה,nouns,0.4
1647,aktiviteetti,תנועה,nouns,1.95
1648,poika,בן,nouns,3.85
1649,kuluttaa,לחסוך,verbs,0.75
1650,kerätä,לנער,verbs,0.2
1651,lentäjä,נהג,nouns,2.75
1652,nuori,שמח,adjectives,0.4
1653,topologia,מבנה,nouns,2.55
1654,käsivarsi,צוואר,nouns,1.15
1655,risti,נזיר,nouns,0.8
1656,tunnustus,הכחשה,nouns,0.5
1657,sopimus,חוזה,nouns,5.0
1658,tyttö,ילדה,nouns,3.35
1659,rannikkoalue,ספינת תותחים,nouns,0.75
1660,vatsa,וריד,nouns,0.9
1661,pallo,ספירה,nouns,2.15
1662,kausi,חורף,nouns,1.6
1663,öljy,מינק,nouns,0.25
1664,jakku,בגדים,nouns,1.7
1665,keitetty,מבושל,adjectives,3.4
1666,mehu,חלב,nouns,1.45
1667,astronomi,גלקסיה,nouns,1.1
1668,asianajaja,פרקליט,nouns,4.65
1669,tahraton,נקי,adjectives,4.8
1670,pitkä,צר,adjectives,1.25
1671,kukka,סיגלית,nouns,2.55
1672,lahja,סופר,nouns,0.65
1673,ranne,זרוע,nouns,2.05
1674,tähti,אסטרואיד,nouns,1.8
1675,outo,נורמלי,adjectives,0.7
1676,helposti,בערך,adverbs,0.3
1677,ympäristö,חרב,nouns,0.0
1678,vakuuttaa,להתווכח,verbs,1.25
1679,rakastaja,חבר,nouns,2.25
1680,algebra,פעולה,nouns,0.55
1681,neutraali,הססני,adjectives,0.85
1682,aivoriihi,טלסקופ,nouns,0.0
1683,tuore,רחב,adjectives,0.0
1684,makuuhuone,בטן,nouns,0.05
1685,heppu,שותף,nouns,1.2
1686,pää,ציפורן,nouns,0.95
1687,ihmiset,אוכלוסייה,nouns,3.4
1688,artikkeli,כתב יד,nouns,1.95
1689,opettaa,לחנך,verbs,4.15
1690,jäädä eläkkeelle,לסגת,verbs,2.65
1691,kunniamerkki,זכוכית,nouns,0.2
1692,vuosi,יום הולדת,nouns,1.05
1693,viha,תסכול,nouns,2.7
1694,opetussuunnitelma,מבחן,nouns,0.8
1695,mukavuus,בטיחות,nouns,0.9
1696,kuume,מחלה,nouns,2.25
1697,omena,ממתק,nouns,0.75
1698,seutu,שטח,nouns,4.65
1699,ovi,מסדרון,nouns,1.0
1700,tunnustaa,להסכים,verbs,3.6
1701,keilaaja,באולינג,nouns,2.4
1702,ujo,מפוחד,adjectives,1.35
1703,paheksua,לדחות,verbs,1.7
1704,affiksi,סיומת,nouns,3.0
1705,tukahduttaa,לחבק,verbs,0.6
1706,henkilökohtainen,פרטי,adjectives,4.65
1707,metalli,אלומיניום,nouns,2.6
1708,hyväksyä,להאמין,verbs,1.3
1709,essee,שיעורי בית,nouns,1.85
1710,antelias,נחמד,adjectives,1.0
1711,kastike,תפוח,nouns,0.7
1712,entropia,מידע,nouns,0.9
1713,sinappi,גרגיר,nouns,1.25
1714,kansallinen,גדול,adjectives,0.45
1715,vastuullisesti,באופן אמין,adverbs,3.1
1716,helppo,נוקשה,adjectives,0.45
1717,paikallisesti,בוודאי,adverbs,0.1
1718,lusikka,מיץ,nouns,0.35
1719,vika,מערכת,nouns,0.3
1720,sekoittaa,לשתות,verbs,0.45
1721,iso,קל,adjectives,0.35
1722,aihe,סולמית,nouns,0.45
1723,vartalo,חזה,nouns,1.95
1724,kova,פשוט,adjectives,0.4
1725,sopimus,ויכוח,nouns,0.7
1726,vaatteet,ארון,nouns,0.75
1727,luonne,דוקטור,nouns,0.0
1728,alkoholi,ויסקי,nouns,2.45
1729,jää,שלג,nouns,2.9
1730,sentti,רעיה,nouns,0.0
1731,lumi,מפולת שלגים,nouns,1.8
1732,hyväksyä,לסלוח,verbs,1.5
1733,automobiili,אוטו,nouns,5.95
1734,mekko,ריקוד,nouns,0.45
1735,kylmä,רגיל,adjectives,0.2
1736,paha,מצוין,adjectives,0.35
1737,rauhallinen,נינוח,adjectives,4.0
1738,kuolema,אסון,nouns,1.6
1739,repiä,ללבוש,verbs,0.2
1740,sauvaohjain,רדאר,nouns,0.3
1741,jalka,זרוע,nouns,1.65
1742,hävitä,להתכווץ,verbs,1.7
1743,uskomus,פרח,nouns,0.0
1744,sänky,רהיט,nouns,2.05
1745,kiistellä,לשכנע,verbs,1.25
1746,epätavallinen,נדיר,adjectives,4.85
1747,koriste,קיר,nouns,0.55
1748,parlamentti,קונגרס,nouns,4.0
1749,ymmärtää,לסלוח,verbs,1.15
1750,kantaa,לקחת,verbs,1.2
1751,arvo,אמונה,nouns,1.75
1752,tienraivaaja,קשת,nouns,0.2
1753,liike,פעילות,nouns,1.95
1754,kortti,ברידג',nouns,0.7
1755,hakusana,תחביר,nouns,1.0
1756,väkijoukko,המון,nouns,4.8
1757,veli,בן,nouns,2.35
1758,kypsentää,לערבב,verbs,0.9
1759,hoikka,צר,adjectives,3.1
1760,turhauttaa,לדכא,verbs,2.85
1761,huippu,צד,nouns,0.5
1762,älykäs,מטומטם,adjectives,0.65
1763,esteettömyys,צנזורה,nouns,0.55
1764,vesi,מלח,nouns,0.65
1765,liittyä,לעזוב,verbs,0.55
1766,viikonloppu,שבוע,nouns,1.65
1767,maali,חיפוש,nouns,0.7
1768,taksi,אוטובוס,nouns,2.0
1769,lasi,קריסטל,nouns,2.7
1770,kynsi,יד,nouns,1.35
1771,hiiri,חתול,nouns,1.45
1772,tsunami,ים,nouns,1.2
1773,surullisesti,נורא,adverbs,0.65
1774,maja,מקלט,nouns,1.75
1775,kallio,מכרה,nouns,1.0
1776,akustiikka,קול ,nouns,2.4
1777,isä,בן,nouns,1.7
1778,muksu,בן,nouns,3.25
1779,ovi,קומה,nouns,0.95
1780,realistisesti,באופן אידיאלי,adverbs,0.7
1781,mennä,להגיע,verbs,1.1
1782,molekyyli,מטריצה,nouns,0.1
1783,häpeissään oleva,אשם,adjectives,0.85
1784,sää,גל,nouns,0.4
1785,epäsäännöllisesti,לרוב,adverbs,0.7
1786,juhla,אנשים,nouns,1.05
1787,pyhimys,חוטא,nouns,0.65
1788,alue,פינה,nouns,1.15
1789,legenda,מוסר,nouns,0.15
1790,tunteellisesti,בעצב,adverbs,1.5
1791,läsnäolo,דלת,nouns,0.15
1792,luku,מספר,nouns,5.15
1793,kalenteri,חג,nouns,1.15
1794,jalkaterä,בסיס,nouns,0.65
1795,tehdas,מכונית,nouns,0.55
1796,jauho,לחם,nouns,1.45
1797,sade,סופת שלגים,nouns,1.9
1798,sulkea,להקיא,verbs,0.05
1799,puhdas,מבולגן,adjectives,0.65
1800,matka,כיבוש,nouns,0.9
1801,karitsa,כבש,nouns,3.9
1802,polyesteri,כותנה,nouns,1.4
1803,tukea,לסייע,verbs,5.15
1804,väsynyt,רעב,adjectives,0.6
1805,mielipide,אמונה,nouns,3.55
1806,nöyrä,צנוע,adjectives,5.15
1807,herättää,לנחור,verbs,0.6
1808,laskimo,בטן,nouns,0.9
1809,kuunnella,ללמוד,verbs,1.1
1810,veksillologia,דגל,nouns,1.6
1811,lukukausimaksu,מלגה,nouns,0.9
1812,kristitty,פרוטסטנט,nouns,3.25
1813,luotettavasti,באופן אחראי,adverbs,3.1
1814,pelaaja,מאמן,nouns,1.15
1815,tapahtuma,התרמה,nouns,1.9
1816,rehellisesti,בכנות,adverbs,5.2
1817,herttua,רפובליקה,nouns,0.65
1818,aikuinen,ילד,nouns,1.2
1819,sää,ענן,nouns,1.15
1820,siemen,מטחנה,nouns,0.6
1821,peto,חיה,nouns,2.95
1822,jalka,גף,nouns,3.15
1823,kirja,טקסט,nouns,2.65
1824,haluta,לבחור,verbs,0.95
1825,dia,מצביע,nouns,0.2
1826,päivä,לילה,nouns,1.1
1827,ihmeellinen,יפה,adjectives,1.25
1828,vedota,לרצות,verbs,0.55
1829,myöntyä,לקבל,verbs,3.3
1830,presidentti,זיהום,nouns,0.05
1831,televisio,תסריטאי,nouns,0.9
1832,saari,משימה,nouns,0.0
1833,jumala,טרף,nouns,0.05
1834,väkivaltainen,קיצוני,adjectives,1.35
1835,valehdella,להאשים,verbs,0.45
1836,tietää,להבין,verbs,2.75
1837,erityinen,בעל ערך,adjectives,2.85
1838,sallittu,חוקי,adjectives,3.95
1839,suositella,לקבל,verbs,1.15
1840,pehmeästi,בקול רם,adverbs,0.3
1841,patsas,פסל,nouns,4.75
1842,peukalo,ציפורן,nouns,1.65
1843,säde,שמש,nouns,1.8
1844,hermostunut,מפוחד,adjectives,1.5
1845,ase,תותח,nouns,2.85
1846,muurahainen,דבורה,nouns,1.55
1847,selvin päin oleva,שיכור,adjectives,0.7
1848,temppu,גודל,nouns,0.0
1849,aggressio,עוינות,nouns,4.65
1850,tapaus,חומרה,nouns,0.25
1851,dollari,אנשים,nouns,0.05
1852,valuutta,תמימות דעים,nouns,0.6
1853,pallo,תותח,nouns,0.5
1854,minttu,מוזיאון,nouns,0.2
1855,mieto,חד,adjectives,0.45
1856,itsevarmasti,בחשאיות,adverbs,0.5
1857,anteliaasti,לעולם לא,adverbs,0.5
1858,hiljattainen,רענן,adjectives,3.4
1859,arvo,שיעור,nouns,0.65
1860,tekijä,יוצר,nouns,3.85
1861,naaraslintu,ציפור,nouns,2.6
1862,prinssi,מלך,nouns,2.15
1863,terävä,קהה,adjectives,1.0
1864,virus,דם,nouns,0.9
1865,vuosisata,שנה,nouns,2.15
1866,tappaa,להילחם,verbs,1.25
1867,tulla sisään,ללכת,verbs,0.75
1868,pysähtyä,לשלוט,verbs,0.45
1869,piirustus,מהומה,nouns,0.1
1870,aloittaa,להפסיק,verbs,0.7
1871,pettää,לרמות,verbs,4.95
1872,epätodennäköisesti,באופן ידידותי,adverbs,0.0
1873,kiistellä,לדרוש,verbs,0.75
1874,paha,בינוני,adjectives,0.4
1875,lähettää,להגיע,verbs,0.6
1876,kehitys,גיוס כספים,nouns,0.4
1877,kuume,שפעת,nouns,2.1
1878,aktiivisesti,בשמחה,adverbs,0.6
1879,tiedottaa,להבריק,verbs,0.0
1880,loukata,להעליב,verbs,4.4
1881,kestävyys,פרח,nouns,0.0
1882,onnellisuus,מזל,nouns,0.8
1883,ärsyttää,להרגיז,verbs,4.8
1884,pitkästynyt,משעמם,adjectives,2.05
1885,huuli,פה,nouns,1.7
1886,kadottaa,להחסיר,verbs,1.4
1887,pikainen,זריז,adjectives,5.15
1888,mahtavasti,באופן פנטסטי,adverbs,5.5
1889,vaara,איום,nouns,4.7
1890,vartalo,דם,nouns,1.0
1891,turkki,אקדח,nouns,0.0
1892,arvata,להרגיז,verbs,0.05
1893,köyhä,בודד,adjectives,0.95
1894,poski,לשון,nouns,1.4
1895,rikos,הונאה,nouns,2.95
1896,viisaus,אינטליגנציה,nouns,4.5
1897,konkurssi,כישלון,nouns,1.6
1898,nenä,גרון,nouns,1.4
1899,itseluottamus,גישה,nouns,1.3
1900,ruma,מבולגן,adjectives,0.9
1901,rakenne,טופולוגיה,nouns,2.55
1902,rankka,קל,adjectives,0.7
1903,hirviö,שד,nouns,4.6
1904,jäähdytin,חיישן,nouns,0.45
1905,rentoutunut,לחוץ,adjectives,0.7
1906,kynä,סיפור,nouns,0.5
1907,selventää,להסביר,verbs,4.25
1908,tehdä kunniaa,להופיע,verbs,0.45
1909,välittömästi,פעם אחת,adverbs,0.3
1910,mehiläinen,חרק,nouns,2.4
1911,vastapäinen,ייחודי,adjectives,0.3
1912,ase,אנשים,nouns,0.3
1913,idea,דעה,nouns,2.35
1914,etsintä,מטרה,nouns,0.7
1915,torjua,לקבל,verbs,1.1
1916,vaarallisesti,בזהירות,adverbs,0.5
1917,säilyttää,להישאר,verbs,0.85
1918,asunto,בית,nouns,3.95
1919,sänky,כיסא,nouns,1.2
1920,poika,אח,nouns,2.35
1921,onneton,משוגע,adjectives,0.5
1922,työläinen,מצלמה,nouns,0.15
1923,käsivarsi,מפרק,nouns,2.05
1924,väkivaltainen,רך,adjectives,0.45
1925,taimen,גיטרה,nouns,0.05
1926,tuoda,לשלוח,verbs,0.95
1927,lentokenttä,מטוס,nouns,1.2
1928,kiistellä,להסכים,verbs,0.65
1929,epäonnistua,להצליח,verbs,0.7
1930,merkitä,לדרג,verbs,1.15
1931,nipistää,לחבוט,verbs,0.75
1932,taimi,עלה,nouns,1.5
1933,toimeksianto,הערה,nouns,0.85
1934,kypärä,נשק,nouns,0.95
1935,etikka,סלט,nouns,0.75
1936,käsi,ציפורן,nouns,1.35
1937,suuruus,עומק,nouns,1.75
1938,kangas,בגדים,nouns,2.3
1939,työntekijä,מעסיק,nouns,1.5
1940,keskustelu,טיעון,nouns,1.9
1941,arvioida,ללמוד,verbs,0.75
1942,olkapää,ראש,nouns,1.15
1943,oppia,לאמוד,verbs,0.75
1944,harvinainen,אקזוטי,adjectives,4.65
1945,leipä,גבינה,nouns,1.2
1946,tukki,אמבטיה,nouns,0.1
1947,uusi,טרי,adjectives,4.05
1948,maito,מיץ,nouns,1.45
1949,vesi,הכתרה,nouns,0.05
1950,surullinen,גאה,adjectives,0.25
1951,koko,טריק,nouns,0.0
1952,sitruuna,תפוח,nouns,1.85
1953,kulho,סמטה,nouns,0.0
1954,teatteri,סוללה,nouns,0.0
1955,haudata,למות,verbs,1.15
1956,koti,מדינה,nouns,0.7
1957,tyhmä,חכם,adjectives,0.7
1958,purra,לריב,verbs,1.1
1959,joskus,בוודאי,adverbs,0.2
1960,napsahtaa,לחרוק,verbs,0.7
1961,lisko,נחש,nouns,2.15
1962,pahentaa,לתקוף,verbs,0.65
1963,tunne,תשוקה,nouns,3.0
1964,härkä,סוס,nouns,1.7
1965,kalliojyrkänne,זנב,nouns,0.0
1966,kuorsata,להתעורר,verbs,0.6
1967,ilmapallo,אנשים,nouns,0.1
1968,omituinen,מוזר,adjectives,4.95
1969,valo,מקלדת,nouns,0.0
1970,koko,סנט,nouns,0.75
1971,essee,ספר,nouns,1.8
1972,jäytää,ללבוש,verbs,0.25
1973,partneri,ילד,nouns,0.95
1974,verho,מוט,nouns,0.7
1975,jalkaterä,ראש,nouns,1.15
1976,laukku,ארנק,nouns,3.35
1977,lähde,קופסה,nouns,0.0
1978,esikoulu,גן חובה,nouns,2.5
1979,ovi,מטבח,nouns,0.6
1980,käsittää,לדעת,verbs,2.75
1981,lika,בוץ,nouns,2.4
1982,piano,הרמוניה,nouns,0.85
1983,käydä sisään,לחוב,verbs,0.0
1984,peitetty,לבוש,adjectives,2.55
1985,kivi,עץ,nouns,0.75
1986,antaa,לשמור,verbs,0.5
1987,tuomioistuin,צדק,nouns,1.85
1988,vakuuttaa ,לנסות,verbs,0.75
1989,varainkeruutapahtuma,ארוע,nouns,1.9
1990,vankila,בחירה,nouns,0.35
1991,opiskelija,תלמיד,nouns,5.2
1992,ystävä,בחור,nouns,1.35
1993,lukea,לנשוך,verbs,0.0
1994,käsittää,לספק,verbs,0.2
1995,löytää,לאבד,verbs,0.65
1996,lintu,נץ,nouns,2.7
1997,maja,ביתן,nouns,3.75
1998,jännittävä,משעמם,adjectives,0.65
1999,piispa,מוסלמי,nouns,0.8
2000,enimmäkseen,בעיקר,adverbs,4.85
2001,veli,אחות,nouns,2.4
2002,teoria,היפותזה,nouns,4.65
2003,ulkomaalainen,מתרגם,nouns,0.3
2004,lukko,מפתח,nouns,1.2
2005,pirtelö,מיץ,nouns,1.7
2006,olennaisesti,אנושות,adverbs,0.65
2007,matkapuhelin,טלפון,nouns,4.45
2008,katto,תקרה,nouns,3.85
2009,vapauttaa,ללחוץ,verbs,0.45
2010,karkeasti,בקוצר רוח,adverbs,0.45
2011,täydellisesti,באמת,adverbs,1.9
2012,huonekalut,דירה,nouns,0.8
2013,sosiobiologia,מוטציה,nouns,0.4
2014,viikottainen,חודשי,adjectives,1.45
2015,usva,ענן,nouns,2.55
2016,lentokone,מסוק,nouns,2.35
2017,kalkkuna,ציפור,nouns,2.25
2018,ovela,קשוח,adjectives,0.25
2019,moottori,שסתום,nouns,1.7
2020,lujasti,ברוגע,adverbs,0.2
2021,katastrofi,תאונה,nouns,4.25
2022,lyödä,להצליף,verbs,3.75
2023,alusvaatteet,גוף,nouns,0.35
2024,talo,מפתח,nouns,0.85
2025,kerho,סימן,nouns,0.05
2026,muinainen,מודרני,adjectives,0.7
2027,purkki,כוס,nouns,2.55
2028,tärkeä,הכרחי,adjectives,4.0
2029,kiistellä,להוכיח,verbs,1.1
2030,peukalo,יד,nouns,1.85
2031,säilytysastia,עכבר,nouns,0.0
2032,papu,אורז,nouns,1.35
2033,kuningas,נסיך,nouns,2.15
2034,sattua,ליפול,verbs,1.1
2035,torjua,לסגת,verbs,0.95
2036,vanha,חדש,adjectives,0.7
2037,varastaa,לקנות,verbs,0.65
2038,pelata uhkapeliä,להתערב,verbs,2.95
2039,kulho,צלחת,nouns,2.6
2040,hermo,גוף,nouns,1.0
2041,pekoni,ארוחה,nouns,1.25
2042,ruokavalio,תפוח,nouns,0.85
2043,tie,כביש מהיר,nouns,4.2
2044,amerikkalainen jalkapallo,כיף,nouns,0.55
2045,mieli,מוח,nouns,1.65
2046,eri tavalla,סופית,adverbs,0.2
2047,sana,רמז,nouns,0.45
2048,rikos,גניבה,nouns,2.85
2049,hankkia,למצוא,verbs,1.15
2050,mies,אבא,nouns,2.8
2051,siristää silmiään,לבהות,verbs,1.3
2052,tykki,רובה,nouns,2.85
2053,paha,אשם,adjectives,0.95
2054,uhri,טלפון,nouns,0.15
2055,auto,מד,nouns,0.6
2056,suoja,באקלר,nouns,2.55
2057,viski,יין,nouns,2.6
2058,suuresti,בבהירות,adverbs,0.55
2059,älykkyys,בורות,nouns,0.65
2060,strategi,תחבולן,nouns,3.0
2061,tukki,נוסחה,nouns,0.2
2062,vuosisata,ליקר,nouns,0.0
2063,turvallisesti,בשמחה,adverbs,0.8
2064,pekoni,שעועית,nouns,0.7
2065,lapsi,בן,nouns,3.25
2066,syyllinen,מתבייש,adjectives,0.85
2067,realistisesti,לאחרונה,adverbs,0.1
2068,sekularisti,דת,nouns,0.85
2069,laaja,צר,adjectives,0.65
2070,tiivis,מטומטם,adjectives,0.1
2071,pala,שדה תעופה,nouns,0.1
2072,soturi,גבר,nouns,1.55
2073,mulkoilla,לפזול,verbs,1.3
2074,kettu,כלב,nouns,1.7
2075,valinta,פרק,nouns,0.2
2076,ruokalista,הזמנה,nouns,0.65
2077,reilusti,באופן לא הוגן,adverbs,0.7
2078,terapia,ביהביוריזם,nouns,1.0
2079,päivällinen,מרק,nouns,1.75
2080,hirveä,רע,adjectives,4.1
2081,epäreilu,אכזר,adjectives,1.35
2082,ministeriö,סולטן,nouns,0.65
2083,totella,להעניש,verbs,0.6
2084,häpeä,צער,nouns,1.25
2085,säästää,להרוס,verbs,0.5
2086,ammatti,מכללה,nouns,0.8
2087,julma,לא הוגן,adjectives,1.35
2088,nopeus,ערך,nouns,0.65
2089,temppu,משחק,nouns,1.2
2090,nauraa,לשיר,verbs,0.6
2091,siemen,חרדל,nouns,1.25
2092,sivuuttaa,לעזוב,verbs,1.65
2093,yö,שחר,nouns,1.35
2094,lakimies,בנקאי,nouns,1.15
2095,viihdyttää,להנות,verbs,1.2
2096,sitoa,לאחד,verbs,2.85
2097,ajokoira,שועל,nouns,1.7
2098,jäädä,לעזוב,verbs,1.05
2099,äänekkäästi,בעדינות,adverbs,0.25
2100,saada,לרכוש,verbs,1.85
2101,teoria,כימיה,nouns,0.25
2102,viestintä,טלויזיה,nouns,1.6
2103,etelä,צפון,nouns,1.35
2104,alkoholi,יין,nouns,2.45
2105,lammas,בקר,nouns,2.55
2106,puhdas,ללא רבב,adjectives,4.8
2107,ottaa,לעזוב,verbs,0.55
2108,helppo,פשוט,adjectives,3.95
2109,naudanliha,בשר,nouns,2.95
2110,ovi,פעמון,nouns,0.6
2111,kummallinen,משונה,adjectives,5.25
2112,presidentti,תלמיד,nouns,0.4
2113,merkki,סמל,nouns,5.05
2114,saari,חוף,nouns,1.1
2115,vuosi,מאה,nouns,2.15
2116,sana,מילון,nouns,1.6
2117,tulivuori,מגמה,nouns,1.4
2118,tippua,לשפוך,verbs,1.7
2119,kauhea,רע,adjectives,3.25
2120,ovi,שער,nouns,3.8
2121,oppimaton,רגיל,adjectives,0.05
2122,valehdella,להכחיש,verbs,1.2
2123,kuulustella,לחקור,verbs,2.75
2124,suffiksi,מוספית,nouns,3.0
2125,lenkkikengät,מדליה,nouns,0.55
2126,paperi,פוסטר,nouns,2.45
2127,ase,מחברת,nouns,0.0
2128,avoimesti,בעוצמה,adverbs,0.35
2129,nokkela,מטומטם,adjectives,0.65
2130,itkeä,לייבב,verbs,4.7
2131,tuhota,ליצור,verbs,0.7
2132,supistaa,לכווץ,verbs,3.1
2133,pohjoinen,מערב,nouns,1.5
2134,olla tunnustamatta,לתת,verbs,0.45
2135,turvallisuus,נוחות,nouns,0.9
2136,varastaa,לתת,verbs,0.55
2137,urheilija,אצן,nouns,2.6
2138,pääasiassa,סופני,adverbs,0.15
2139,kylki,פסגה,nouns,0.5
2140,käsivarsi,רגל,nouns,1.65
2141,jättää,ללכת,verbs,2.1
2142,puumateriaali,אבן,nouns,0.75
2143,ilmailuelektroniikka,אווירונאוטיקה,nouns,1.8
2144,fantastisesti,באופן מדהים,adverbs,5.5
2145,kirjallinen muotokuva,הופעה,nouns,0.55
2146,likainen,צר,adjectives,0.0
2147,kovakouraisesti,בוודאי,adverbs,0.4
2148,saavuttaa,לנסות,verbs,1.0
2149,kypsentää,לאבד,verbs,0.0
2150,myydä,לסחור,verbs,3.65
2151,herkkäuskoinen,טיפשי,adjectives,1.9
2152,yrtti,מריחואנה,nouns,2.7
2153,etsiä,לשוטט,verbs,0.95
2154,alue,אזור,nouns,4.68
2155,suurenmoinen,רע,adjectives,0.35
2156,koira,סוס,nouns,1.45
2157,aivot,עצם,nouns,1.3
2158,raamattu,ספר,nouns,2.05
2159,muistuttaa,להגיד,verbs,1.6
2160,hyvin,מוכר,adjectives,0.4
2161,moottori ,סירה,nouns,1.0
2162,kuutio,קוביית משחק,nouns,3.85
2163,henkilö,חיה,nouns,0.9
2164,pilvi,אובך,nouns,2.6
2165,tapaus,חשמל,nouns,0.2
2166,kappale,בחירה,nouns,0.2
2167,illuusio,מציאות,nouns,0.7
2168,mies,אישה,nouns,1.25
2169,vitamiini,ברזל,nouns,1.3
2170,kansallinen,מוכר,adjectives,0.85
2171,joustava,רפוי,adjectives,1.25
2172,aamiainen,ארוחת ערב,nouns,2.0
2173,olla tunnustamatta,להזניח,verbs,0.8
2174,tervehtiä,להיפגש,verbs,1.3
2175,hakija,מועמדות,nouns,1.7
2176,salata,לכסות,verbs,3.15
2177,rouskua,לפצח,verbs,0.7
2178,viski,שמפניה,nouns,1.95
2179,polvi,זרוע,nouns,1.4
2180,synnintekijä,קדוש,nouns,0.65
2181,opiskelija,מורה,nouns,1.3
2182,vaikea,קל,adjectives,0.65
2183,ikävä,מוגן,adjectives,0.15
2184,vaimo,אמא,nouns,2.1
2185,täsmällinen,שגוי,adjectives,0.55
2186,laatikko,סיגר,nouns,0.5
2187,kohdella,לשלם,verbs,0.2
2188,ilmoittaa,לתאר,verbs,0.6
2189,päiväkoti,גן טרום חובה,nouns,2.5
2190,viehättää,להכות,verbs,0.45
2191,keramiikka,קרמיקה,nouns,3.85
2192,kappeli,צריח,nouns,1.9
2193,intohimo,רגש,nouns,3.0
2194,kunnossa oleva,בינוני,adjectives,0.9
2195,kohde,חץ,nouns,0.8
2196,tekijä,קורא,nouns,1.15
2197,elokuva,תיאטרון,nouns,1.3
2198,orivarsa,סוס,nouns,2.75
2199,luu,שריר,nouns,0.95
2200,papu,בייקון,nouns,0.7
2201,lykätä,לסיים,verbs,0.55
2202,linja-auto,מונית,nouns,2.0
2203,seimi,מיטה,nouns,3.0
2204,merkittävä,זעיר,adjectives,0.65
2205,unelma,שמיים,nouns,0.45
2206,torjua,לבחור,verbs,0.1
2207,edellyttää,לסדר,verbs,0.15
2208,outo,מוזר,adjectives,5.25
2209,löytää,לאתר,verbs,4.55
2210,luu,שיניים,nouns,1.8
2211,tuhota,להרוג,verbs,2.5
2212,väkivaltainen,כועס,adjectives,1.7
2213,punainen,כחול,adjectives,1.35
2214,ilta,שקיעה,nouns,1.6
2215,kappeli,כבל,nouns,0.0
2216,tyhmä,טיפש,adjectives,5.0
2217,mukava,נדיב,adjectives,1.0
2218,rankka,קשה,adjectives,3.35
2219,epärehellinen,ישר,adjectives,0.7
2220,murehtia,לבזבז,verbs,0.15
2221,uskomus,רושם,nouns,1.3
2222,populaatio,אנשים,nouns,3.4
2223,tiede,פסיכולוגיה,nouns,1.95
2224,välttää,לדחות,verbs,1.5
2225,liha,בייקון,nouns,2.75
2226,luonto,צמחייה,nouns,2.35
2227,ortodontti,רופא,nouns,2.3
2228,sisäistää,להבין,verbs,4.4
2229,vapaa,תמים,adjectives,0.4
2230,kello,מגדל,nouns,0.75
2231,epäonnistua,לדכא,verbs,0.75
2232,linssi,מצלמה,nouns,1.7
2233,hirveä,מעולה,adjectives,0.6
2234,laiton,מושחת,adjectives,1.9
2235,muodostaa,לעשות,verbs,2.6
2236,ovela,מוזר,adjectives,0.55
2237,aikuinen,תינוק,nouns,1.1
2238,paha,שקרן,adjectives,1.3
2239,liina,בגדים,nouns,1.65
2240,mäntä,מנוע,nouns,1.7
2241,meteori,כבידה,nouns,0.6
2242,elää,לשרוד,verbs,2.55
2243,torjua,לגנות,verbs,1.7
2244,karja,כבש,nouns,2.55
2245,syyllinen,כן,adjectives,0.35
2246,viskositeetti,התזה,nouns,0.55
2247,muffini,פטרוזיליה,nouns,0.6
2248,uskomaton,רגיל,adjectives,0.6
2249,kilpailla,לסיים,verbs,0.3
2250,puumateriaali,נייר,nouns,1.45
2251,negatiivinen,לעולם לא,adjectives,1.35
2252,pitää,להשאיל,verbs,0.75
2253,katastrofi,מוות,nouns,1.6
2254,tauti,סכנה,nouns,0.75
2255,kiistellä,לשכנע,verbs,1.25
2256,jakaa,לכפול,verbs,1.4
2257,ovi,אחווה,nouns,0.0
2258,ylpeä,חזק,adjectives,0.45
2259,päivämäärä,יום הולדת,nouns,1.85
2260,älykkyys,היגיון,nouns,2.7
2261,loistaa,לזהור,verbs,4.6
2262,apokalypsi,שריפה,nouns,0.6
2263,karja,יוגורט,nouns,0.65
2264,nieleksiä,לגמוע,verbs,2.55
2265,sankari,גיבורה,nouns,3.7
2266,kaupunki,עיר,nouns,3.55
2267,selviytyä,לחיות,verbs,2.55
2268,auttaa,לבקש,verbs,1.1
2269,janoinen,רעב,adjectives,1.3
2270,typerä,מטומטם,adjectives,5.0
2271,tarina,עפרון,nouns,0.5
2272,analysoida,להשוות,verbs,2.05
2273,juhla,מסיכה,nouns,0.6
2274,valittaa,להביא,verbs,0.0
2275,heppu,חתיך,nouns,1.35
2276,heliumi,אוויר,nouns,1.4
2277,helposti,בנוחיות,adverbs,1.55
2278,sanakirja,מילה,nouns,1.6
2279,ajatella,לנסות,verbs,0.4
2280,pallo,כפפה,nouns,0.6
2281,aktiivisesti,במדוייק,adverbs,0.9
2282,johdin,תיל,nouns,3.55
2283,piirtää,ליצור,verbs,1.95
2284,kone,מנוע,nouns,2.6
2285,painava,עמוס,adjectives,1.45
2286,onnistua,להשיג,verbs,2.85
2287,hissi,מכונית,nouns,0.45
2288,tragedia,מוות,nouns,1.8
2289,niellä,לשתות,verbs,2.0
2290,majatalo,מוטל,nouns,4.3
2291,mahtava,רע,adjectives,0.5
2292,teeskennellä,לשקר,verbs,3.1
2293,vanhempi,אבא,nouns,3.45
2294,raamattu,המנון,nouns,0.65
2295,vaatimaton,גמיש,adjectives,0.35
2296,keskinkertainen,טוב,adjectives,0.9
2297,vastaanottaa,לתפוס,verbs,1.0
2298,heikentyä,לנגב,verbs,0.05
2299,ehdokas,מנצח,nouns,1.15
2300,auringonlasku,שולחן,nouns,0.0
2301,tohtori,אורתודונט,nouns,2.3
2302,antaa,להרשות,verbs,3.45
2303,lemmikkieläin,חתול,nouns,2.85
2304,märkä,דביק,adjectives,1.05
2305,asetyylikoliini,איריס,nouns,0.45
2306,väkijoukko,מצעד,nouns,1.65
2307,liitto,קומבינציה,nouns,3.3
2308,pankkiiri,פרקליט,nouns,1.15
2309,keilaaminen,שחקן כדורת,nouns,2.4
2310,tauota,להמתין,verbs,1.35
2311,tuoli,שרפרף,nouns,3.8
2312,televisio,תקשורת,nouns,1.6
2313,välttää,להכחיש,verbs,1.05
2314,epämääräinen,לא ברור,adjectives,4.15
2315,puoli,תחתית,nouns,1.1
2316,ennen,אחרי,adverbs,0.7
2317,patikoida,לטפס,verbs,1.7
2318,suu,שפה,nouns,1.7
2319,tarpeeton,הכרחי,adjectives,0.75
2320,rytmi,שיר,nouns,1.35
2321,homofoni,פוטופון,nouns,0.5
2322,kovakouraisesti,בקלות,adverbs,0.3
2323,kynsi,אגודל,nouns,1.65
2324,vaimo,סנט,nouns,0.0
2325,heikko,חריף,adjectives,0.1
2326,mitali,מאמנים,nouns,0.55
2327,säikähtänyt,נרגש,adjectives,0.75
2328,aikuinen,הורה,nouns,2.55
2329,valtameri,ים,nouns,4.0
2330,yleensä,באופן לא סדיר,adverbs,0.7
2331,kirja,כתב יד,nouns,1.7
2332,vetolaatikko,בגדים,nouns,0.65
2333,onnellisesti,נורא,adverbs,0.15
2334,ruoka,תוכנית,nouns,0.25
2335,juoda,לגדל,verbs,0.0
2336,kissa,כלב,nouns,1.45
2337,kirkko,קתדרלה,nouns,4.15
2338,naida,להצטרף,verbs,0.8
2339,shamppanja,וויסקי,nouns,1.95
2340,tietää,לשכוח,verbs,0.65
2341,paha,מעולה,adjectives,0.5
2342,käsikirjoittaja,טלויזיה,nouns,0.9
2343,todella,לחלוטין,adverbs,1.9
2344,jalkaterä,יד,nouns,1.35
2345,mekaaninen,חשמלי,adjectives,1.2
2346,vene,סיפון,nouns,1.1
2347,sana,ביטוי,nouns,2.1
2348,normaalisti,באופן חריג,adverbs,0.65
2349,puolustaa,להרוג,verbs,0.6
2350,tärkeä,מכריע,adjectives,3.75
2351,epäreilusti,ללא הגיון,adverbs,2.05
2352,diodi,קבל,nouns,1.6
2353,luu,מרפק,nouns,1.45
2354,ladata,לתעב,verbs,0.4
2355,raha,משכורת,nouns,2.85
2356,ottaa osaa,להגיד,verbs,0.55
2357,valmiudet,כוח,nouns,2.4
2358,imeä itseensä,לסגת,verbs,0.55
2359,kamera,עובד,nouns,0.15
2360,fakta,תובנה,nouns,1.5
2361,tiedustella,לחשוב,verbs,0.9
2362,pienentää,לרדת,verbs,0.85
2363,järvi,ביצה,nouns,1.45
2364,kaareva,ישר,adjectives,0.75
2365,täysin,באופן שולי,adverbs,0.5
2366,haavoittuvainen,נוח,adjectives,0.15
2367,lopettaa,להתחיל,verbs,0.7
2368,ruoho,שורש,nouns,1.15
2369,ilma,מולקולה,nouns,1.1
2370,rakentaa,ליצור,verbs,3.8
2371,atomi,מולקולה,nouns,2.5
2372,rumpu,קרן,nouns,0.45
2373,suojella,להציל,verbs,2.05
2374,tunnustaa,להודיע,verbs,1.5
2375,virsi,תורה,nouns,0.65
2376,nappi,בגדים,nouns,1.35
2377,täysin,אך ורק,adverbs,2.4
2378,avioliiton ulkopuolinen,בלתי נסלח,adjectives,0.1
2379,mato,נוזקה,nouns,1.8
2380,tänä iltana,מחר,adverbs,0.9
2381,valuutta,חליפין,nouns,0.8
2382,terävä,מתון,adjectives,0.45
2383,säilyttää,לשכוח,verbs,0.5
2384,levy,מטען,nouns,0.2
2385,nopea,מהיר,adjectives,5.15
2386,rakko,הדגמה,nouns,0.0
2387,artikkeli,ספר,nouns,1.8
2388,ovela,פיקח,adjectives,3.55
2389,asenne,אמון,nouns,1.3
2390,pari,זוג,nouns,5.25
2391,uudelleenhautaaminen,קבר,nouns,1.35
2392,tuoli,ספה,nouns,2.3
2393,tuhota,ליצור,verbs,0.7
2394,omistaa,לספוג,verbs,0.2
2395,olla velkaa,להלוות,verbs,1.95
2396,vartalo,לבנים,nouns,0.35
2397,kohtuuttomasti,באופן לא הוגן,adverbs,2.05
2398,keskustelu,תקשורת,nouns,2.6
2399,kirjailija,מלחין,nouns,1.7
2400,toimisto,עובד,nouns,0.95
2401,näyttelijä,זמר,nouns,1.55
2402,vilpittömästi,לרוב,adverbs,0.05
2403,vastaanottaa,לתת,verbs,1.15
2404,arvomerkki,כבוד,nouns,0.8
2405,järkyttää,לדכא,verbs,0.75
2406,hyökkäys,בליץ,nouns,3.65
2407,moottoritie,כביש,nouns,4.2
2408,epäilty,איש,nouns,0.55
2409,valittaa,לטעון,verbs,1.6
2410,luostari,מקלחת,nouns,0.0
2411,huippu,חמישי,adjectives,0.3
2412,vanha,טרי,adjectives,0.7
2413,luokka,כאוס,nouns,0.1
2414,hyväksyä,לאשר,verbs,3.6
2415,oikeudenkäynti,פסיקה,nouns,1.8
2416,edellyttää,לברר,verbs,0.85
2417,painava,גדול,adjectives,1.35
2418,hiiri,חולדה,nouns,2.8
2419,ostaa,לגנוב,verbs,0.65
2420,tavata,לעזוב,verbs,0.35
2421,maali,מנצח,nouns,0.95
2422,lanka,פתיל,nouns,4.4
2423,poika,אורז,nouns,0.2
2424,mehu,תפוח,nouns,1.0
2425,kikattaa,לצחוק,verbs,4.7
2426,krokotiili,לטאה,nouns,2.95
2427,lattia,גג,nouns,1.15
2428,työläinen,משרד,nouns,0.95
2429,naudanliha,בקר,nouns,3.3
2430,laiska,יקר ערך,adjectives,0.0
2431,vaahtera,אלון,nouns,1.95
2432,häntä,עורף,nouns,1.3
2433,töykeä,רועש,adjectives,0.55
2434,pallo,תחפושת,nouns,0.2
2435,äänekkäästi,נורא,adverbs,0.45
2436,eteishalli,כיתה,nouns,0.95
2437,fonologia,מסך,nouns,0.25
2438,mies,חשוד,nouns,0.55
2439,kokous,אסיפה,nouns,4.75
2440,suola,מים,nouns,0.65
2441,ystävä,מורה,nouns,0.75
2442,sekoitettu,ישן,adjectives,0.0
2443,kiistellä,להתלונן,verbs,1.6
2444,pitää päällä,לשחוק,verbs,0.25
2445,magistraatti,דין,nouns,1.8
2446,avain,מנעול,nouns,1.2
2447,käyttökelpoinen,בלתי אפשרי,adjectives,0.7
2448,sopivuussäännöt,חוק,nouns,2.55
2449,luovasti,במקור,adverbs,0.8
2450,tappaa,להגן,verbs,0.6
2451,kärsimätön,חרד,adjectives,1.35
2452,hallinto,הנהלה,nouns,2.75
2453,kokoontua,להיפגש,verbs,4.15
2454,sivilisaatio,אורח חיים,nouns,0.85
2455,kulmakarva,עין,nouns,1.05
2456,onnellinen,כועס,adjectives,0.7
2457,sali,מעבר,nouns,1.25
2458,ajatella,להחליט,verbs,1.4
2459,kirja,נושא,nouns,0.72
2460,parapsykologia,נוירופסיכולוגיה,nouns,1.55
2461,moottoritie,משימה,nouns,0.0
2462,rikkoa,לסדוק,verbs,3.95
2463,lukija,סופר,nouns,1.15
2464,oikeudenmukaisuus,בית דין,nouns,1.85
2465,huilu,מוזיקה,nouns,1.2
2466,talous,מערכת אקולוגית,nouns,0.9
2467,salaatti,חומץ,nouns,0.75
2468,murhe,בושה,nouns,1.25
2469,sivuuttaa,להדפיס,verbs,0.1
2470,fiksu,אינטליגנטי,adjectives,5.45
2471,käsi,מפרק,nouns,2.0
2472,kirsikka,תות,nouns,1.7
2473,suklaa,פאי,nouns,0.8
2474,rabbi,מורה,nouns,2.2
2475,auto,מעלית,nouns,0.45
2476,monitahokas,שחקן,nouns,0.65
2477,veljenpoika,דודה,nouns,1.05
2478,strutsi,פרדס,nouns,0.1
2479,kaatua,למעוד,verbs,3.85
2480,infektio,נטייה,nouns,0.05
2481,lannistaa,להיכשל,verbs,0.75
2482,kirjekuori,קישוט,nouns,0.25
2483,epäluonnollisesti,באופן שלילי,adverbs,0.65
2484,korvaaminen,החלפה,nouns,3.95
2485,kamera,נשיא,nouns,0.05
2486,tavallinen,מדהים,adjectives,0.6
2487,syyttää,לדחוף,verbs,0.2
2488,perustuslaki,סנט,nouns,0.8
2489,lääkäri,דוקטור,nouns,5.15
2490,pää,אף,nouns,1.35
2491,kummitella,להבהיל,verbs,1.15
2492,oppilas,נשיא,nouns,0.4
2493,mieli,נוירוזה,nouns,0.95
2494,sitoumus,פגישה,nouns,0.6
2495,pitkä,קצר,adjectives,0.7
2496,vektori,מטריצה,nouns,1.95
2497,tutka,ג'ויסטיק,nouns,0.3
2498,häpeissään oleva,צנוע,adjectives,1.15
2499,kapea,רחב,adjectives,0.65
2500,nurkka,אזור,nouns,1.15
2501,komero,בגדים,nouns,0.75
2502,paha,מושחת,adjectives,2.75
2503,purkki,בקבוק,nouns,2.55
2504,puhua,להקשיב,verbs,0.8
2505,miehet,אחוה,nouns,1.25
2506,utu,ענן,nouns,2.6
2507,käsivarsi,וריד,nouns,0.8
2508,metalli,פח,nouns,1.25
2509,poika,אבא,nouns,1.7
2510,kävellä,לצלוע,verbs,1.85
2511,kirja,תורה,nouns,2.05
2512,tanssi,שמלה,nouns,0.45
2513,vaalit,בחירה,nouns,2.55
2514,hullu,חולה,adjectives,1.4
2515,tarpeellinen,מיותר,adjectives,0.75
2516,koulu,ציון,nouns,1.2
2517,korkeakoulu,מקצוע,nouns,0.8
2518,käyttämätön,חדש,adjectives,4.4
2519,hevonen,סוסון,nouns,2.75
2520,letku,גינה,nouns,0.85
2521,varovasti,בקפידה,adverbs,3.65
2522,ihanteellisesti,מכנית,adverbs,0.15
2523,samankaltainen,זהה,adjectives,3.85
2524,merenranta,גדה,nouns,3.1
2525,ilmailu,טיסה,nouns,2.75
2526,liittyä,להשתתף,verbs,2.55
2527,kiistää,לקבל,verbs,0.4
2528,lato,בית,nouns,1.85
2529,heikko,חזק,adjectives,0.7
2530,retki,מסע,nouns,4.35
2531,sisko,אח,nouns,2.4
2532,hevonen,כלב,nouns,1.45
2533,veli,ילד,nouns,2.5
2534,todistaa,להתווכח,verbs,1.1
2535,ajatella,לזכור,verbs,1.35
2536,päivällinen,תרנגולת,nouns,1.05
2537,kummallinen,תמוה,adjectives,4.95
2538,yrittää,להצליח,verbs,1.3
2539,riisi,עוף,nouns,0.85
2540,kirja,תאונה,nouns,0.0
2541,äiti,חבר,nouns,1.15
2542,vaatetettu,מכוסה,adjectives,2.55
2543,karata,למצוא,verbs,0.6
2544,syntymäpäivä,תאריך,nouns,1.85
2545,logiikka,אינטליגנציה,nouns,2.7
2546,pitää,להחזיק,verbs,3.45
2547,yhdistelmä,איחוד,nouns,3.3
2548,biologi,מיקרוסקופ,nouns,0.75
2549,ottaa osaa,לשתף,verbs,2.05
2550,kirkontorni,קפלה,nouns,1.9
2551,kaura,שדה,nouns,1.25
2552,yksityinen,ציבורי,adjectives,0.7
2553,taistella,לחלוק,verbs,1.3
2554,varastaa,לרכוש,verbs,1.4
2555,kämppä,צריף,nouns,3.75
2556,munuainen,איבר,nouns,2.3
2557,profeetta,כומר,nouns,1.55
2558,peitto,מיטה,nouns,1.0
2559,ahdistunut,עצבני,adjectives,1.35
2560,niemimaa,אי,nouns,1.8
2561,sänky,מרפאה,nouns,0.6
2562,hyväksyä,להכחיש,verbs,0.4
2563,kampanja,קוף,nouns,0.0
2564,auringonnousu,שקיעה,nouns,1.6
2565,laulaja,שחקן,nouns,1.55
2566,metri,יארד,nouns,3.0
2567,kutistua,להקטין,verbs,3.1
2568,mies,בעל,nouns,3.25
2569,jättää,להיכנס,verbs,0.45
2570,lukea,להבין,verbs,1.05
2571,kuljettaa,לעצור,verbs,0.55
2572,epätäsmällisesti,בדיוק,adverbs,0.7
2573,suositella,לייעץ,verbs,2.95
2574,mennä,לשלוח,verbs,0.45
2575,ymmärtää,לקלוט,verbs,4.4
2576,lattia,דלת,nouns,0.95
2577,kylpy,רעיה,nouns,0.05
2578,puhua,ללחוש,verbs,2.5
2579,rohkaista,לדכא,verbs,0.7
2580,viha,זעם,nouns,4.75
2581,anatomia,ביולוגיה,nouns,2.65
2582,onnettomuus,אסון,nouns,4.25
2583,imeä itseensä,להחזיק,verbs,0.2
2584,hallitus,לטאה,nouns,0.05
2585,helmi,כסף,nouns,0.65
2586,taksi,מכונית,nouns,2.95
2587,kahdesti,תמיד,adverbs,0.85
2588,kaava,משוואה,nouns,4.1
2589,lainata,לרצות,verbs,0.5
2590,erilainen,נורמלי,adjectives,0.65
2591,sakkaroosi,פחמימה,nouns,2.5
2592,äänekäs,חצוף,adjectives,0.55
2593,poika,שותף,nouns,0.95
2594,lapsellinen,טיפשי,adjectives,1.35
2595,jumaloida,להתפעל,verbs,4.1
2596,kallisarvoinen,עצלן,adjectives,0.0
2597,iloinen,כועס,adjectives,0.55
2598,tähdätä,להכות,verbs,1.0
2599,sänky,חדר שינה,nouns,1.15
2600,leikkiä,לריב,verbs,1.15
2601,halailla,להתחבק,verbs,4.15
2602,paketti,משאית,nouns,0.4
2603,kanjoni,עמק,nouns,4.1
2604,opettaa,להעניש,verbs,0.85
2605,tunnettu,טוב,adjectives,0.4
2606,päättää,לבחור,verbs,3.05
2607,kasvisto,טבע,nouns,2.35
2608,käsivarsi,שריר,nouns,1.3
2609,pahentaa,להטריח,verbs,0.3
2610,yhtenäisesti,לפעמים,adverbs,0.3
2611,perhonen,ורד,nouns,0.4
2612,keittiö,אמבטיה,nouns,1.4
2613,olettaa,לחזות,verbs,3.0
2614,taistelu,לוחמנות,nouns,2.45
2615,tunneli,שביל,nouns,1.0
2616,vetäytyä,לפרוש,verbs,2.65
2617,jogurtti,בקר,nouns,0.65
2618,globalismi,ויזה,nouns,0.6
2619,epätoivo,אומללות,nouns,2.95
2620,kylpy,עץ,nouns,0.1
2621,juuri,דשא,nouns,1.15
2622,kouluttaa,ללמד,verbs,4.15
2623,mekaanisesti,באופן אידיאלי,adverbs,0.15
2624,pariskunta,צמד,nouns,5.25
2625,ennuste,מעונן,nouns,1.0
2626,koditon,מיליונר,nouns,0.6
2627,todistaa,להסביר,verbs,2.0
2628,varmasti,בברור,adverbs,3.35
2629,varmistaa,להגיד,verbs,0.9
2630,itsenäisesti,באופן אחראי,adverbs,1.5
2631,vaunut,מכונית,nouns,1.7
2632,luokkahuone,פרוזדור,nouns,0.95
2633,kuutio,צעצוע,nouns,0.9
2634,keraaminen esine,קדרות,nouns,3.85
2635,pikkuruinen,עצום,adjectives,0.7
2636,cocktail,אלכוהול,nouns,2.4
2637,ennustaa,להניח,verbs,0.3
2638,manageri,מנהיג,nouns,3.3
2639,ilmiselvästi,בוודאי,adverbs,3.6
2640,vapaus,נווה מדבר,nouns,0.25
2641,kova,קשיח,adjectives,3.35
2642,dinosaurus,פיל,nouns,1.3
2643,mansikka,דובדבן,nouns,1.7
2644,jänis,חתול,nouns,1.3
2645,pikainen,מהיר,adjectives,4.65
2646,salaatti,דיאטה,nouns,1.25
2647,kuuluisuus,עושר,nouns,1.15
2648,tila,אופנה,nouns,0.35
2649,viestintä,שיחה,nouns,2.6
2650,luoda,להרוס,verbs,0.7
2651,kapea,לבן,adjectives,0.0
2652,julma,קשוח,adjectives,1.95
2653,hunaja,מחלבה,nouns,0.25
2654,länsi,צפון,nouns,1.5
2655,omistaa,לשמור,verbs,2.15
2656,farkut,אישה,nouns,0.3
2657,petos,פשע,nouns,2.95
2658,huolellisesti,בזהירות,adverbs,3.65
2659,ääni,אקוסטיקה,nouns,2.4
2660,mehiläinen,מלכה,nouns,1.0
2661,työkalu,עבודה,nouns,0.7
2662,takavarikoida,לקחת,verbs,1.4
2663,kämppä,בקתה,nouns,3.65
2664,esitys,קמע,nouns,0.55
2665,kutistua,לצמוח,verbs,0.85
2666,aavikko,דיונה,nouns,1.8
2667,kirjoittaa,לשרבט,verbs,3.1
2668,ranne,יד,nouns,2.0
2669,sileä,חד,adjectives,0.6
2670,filosofi,מרוץ,nouns,0.0
2671,kuva,רעיון,nouns,0.95
2672,matkatavarat,הקפת כדור הארץ,nouns,0.25
2673,huomauttaa,לבקר,verbs,2.7
2674,talvi,קיץ,nouns,1.25
2675,muistutus,הבדל,nouns,1.0
2676,henkilökunta,זמר,nouns,0.05
2677,tehtävä,מטלה,nouns,5.3
2678,vatsa,בטן,nouns,4.9
2679,levy,מחשב,nouns,0.7
2680,ilmiselvästi,בערך,adverbs,0.4
2681,senaatti,חוקה,nouns,0.8
2682,auttaa,להגן,verbs,1.75
2683,hauskuus,משחק,nouns,1.05
2684,sairaus,זיהום,nouns,2.6
2685,huuli,ירך,nouns,1.35
2686,reikä,רעיה,nouns,0.0
2687,käsi ,רגל,nouns,1.35
2688,kaikkivaltius,עליונות,nouns,2.8
2689,kuolla,לקבור,verbs,1.15
2690,miellyttää,להפציר,verbs,0.55
2691,ranta,שונית,nouns,1.5
2692,epävarma,מפוחד,adjectives,1.15
2693,takki,בגדים,nouns,2.15
2694,pujotella,לנוע,verbs,1.4
2695,keuhko,כבד,nouns,1.5
2696,sivuuttaa,לבקש,verbs,0.35
2697,joustava,קל,adjectives,1.15
2698,palaa,לחנוק,verbs,0.6
2699,purukumi,מנטה,nouns,1.05
2700,myöntää,להכחיש,verbs,0.7
2701,potkaista,לפגוע,verbs,1.1
2702,korottaa,לצמוח,verbs,1.35
2703,kappale,פרק,nouns,3.5
2704,tehtävä,עבודה,nouns,3.85
2705,neuvottelu,דיפלומטיה,nouns,2.05
2706,teeskennellä,לדמיין,verbs,1.1
2707,koulu,חוק,nouns,0.6
2708,vaatteet,אריג,nouns,2.3
2709,korruptio,הונאה,nouns,2.95
2710,matkustaa,ללכת,verbs,2.8
2711,mausteinen,חלש,adjectives,0.1
2712,peittelemätön,חבוי,adjectives,0.6
2713,tulla,לארגן,verbs,0.55
2714,anteliaasti,באדיבות,adverbs,1.9
2715,puuvilla,פוליאסטר,nouns,1.4
2716,unohtaa,לסלוח,verbs,1.3
2717,biologia,אנטומיה,nouns,2.65
2718,lainaaja,אשראי,nouns,1.1
2719,naamio,מסיבה,nouns,0.6
2720,täysikasvuinen,ילדותי,adjectives,0.7
2721,robotiikka,סימולציה,nouns,0.95
2722,hämmästyttävä,מלוכלך,adjectives,0.15
2723,järkyttää,לפגוע,verbs,1.0
2724,poissaolo,נוכחות,nouns,0.7
2725,lamppu,שד,nouns,0.55
2726,humalainen,פיכח,adjectives,0.7
2727,auto,מפעל,nouns,0.55
2728,huippu,תחתית,nouns,0.7
2729,vero,הכנסה,nouns,0.95
2730,maila,כדור,nouns,0.95
2731,laajentaa,לגדול,verbs,3.95
2732,taksiauto,טקסי,nouns,5.25
2733,ihailla,להעריץ,verbs,4.1
2734,käsikirjoitus,ספר,nouns,1.7
2735,suisto,ים,nouns,1.4
2736,tehtävä,אי,nouns,0.0
2737,turhautuminen,כעס,nouns,2.7
2738,pihvi,עוף,nouns,1.4
2739,biologia,ביוטופ,nouns,1.45
2740,normaali,שונה,adjectives,0.65
2741,etsiä,להסתכל,verbs,1.7
2742,lento,תעופה,nouns,2.75
2743,leuka,עצם,nouns,1.5
2744,tulla,לעשות,verbs,0.35
2745,kummallinen,ערמומי,adjectives,0.55
2746,varovaisuus,דאגה,nouns,2.05
2747,turvattu,מעיק,adjectives,0.15
2748,himoita,לרצות,verbs,4.45
2749,käytävä,דלת,nouns,1.0
2750,valkoinen,צר,adjectives,0.0
2751,tyhmä,צפוף,adjectives,0.1
2752,säilyttää,לשמור,verbs,3.45
2753,lusikka,כוס,nouns,1.35
2754,yleensä,לעיתים נדירות,adverbs,1.05
2755,meri,נהר,nouns,1.8
2756,tulostaa,להתעלם,verbs,0.1
2757,vaara,מחלה,nouns,0.75
2758,selkäranka,צוואר,nouns,1.35
2759,molekyyli,אוויר,nouns,1.1
2760,mennä,להיכנס,verbs,0.75
2761,kuulla,לדבר,verbs,0.8
2762,sikari,קופסה,nouns,0.5
2763,valtava,מטומטם,adjectives,0.1
2764,kukka,אמונה,nouns,0.0
2765,ylivalta,אומניפוטנטיות,nouns,2.8
2766,lehti,נבט,nouns,1.5
2767,päättää,לתאר,verbs,0.4
2768,ennustaa,לשער,verbs,3.0
2769,nihilismi,סרט,nouns,0.15
2770,vatsa,גוף,nouns,1.95
2771,kevyesti,בבהירות,adverbs,1.0
2772,ottaa,לשאת,verbs,1.2
2773,rauhanomaisesti,ברוגע,adverbs,4.6
2774,tohtori,פרופסור,nouns,2.7
2775,kiistää,לתת,verbs,0.05
2776,ratkaisematon,ניטרלי,adjectives,0.85
2777,torjunta-aine,מזיק,nouns,0.9
2778,kärsimättömästi,בערך,adverbs,0.45
2779,appelsiini,פרי הדר,nouns,3.6
2780,siemailla,לשתות,verbs,4.4
2781,rentoutunut,רגוע,adjectives,4.0
2782,ostaa,לקבל,verbs,1.15
2783,suojella,לכסות,verbs,2.1
2784,rajaviiva,גבול,nouns,3.65
2785,tiheä,קשה,adjectives,0.65
2786,kunto,חוזה,nouns,0.7
2787,miekkailu,התעמלות,nouns,1.5
2788,keinotekoinen,מזוייף,adjectives,4.15
2789,nilkka,חלון,nouns,0.0
2790,sitruuna,תה,nouns,0.7
2791,ananas,טלפון סללורי,nouns,0.0
2792,viikko,סוף שבוע,nouns,1.65
2793,liha,בקר,nouns,2.95
2794,löytää,לברוח,verbs,0.6
2795,kissa,ארנב,nouns,1.3
2796,idea,תמונה,nouns,0.95
2797,siepata,לגנוב,verbs,2.45
2798,pitää,לתת,verbs,0.5
2799,menestyjä,גבר,nouns,0.55
2800,suuri,גמיש,adjectives,0.3
2801,auto,טנק,nouns,1.2
2802,tulla,להראות,verbs,0.25
2803,lumivyöry,שלג,nouns,1.8
2804,käsi,אגודל,nouns,1.85
2805,tehtävä,כביש,nouns,0.0
2806,nenä,פה,nouns,1.4
2807,vastaanottaa,להשיג,verbs,1.3
2808,sana,ספרות,nouns,1.15
2809,tiedustella,לדרוש,verbs,0.85
2810,kirja,מאמר,nouns,1.8
2811,typerä,פתי,adjectives,1.9
2812,aggressiivinen,מעוקל,adjectives,0.05
2813,tuhota,לבנות,verbs,0.7
2814,onnistua,לנצח,verbs,2.75
2815,määrittää,לפנות,verbs,0.15
2816,päivä ,בוקר,nouns,2.0
2817,valmistaa,להרוס,verbs,0.7
2818,rakentaa,לחבר,verbs,1.6
2819,tuoli,טלסקופ,nouns,0.15
2820,peittää,להסוות,verbs,3.15
2821,talvi,עונה,nouns,1.6
2822,ovi,חלון,nouns,1.4
2823,valmentaja,בייסבול,nouns,0.35
2824,evakuoida,לקבוע,verbs,0.15
2825,sekunti,דקה,nouns,2.25
2826,köyhyys,עושר,nouns,0.8
2827,yhdistää,לקשור,verbs,2.85
2828,lainata,להתחנן,verbs,0.5
2829,ajatella,להרהר,verbs,5.25
2830,sotkuinen,מסודר,adjectives,0.65
2831,presidentti,פוליטיקאי,nouns,2.55
2832,kaapeli, קפלה,nouns,0.0
2833,antaa anteeksi,לקבל,verbs,1.5
2834,laulu,בלדה,nouns,4.2
2835,rauhallinen,ניטרלי,adjectives,1.25
2836,talo,אסם,nouns,1.85
2837,passiivisesti,במרץ,adverbs,0.45
2838,hame,שעון,nouns,0.25
2839,täysin,בעיקרון,adverbs,1.25
2840,jumala,כומר,nouns,1.1
2841,pää,כתף,nouns,1.15
2842,muu,הפוך,adjectives,0.45
2843,jalkaterä,חול,nouns,0.25
2844,pelästynyt,עצבני,adjectives,1.5
2845,armeija,לגיון,nouns,2.8
2846,brandy,יין,nouns,1.95
2847,luoda,לדמיין,verbs,1.3
2848,sohva,כיסא,nouns,2.3
2849,ilmiselvästi,באופן מקומי,adverbs,0.1
2850,avuton,פגיע,adjectives,3.5
2851,aihe,ספר,nouns,0.65
2852,kouluttaa,ללמוד,verbs,1.55
2853,järjestys,תפריט,nouns,0.65
2854,auto,צופר,nouns,0.65
2855,syyllinen,רע,adjectives,0.95
2856,mies,מנצח,nouns,0.55
2857,hoikka,צנום,adjectives,5.1
2858,laturi,דיסק,nouns,0.2
2859,samanaikaisuus,מטבע,nouns,0.6
2860,sulautua,להכות,verbs,0.05
2861,saari,נסיכה,nouns,0.3
2862,matkia,ללכוד,verbs,0.25
2863,tilastotiede,טניס,nouns,0.1
2864,varallisuus,תהילה,nouns,1.15
2865,jättää,להתעלם,verbs,1.65
2866,mutantti,סוציוביולוגיה,nouns,0.4
2867,maksa,ריאה,nouns,1.5
2868,pilli,משימה,nouns,0.0
2869,hurrikaani,סערה,nouns,3.55
2870,setä,דודן,nouns,2.35
2871,sääntö,מוסכמה,nouns,2.55
2872,uskomus,ערך,nouns,1.75
2873,ase,סכין,nouns,2.35
2874,antaa,להשאיל,verbs,2.23
2875,vastapäinen,אחר,adjectives,0.45
2876,kuoro,כנסייה,nouns,1.05
2877,lumi,סערה,nouns,1.55
2878,mennä,לטייל,verbs,2.8
2879,kitara,תוף,nouns,1.9
2880,moraaliton,רע,adjectives,2.75
2881,kurkku,לשון,nouns,1.35
2882,omena,אור,nouns,0.0
2883,häätää,להשאיר,verbs,1.0
2884,viini,אלכוהול,nouns,2.45
2885,yksinkertainen,מורכב,adjectives,1.1
2886,elokuvaus,במאי,nouns,1.0
2887,meri,שפך,nouns,1.4
2888,voi,תפוד,nouns,0.9
2889,silkkitoukka,זחל,nouns,3.0
2890,ihmiset,בלון,nouns,0.1
2891,liha,דם,nouns,1.15
2892,kauhea,עצוב,adjectives,1.15
2893,kirja,חיבור,nouns,1.8
2894,halata,להחזיק,verbs,1.65
2895,alumiini,מתכת,nouns,2.6
2896,rangaista,לציית,verbs,0.6
2897,auto,כרכרה,nouns,1.7
2898,saapua,לבוא,verbs,5.1
2899,sinkki,זהב,nouns,1.6
2900,minuus,ביטחון,nouns,1.05
2901,hengellinen,חסר גוף,adjectives,2.1
2902,särkyvä,נוקשה,adjectives,0.45
2903,rukoilla,לבקש,verbs,1.75
2904,havaintokyky,חזון,nouns,3.05
2905,viaton,חופשי,adjectives,0.4
2906,lainata,למכור,verbs,0.85
2907,nauraa,לגחך,verbs,4.7
2908,puu,עלה,nouns,1.5
2909,sokeri,דבש,nouns,1.9
2910,tuoda,לשאת,verbs,1.9
2911,mielettömästi,בעצב,adverbs,0.65
2912,lehmä,עז,nouns,1.6
2913,niukka,מצומצם,adjectives,2.3
2914,tarkasti,באזור,adverbs,2.55
2915,morsian,נסיכה,nouns,0.8
2916,kuukausi,אוגוסט,nouns,2.5
2917,kuja,רחוב,nouns,3.95
2918,prinsessa,כלה,nouns,0.8
2919,sopimus,חור,nouns,0.0
2920,nõyrästi,בגאווה,adverbs,0.7
2921,kallis,ביישן,adjectives,0.05
2922,rutiininomaisesti,בדרך כלל,adverbs,3.85
2923,ilmestyä,לעזוב,verbs,0.3
2924,juliste,נייר,nouns,2.45
2925,happo,בסיס,nouns,0.6
2926,matka,טיול,nouns,4.35
2927,ärsyttää,לנחש,verbs,0.05
2928,partneri,בחור,nouns,1.2
2929,kypsennetty,מורתח,adjectives,3.4
2930,enkeli,שד,nouns,1.05
2931,jäätyä,לרעוד,verbs,1.25
2932,päivämäärä,יומן,nouns,1.4
2933,vaeltaa,לעזוב,verbs,0.7
2934,perustuslaki,קיסר,nouns,0.45
2935,kynsi,ראש,nouns,0.95
2936,tavallinen,מוזר,adjectives,0.7
2937,musiikki,חליל,nouns,1.2
2938,kilpaileminen,פילוסוף,nouns,0.0
2939,vene,מכונית,nouns,1.25
2940,tuoli,ספסל,nouns,3.2
2941,haittaohjelma,תולעת,nouns,1.8
2942,ottaa,לגנוב,verbs,2.1
2943,yö,פרק,nouns,0.05
2944,piispa,ארכיבישוף,nouns,3.35
2945,harmonia,פסנתר,nouns,0.85
2946,hyväksyä,לסרב,verbs,0.65
2947,vähäpätöinen,משמעותי,adjectives,0.65
2948,toimeksianto,משימה,nouns,5.3
2949,kupla,קצף,nouns,2.2
2950,tyydyttää,לרצות,verbs,2.85
2951,kilpi,מגן,nouns,2.55
2952,tarina,נושא,nouns,1.15
2953,luvata,להישבע,verbs,4.9
2954,yhteiskunta,תרבות,nouns,1.9
2955,kotona,הרחק,adverbs,0.8
2956,motelli,אכסניה,nouns,4.3
2957,yrittää,לשכנע,verbs,0.75
2958,haluta,לחשוק,verbs,4.45
2959,puhdashenkinen,צנוע,adjectives,0.9
2960,arkipäiväinen,רגיל,adjectives,5.0
2961,tukehtua,להרוג,verbs,1.65
2962,aamiainen,בייקון,nouns,1.25
2963,laskuoppi,היגיון,nouns,1.35
2964,uloskäynti,זכות בחירה,nouns,0.0
2965,mökki,ביתן,nouns,3.65
2966,kansi,סירה,nouns,1.1
2967,kuva,השתקפות,nouns,1.8
2968,ratkaista,לסיים,verbs,2.45
2969,oikeudenkäynti,מבחן,nouns,0.75
2970,kriketti,אוהד,nouns,0.3
2971,tuomita,להחליט,verbs,1.8
2972,galleria,עורך דין,nouns,0.0
2973,puuvilla,סוודר,nouns,1.15
2974,osavaltio,בית,nouns,0.7
2975,alkoholi,קוקטייל,nouns,2.4
2976,laakso,דיכאון,nouns,0.0
2977,korkeus,המרה,nouns,0.45
2978,jäädä,לקבל,verbs,0.4
2979,kirja,סיפור,nouns,1.9
2980,saippuavaahto,בועה,nouns,2.2
2981,määrittää,לחזות,verbs,0.8
2982,pesäpallo,אחווה,nouns,0.25
2983,oppia,לספוג,verbs,1.95
2984,tietää,לתת,verbs,0.15
2985,kämppä,מחנה,nouns,0.9
2986,pakti,תנאי,nouns,0.7
2987,lämmitin,מטרייה,nouns,0.6
2988,tehdä yhteistyötä,להשתתף,verbs,2.05
2989,vaatteet,מעיל,nouns,1.93
2990,turvautua,להסתמך,verbs,2.8
2991,taivas,יקום,nouns,1.35
2992,puu,מייפל,nouns,3.05
2993,tytär,תינוקת,nouns,2.65
2994,huone,אמבטיה,nouns,0.7
2995,jumala,רוח,nouns,1.65
2996,tietää,להאמין,verbs,1.3
2997,risuaita,נושא,nouns,0.45
2998,vahva,גאה,adjectives,0.45
2999,vatsa,חדר שינה,nouns,0.05
3000,kantaa,להביא,verbs,1.9
3001,hienovaraisesti,בוודאי,adverbs,0.2
3002,tuli,אפוקליפסה,nouns,0.6
3003,paristo,תיאטרון,nouns,0.0
3004,universumi,שמיים,nouns,1.35
3005,kuningatar,דבורה,nouns,1.0
3006,lattia,תקרה,nouns,1.25
3007,auringonlasku,זריחה,nouns,1.6
3008,ylpeä,נועז,adjectives,0.55
3009,poika,ילד,nouns,3.25
3010,lepakko,ערפד,nouns,2.15
3011,mäki,צוק,nouns,1.95
3012,pallo,כדורעף,nouns,2.55
3013,riemuvoitto,ניצחון,nouns,3.4
3014,eriskummallinen,מוזר,adjectives,5.1
3015,kummallinen,רגיל,adjectives,0.7
3016,suoli,עצב,nouns,0.75
3017,ilo,גאווה,nouns,1.85
3018,jälkeen,לפני,adverbs,0.7
3019,kongressi,פרלמנט,nouns,4.0
3020,vaatia,להתווכח,verbs,0.75
3021,vihollinen,מתנגד,nouns,3.95
3022,vaikutelma,אמונה,nouns,1.3
3023,kaatua,להיפצע,verbs,1.1
3024,rauhallisesti,בהרס,adverbs,0.4
3025,lehti,עץ,nouns,1.5
3026,pohja,חומצה,nouns,0.6
3027,peli,כיף,nouns,1.05
3028,itsepäinen,טיפש,adjectives,0.75
3029,johtokunta,משרה,nouns,1.0
3030,helppo,קשה,adjectives,0.7
3031,peittää,לקבור,verbs,3.25
3032,reikä,הסכם,nouns,0.0
3033,varainkeruu ,פיתוח,nouns,0.4
3034,viski,אלכוהול,nouns,2.45
3035,antaa,להכחיש,verbs,0.05
3036,miellyttää,לספק,verbs,2.85
3037,arvosana,לימודים,nouns,1.2
3038,innostunut,מבוהל,adjectives,0.75
3039,kirurgia,לב,nouns,0.75
3040,unohtaa,לדעת,verbs,0.65
3041,kuningas,שליט,nouns,4.15
3042,tila,כעס,nouns,0.6
3043,luotto,לווה,nouns,1.1
3044,hiili,אטום,nouns,1.6
3045,uskalias,גאה,adjectives,0.55
3046,historiografi,היסטוריון,nouns,3.3
3047,sulttaani,כהונה,nouns,0.65
3048,edellyttää,לחזות,verbs,0.3
3049,liha,לחם,nouns,0.9
3050,lumi,קרח,nouns,2.9
3051,museo,מינט,nouns,0.2
3052,antaa,לקבל,verbs,1.15
3053,laki,לימודים,nouns,0.6
3054,kiistää,להימנע,verbs,1.05
3055,armahtaa,לסלוח,verbs,5.2
3056,tietämättömyys,אינטליגנציה,nouns,0.65
3057,mehu,כף,nouns,0.35
3058,uutiset,רכילות,nouns,1.6
3059,yhtiö,עסק,nouns,2.55
3060,pellava,בד,nouns,2.15
3061,kertolasku,חילוק,nouns,1.8
3062,arvokkuus,סמל,nouns,0.8
3063,ei koskaan,בכנות,adverbs,0.0
3064,myytti,סאטירה,nouns,0.8
3065,laillinen,בטוח,adjectives,1.1
3066,asianmukainen,מנומס,adjectives,1.45
3067,kysyä,להתחנן,verbs,3.0
3068,lainmukainen,לא חוקי,adjectives,0.7
3069,järvi,ענן,nouns,0.55
3070,vesi,בצורת,nouns,0.5
3071,tankki,מכונית,nouns,1.2
3072,fakta,הוכחה,nouns,2.3
3073,ikuisuus,אפס,nouns,0.65
3074,passiivisesti,בשקט,adverbs,1.05
3075,kaava,יומן,nouns,0.2
3076,kevät,גייזר,nouns,0.0
3077,kappale,זנב,nouns,0.2
3078,tohtori,מזג,nouns,0.0
3079,miljonääri,דולר,nouns,0.9
3080,pitää päällä,לקרוע,verbs,0.2
3081,linna,קיר,nouns,0.95
3082,valita,להחליט,verbs,3.05
3083,kompastua,ליפול,verbs,3.85
3084,kana,סטייק,nouns,1.4
3085,auringonlasku,ערב,nouns,1.6
3086,hampaat,פטיש,nouns,0.0
3087,luotettavasti,באופן סביל,adverbs,0.55
3088,neliö,מפה,nouns,0.45
3089,poliisi,פוליטיקאי,nouns,0.7
3090,apuraha,שכר לימוד,nouns,0.9
3091,kuolla,להתפורר,verbs,0.85
3092,hävitä,להיעלם,verbs,5.0
3093,käsivarsi,ברך,nouns,1.4
3094,aloittaa,ללכת,verbs,0.5
3095,juoma,בירה,nouns,2.35
3096,epäkypsä,חסר אחריות,adjectives,2.3
3097,lentoperämies,תא הטייס,nouns,0.95
3098,opettaja,עוזר,nouns,1.9
3099,häpeissään oleva,בר מזל,adjectives,0.1
3100,koodi,סמל,nouns,2.5
3101,pilvi,אגם,nouns,0.55
3102,luoda,לצייר,verbs,1.95
3103,tuonpuoleinen,גיהנום,nouns,1.9
3104,ylpeästi,בשלווה,adverbs,0.1
3105,lainrikkoja,פושע,nouns,5.5
3106,makuuhuone,אופניים,nouns,0.15
3107,tähti,בהירות,nouns,1.1
3108,huonekalut,מיטה,nouns,2.05
3109,säästö,אדם חסכן,nouns,1.3
3110,kummallinen,ביזארי,adjectives,5.1
3111,päättää,לשפוט,verbs,1.8
3112,kertoa,להוסיף,verbs,1.4
3113,usva,גשם,nouns,1.8
3114,kaapata,לחקות,verbs,0.25
3115,heppu,חבר,nouns,1.35
3116,setä,גבר,nouns,2.25
3117,anarkia,כאוס,nouns,4.0
3118,nainen,משימה,nouns,0.0
3119,nopeus,משרה,nouns,0.3
3120,poissa,בבית,adverbs,0.8
3121,hankkia,לגנוב,verbs,1.4
3122,syvästi,בעיקר,adverbs,0.8
3123,lujasti,ברכות,adverbs,0.4
3124,nyyhkyttää,לבכות,verbs,4.7
3125,hohtaa,לזרוח,verbs,4.6
3126,ei koskaan,שלילי,adjectives,1.35
3127,totella,להתנהג,verbs,2.0
3128,kyynärpää,קרסול,nouns,1.7
3129,mehu,מילקשייק,nouns,1.7
3130,johto,כבל,nouns,3.55
3131,rikos,הפרה,nouns,1.85
3132,herra,גברת,nouns,1.1
3133,tieto,ספר,nouns,1.1
3134,asteroidi,כוכב,nouns,1.8
3135,yhdistää,לשלב,verbs,3.65
3136,jahdata,לעקוב,verbs,2.75
3137,lannistaa,לעודד,verbs,0.7
3138,vetää,לדחוף,verbs,0.75
3139,saada kiinni,לרדוף,verbs,1.55
3140,itkeä,לצחוק,verbs,0.65
3141,biotooppi,ביולוגיה,nouns,1.45
3142,suorittaa,להצדיע,verbs,0.45
3143,tarpeellinen,חשוב,adjectives,4.0
3144,päiväkirja,דבש,nouns,0.25
3145,kuuluttaa,להצהיר,verbs,4.35
3146,muurahainen,חרק,nouns,2.1
3147,ulospäinsuuntautunut,נכנס,adjectives,0.7
3148,lainata,לשמור,verbs,0.75
3149,fraasi,מילה,nouns,2.1
3150,kitara,כינור,nouns,1.95
3151,vaeltaa,לחפש,verbs,0.95
3152,suututtaa,לעצבן,verbs,4.8
3153,neuropsykologia,פרפסיכולוגיה,nouns,1.55
3154,behaviorismi,טיפול,nouns,1.0
3155,pelästyttää,לרדוף,verbs,1.15
3156,vaatimaton,טהור,adjectives,0.9
3157,matriisi,וקטור,nouns,1.95
3158,suutin,נוזל,nouns,0.5
3159,ravistaa,לבחוש,verbs,2.15
3160,karata,להימלט,verbs,5.4
3161,liittyä,להוסיף,verbs,1.3
3162,koripallo,בייסבול,nouns,2.2
3163,kryptogrammi,סמל,nouns,1.6
3164,paha,נורא,adjectives,4.1
3165,hunaja,סוכר,nouns,1.9
3166,vaatimaton,מתבייש,adjectives,1.15
3167,kulta,אבץ,nouns,1.6
3168,ottaa,להחזיק,verbs,1.55
3169,ovi,כניסה,nouns,3.1
3170,kana,סעודה,nouns,1.05
3171,kuu,פלנטה,nouns,2.1
3172,jumala,שטן,nouns,1.55
3173,hysteria,בלבול,nouns,1.4
3174,positiivisesti,כנראה,adverbs,1.15
3175,lävistää,לצבוט,verbs,0.75
3176,epäaito,אמיתי,adjectives,0.7
3177,saada kiinni,לקבל,verbs,1.0
3178,kirje,פסקה,nouns,0.85
3179,myrsky,שלג,nouns,1.55
3180,käsivarsi,כתף,nouns,1.8
3181,ei koskaan,לעיתים רחוקות,adverbs,2.8
3182,voimakas tuuli,שמיכה,nouns,0.4
3183,vihainen,אלים,adjectives,1.7
3184,jonkun poika,ילד,nouns,3.85
3185,kahva,חלבון,nouns,0.0
3186,veikata,להמר,verbs,2.95
3187,ase,פרווה,nouns,0.0
3188,helppo,פגיע,adjectives,0.15
3189,rakentaminen,הרס,nouns,0.7
3190,jättää,לקחת,verbs,0.55
3191,lihas,עצם,nouns,0.95
3192,maha,כרס,nouns,4.9
3193,näyttelijä,פאון,nouns,0.65
3194,passiivisesti,באופן אמין,adverbs,0.55
3195,minuutti,שנייה,nouns,2.25
3196,säästää,לטבוע,verbs,0.6
3197,sanoa,לבטא,verbs,4.1
3198,ennustaa,לקבוע,verbs,0.8
3199,isä,הורה,nouns,3.45
3200,kasvu,דשן,nouns,1.05
3201,tuoda,להחזיר,verbs,1.55
3202,suu,שיניים,nouns,1.7
3203,vetäytyä,לדחות,verbs,0.95
3204,symboli,סימן,nouns,5.05
3205,aakkoset,עט,nouns,0.45
3206,aamu,יום,nouns,2.0
3207,varkaus,פשע,nouns,2.85
3208,salaa,בבטחה,adverbs,0.5
3209,laittaa,לתת,verbs,0.85
3210,julistaa,להודיע,verbs,4.35
3211,kiertäminen,מטען,nouns,0.25
3212,omena,לימון,nouns,1.85
3213,keisari,חוקה,nouns,0.45
3214,vakava,מצחיק,adjectives,0.7
3215,toukka,תולעת משי,nouns,3.0
3216,todellisuus,אשליה,nouns,0.7
3217,ase,סמל,nouns,0.4
3218,huutaa,להתווכח,verbs,1.55
3219,pidättää,לחשוד,verbs,0.65
3220,antaa anteeksi,לשכוח,verbs,1.3
3221,ihmeellinen,מהנה,adjectives,2.45
3222,sitrushedelmä,תפוז,nouns,3.6
3223,raha,מזומן,nouns,3.1
3224,viini,ברנדי,nouns,1.95
3225,epäonnistuminen,פשיטת רגל,nouns,1.6
3226,helikopteri,מטוס,nouns,2.35
3227,laulaa,לצחוק,verbs,0.6
3228,tietty,עצבני,adjectives,0.15
3229,säännöllisesti,לעיתים,adverbs,0.95
3230,haukka,עיט,nouns,2.75
3231,kemia,תיאוריה,nouns,0.25
3232,raaja,רגל,nouns,3.15
3233,perustella,לטעון,verbs,1.2
3234,johtokunta,עכבר,nouns,0.0
3235,neuroosi,נפש,nouns,0.95
3236,mehiläinen,נמלה,nouns,1.55
3237,maksu,תשלום,nouns,3.35
3238,odottaa,להפסיק,verbs,1.35
3239,vyötärö,ארוחה,nouns,0.45
3240,töykeä,ביקורתי,adjectives,0.85
3241,raaka,מכוער,adjectives,0.95
3242,bändi,תזמורת,nouns,4.25
3243,unohtaa,לשמור,verbs,0.5
