ID,FRA,HEB,PoS,score
1,essayer,לשכנע,verbs,1.1
2,extraverti,נכנס,adjectives,0.75
3,déni,וידוי,nouns,1.2
4,saut d'obstacles,גדר,nouns,1.4
5,perdre,לשמור,verbs,1.1
6,parler,להקשיב,verbs,1.45
7,humilier,לנחם,verbs,0.8
8,sous-vêtement,גוף,nouns,1.05
9,demander,להתחנן,verbs,3.6
10,élire,לבחור,verbs,4.05
11,fils,ילד,nouns,4.05
12,millionnaire,דולר,nouns,1.6
13,adulte,ילד,nouns,1.9
14,banquier,פרקליט,nouns,1.5
15,flûte,מוזיקה,nouns,2.05
16,argent,פנינה,nouns,1.25
17,cesser,לעשות,verbs,1.05
18,juger,להעיד,verbs,1.45
19,avion,סדין,nouns,0.05
20,gravité,מטאור,nouns,1.2
21,bétail,פרה,nouns,4.0
22,cesser,להתחיל,verbs,1.3
23,présence,היעדרות,nouns,1.6
24,décourager,להרגיז,verbs,1.6
25,air,הליום,nouns,2.3
26,dernièrement,לאחרונה,adverbs,5.7
27,bain,עץ,nouns,0.1
28,idée,תכנית,nouns,2.5
29,haricot,קפה,nouns,1.05
30,presser,לשחרר,verbs,0.65
31,noyer,להציל,verbs,1.3
32,laisser,להרשות,verbs,4.9
33,juriste,משפטן,nouns,4.4
34,provenir,להתחיל,verbs,1.2
35,bière,אלכוהול,nouns,2.95
36,brume,גשם,nouns,2.55
37,en phase terminale,בעיקר,adverbs,0.0
38,nuage,חלון,nouns,0.7
39,grandement,ברצינות,adverbs,2.45
40,baseball,ספה,nouns,0.15
41,accomplir,להצדיע,verbs,0.4
42,centime,אנשים,nouns,0.7
43,pistolet,פרווה,nouns,0.05
44,tuer,להרוס,verbs,2.5
45,probablement,ייתכן,adverbs,4.6
46,brouillard,ענן,nouns,2.85
47,dîner,ארוחה,nouns,5.35
48,canne à sucre,קומביין,nouns,0.55
49,hurler,להתווכח,verbs,2.05
50,critique,חצוף,adjectives,0.85
51,envoyer,להביא,verbs,1.6
52,réfuter,להרשות,verbs,0.35
53,cours,מכללה,nouns,2.15
54,typhon,ציקלון,nouns,4.7
55,situation,מצב,nouns,5.1
56,femme,חור,nouns,0.1
57,adjoint,קצין,nouns,2.3
58,débattre,להצדיק,verbs,2.1
59,impuissant,פגיע,adjectives,3.35
60,bizarre,מוזר,adjectives,5.55
61,voler,לרכוש,verbs,1.65
62,choix,פרק,nouns,0.5
63,globalisation,ויזה,nouns,0.95
64,prophète,כומר,nouns,2.15
65,chercher,למצוא,verbs,2.1
66,décider,לתאר,verbs,0.95
67,grossier,רועש,adjectives,1.1
68,âme,אח,nouns,0.4
69,facilement,בנוחיות,adverbs,1.65
70,terrifiant,משוגע,adjectives,0.85
71,serpent,לטאה,nouns,2.55
72,douche,מנזר,nouns,0.1
73,séparer,לחבר,verbs,1.25
74,sûr,בטוח,adjectives,5.6
75,docteur,אורתודונט,nouns,3.05
76,cuisiner,לערבב,verbs,1.85
77,partir,להישאר,verbs,1.35
78,fraternité,בייסבול,nouns,0.45
79,facile,מורכב,adjectives,1.3
80,boîte,סיגר,nouns,1.05
81,employé,מעסיק,nouns,2.25
82,prendre,לעזוב,verbs,1.0
83,vache,בקר,nouns,4.0
84,honte,צער,nouns,1.75
85,biotope,ביולוגיה,nouns,1.85
86,fraise,דובדבן,nouns,2.4
87,choisir,להצביע,verbs,4.05
88,solitaire,מסכן,adjectives,1.25
89,content,שמח,adjectives,5.3
90,peut-être,אפשרי,adverbs,5.0
91,mère,שומרת,nouns,0.9
92,acquérir,לגנוב,verbs,1.65
93,mentir,להאשים,verbs,0.9
94,flèche,מטרה,nouns,2.05
95,balle,מחבט,nouns,1.8
96,actuellement,בעדינות,adverbs,0.15
97,lampe,שד,nouns,1.4
98,protéine,ידית,nouns,0.1
99,mot,רמז,nouns,1.15
100,nombre,ספרה,nouns,5.2
101,éclaboussure,צמיגות,nouns,0.55
102,chef,מנהל,nouns,3.9
103,beauté,גיל,nouns,1.1
104,facile,פגיע,adjectives,0.6
105,aller,להתחיל,verbs,0.8
106,prêtre,נזיר,nouns,4.3
107,affiche,נייר,nouns,2.9
108,paquet,משאית,nouns,0.45
109,pont,סירה,nouns,1.7
110,épaule,זרוע,nouns,2.4
111,molécule,מטריצה,nouns,0.3
112,chat,כלב,nouns,2.0
113,riz,ילד,nouns,0.25
114,acheter,לגנוב,verbs,1.15
115,mort,קבורה,nouns,2.8
116,rythme,חשבון,nouns,0.2
117,nerveux,מפוחד,adjectives,1.35
118,cuit,מורתח,adjectives,3.55
119,mélanger,לרכב,verbs,0.5
120,aviation,טיסה,nouns,2.85
121,chagrin,ייסורים,nouns,2.9
122,national,מוכר,adjectives,1.4
123,fortuit,בלתי צפוי,adjectives,5.7
124,organiser,להפוך,verbs,0.7
125,lycée,כיתה,nouns,2.15
126,lit,כיסא,nouns,1.65
127,voiture,מעלית,nouns,0.75
128,frais,חדש,adjectives,3.75
129,bourse d'étude,שכר לימוד,nouns,1.8
130,flic,טייס,nouns,1.0
131,club,סימן,nouns,0.25
132,île,חוף,nouns,1.95
133,précisément,באופן לא מדויק,adverbs,1.25
134,prêtre,נביא,nouns,2.15
135,humeur,רגש,nouns,3.5
136,bocal,כוס,nouns,2.5
137,brique,קיר,nouns,1.95
138,nouveau,ישן,adjectives,1.35
139,barreau,כלוב,nouns,2.8
140,généralement,בכנות,adverbs,0.25
141,statistique,טניס,nouns,0.35
142,mépriser,לשנוא,verbs,5.05
143,nier,להימנע,verbs,1.15
144,camion,חבילה,nouns,0.45
145,croire,להרגיש,verbs,2.1
146,croissance,דשן,nouns,1.7
147,défendre,להרוג,verbs,1.05
148,bowling,שחקן כדורת,nouns,2.3
149,jamais,בנדיבות,adverbs,0.5
150,attaque,פשע,nouns,2.5
151,type,שותף,nouns,1.6
152,colère,תסכול,nouns,3.4
153,fabricant,בורא,nouns,5.15
154,rivaliser,לסיים,verbs,0.2
155,mec,חבר,nouns,2.25
156,devenir,לארגן,verbs,0.7
157,tête,רגל,nouns,1.65
158,apprendre,לבלבל,verbs,0.8
159,enfant,גבר,nouns,2.25
160,manuscrit,מאמר,nouns,2.45
161,désavouer,לתת,verbs,0.55
162,chien,חתול,nouns,2.0
163,moderne,עתיק,adjectives,1.4
164,mois,אוגוסט,nouns,2.8
165,vison,שמן,nouns,0.25
166,nier,לתת,verbs,0.25
167,liquide,כסף,nouns,3.45
168,facile,גמיש,adjectives,1.55
169,anarchie,כאוס,nouns,4.45
170,évacuer,לקבוע,verbs,0.3
171,magnitude,מידה,nouns,4.0
172,persil,מאפין,nouns,0.7
173,porter,לקחת,verbs,1.9
174,mât,דגל,nouns,1.75
175,prévision,מעונן,nouns,1.15
176,nouvelle,מדיה,nouns,3.15
177,prendre,לגנוב,verbs,2.8
178,manifestement,בחשאי,adverbs,0.65
179,épicé,טוב,adjectives,0.6
180,vainqueur,גבר,nouns,1.05
181,effort,קושי,nouns,3.2
182,orthodontiste,רופא,nouns,5.15
183,delta,ים,nouns,1.9
184,basilique,פסיפס,nouns,1.45
185,étudiant,מורה,nouns,2.05
186,père,גבר,nouns,3.15
187,sandwich,ארוחה,nouns,2.2
188,rideau,מוט,nouns,1.9
189,contrarié,מובך,adjectives,1.2
190,aller,למכור,verbs,0.25
191,journal,מילה,nouns,1.75
192,enquêter,לבחון,verbs,3.6
193,agresser,לעצבן,verbs,1.1
194,renier,להתכחש,verbs,2.65
195,compétence,יכולת,nouns,5.45
196,enfant,בן,nouns,4.0
197,surtout,בעיקר,adverbs,4.95
198,électrique,מכני,adjectives,1.9
199,facile,נוקשה,adjectives,0.6
200,ministère,סולטן,nouns,1.05
201,lettre,פסקה,nouns,1.9
202,garçon,חייל,nouns,1.35
203,ère,עשור,nouns,2.75
204,sournois,מוזר,adjectives,1.25
205,toujours,פעמיים,adverbs,1.2
206,stratège,תחבולן,nouns,3.4
207,proie,אל,nouns,0.1
208,compter sur,להסתמך,verbs,3.6
209,mot,ביטוי,nouns,3.3
210,cheville,חלון,nouns,0.0
211,rose,פרפר,nouns,0.6
212,souper,ארוחת בוקר,nouns,2.6
213,étrange,ערמומי,adjectives,1.25
214,accepter,לקבל,verbs,3.05
215,fermement,בזהירות,adverbs,1.85
216,sol,תקרה,nouns,1.65
217,cristal,זכוכית,nouns,3.0
218,élire,לדחות,verbs,0.65
219,dinosaure,פיל,nouns,1.4
220,hutte,בקתה,nouns,3.6
221,sincèrement,ביושר,adverbs,5.75
222,simulation,רובוטיקה,nouns,1.35
223,illégal,מושחת,adjectives,2.7
224,bas,צד,nouns,2.05
225,mépriser,להאשים,verbs,1.2
226,profession,מכללה,nouns,1.2
227,âge,יופי,nouns,1.1
228,grand,גמיש,adjectives,0.25
229,notifier,ליידע,verbs,5.35
230,pleinement,בעיקרון,adverbs,1.25
231,entendre,להקשיב,verbs,4.25
232,tristement,רגשית,adverbs,1.65
233,goutter,לשפוך,verbs,2.0
234,convenable,בינוני,adjectives,1.55
235,écrivain,רומן,nouns,1.85
236,chanteur,צוות,nouns,0.25
237,boeuf,בקר,nouns,4.15
238,apprécier,לשנוא,verbs,1.0
239,yard,מטר,nouns,3.55
240,réel,מזוייף,adjectives,1.35
241,mine,סלע,nouns,1.8
242,rester,להמתין,verbs,2.6
243,trou,רעיה,nouns,0.1
244,justement,בבגרות,adverbs,0.9
245,heureux,צעיר,adjectives,0.7
246,généreusement,לעולם לא,adverbs,0.5
247,protéger,להגן,verbs,4.85
248,chanceux,מובך,adjectives,0.45
249,rapide,מהיר,adjectives,5.15
250,secrétaire,אישה,nouns,1.5
251,puissant,חלש,adjectives,1.2
252,ajouter,לחלק,verbs,1.95
253,papa,אם,nouns,2.65
254,souvent,לפעמים,adverbs,2.1
255,parfois,לעיתים קרובות,adverbs,2.1
256,bras,צוואר,nouns,1.65
257,dispute,ביקורת,nouns,2.2
258,anniversaire,יום הולדת,nouns,2.25
259,capital,כסף,nouns,4.45
260,machine,מנוע,nouns,2.85
261,prison,בחירה,nouns,0.5
262,aider,לסייע,verbs,5.75
263,difficile,פשוט,adjectives,1.55
264,héroïne,גיבור,nouns,4.15
265,rire,לשיר,verbs,1.3
266,ignorer,לחקור,verbs,0.55
267,ciel,חלום,nouns,0.8
268,affixe,סיומת,nouns,3.55
269,vêtement,אריג,nouns,2.75
270,approximativement,בקוצר רוח,adverbs,0.5
271,perspective,מרחק,nouns,2.45
272,sénat,חוקה,nouns,1.7
273,aube,אקדח,nouns,0.05
274,foie,ריאה,nouns,2.0
275,crochet,מדים,nouns,0.2
276,débattre,להוכיח,verbs,2.15
277,confortablement,בקלות,adverbs,1.65
278,étoile,כוכב לכת,nouns,3.8
279,garçon,ילד,nouns,4.1
280,saisir,לפת,verbs,5.25
281,ignorer,להדפיס,verbs,0.2
282,tarte,שוקולד,nouns,1.5
283,déclarer,להודיע,verbs,5.0
284,brume,ענן,nouns,2.95
285,feindre,לדמיין,verbs,1.3
286,désert,דיונה,nouns,2.7
287,décomposition,פירוק לגורמים,nouns,3.65
288,affamé,עייף,adjectives,1.5
289,centimètre,יארד,nouns,2.7
290,étouffer,להרוג,verbs,3.0
291,doucement,בקול רם,adverbs,0.8
292,lait,מיץ,nouns,1.9
293,accuser,לשפוט,verbs,2.8
294,pot,בקבוק,nouns,2.95
295,dîner,ארוחה,nouns,4.9
296,construire,לחבר,verbs,1.9
297,klaxon,מכונית,nouns,1.6
298,actif,מנייה,nouns,3.5
299,séparer,לעזוב,verbs,2.3
300,cou,גב,nouns,2.1
301,étudiant,תלמיד,nouns,5.45
302,chercher,לצוד,verbs,2.0
303,neuropsychologie,פרפסיכולוגיה,nouns,1.95
304,condition,חוזה,nouns,1.85
305,cor,תוף,nouns,1.6
306,fièrement,בענווה,adverbs,1.4
307,vêtement,בד,nouns,2.3
308,argent,מזומן,nouns,3.45
309,milliardaire,חסר בית,nouns,1.2
310,sud,צפון,nouns,2.05
311,gentiment,בנדיבות,adverbs,2.6
312,lit,עריסה,nouns,3.85
313,gant,כדור,nouns,1.2
314,raquette,כדור,nouns,1.8
315,accepter,לסלוח,verbs,1.8
316,lever de soleil,שקיעה,nouns,2.45
317,arbre,סירה,nouns,0.75
318,bol,זנב,nouns,0.05
319,planète,כוכב,nouns,3.8
320,protéger,לשמור,verbs,4.5
321,parapluie,קליבר,nouns,0.35
322,ver à soie,זחל,nouns,3.0
323,puissant,עוצמתי,adjectives,5.45
324,voler,לקחת,verbs,2.8
325,année,מאה,nouns,2.6
326,frustrer,לדכא,verbs,3.15
327,mélanger,לשתות,verbs,0.85
328,créativement,במקור,adverbs,0.5
329,surface,אזור,nouns,4.3
330,magma,הר געש,nouns,2.05
331,livre,מידע,nouns,1.8
332,couffin,מיטת תינוק,nouns,5.05
333,donner,לדעת,verbs,0.3
334,idiot,מטומטם,adjectives,5.25
335,ignorant,רגיל,adjectives,0.5
336,paiement,עמלה,nouns,3.25
337,examiner,לחקור,verbs,3.6
338,fermement,ברכות,adverbs,0.9
339,vin,אלכוהול,nouns,2.9
340,voyage,טיול,nouns,4.0
341,emploi,כלי,nouns,0.8
342,vieux,חדש,adjectives,1.35
343,frais,ישן,adjectives,0.65
344,sœur,אח,nouns,3.0
345,viande,כריך,nouns,1.5
346,minute,שנייה,nouns,2.75
347,fille,ילדה,nouns,3.6
348,satire,מיתוס,nouns,1.55
349,saisir,לשאוף,verbs,0.5
350,cathédrale,תקרה,nouns,0.65
351,ordinaire,מוזר,adjectives,1.3
352,légion,כבוד,nouns,1.6
353,argent,יהלום,nouns,1.75
354,tombeur,בחור,nouns,1.8
355,riz,עוף,nouns,1.25
356,systématiquement,בדרך כלל,adverbs,3.75
357,maire,מנהיג,nouns,3.6
358,journaliste,משורר,nouns,1.7
359,débattre,להשתתף,verbs,1.55
360,regarder,לחפש,verbs,2.1
361,père,בן,nouns,2.35
362,obtenir,להפסיד,verbs,1.1
363,fille,אבא,nouns,1.8
364,barreau,כלא,nouns,2.45
365,grand,עצום,adjectives,4.8
366,aptitude,כשירות,nouns,5.45
367,herbe,שורש,nouns,1.95
368,employeur,מועסק,nouns,2.25
369,coton,פוליאסטר,nouns,1.95
370,thé,לימון,nouns,1.25
371,pacifiquement,ברוגע,adverbs,4.9
372,vite,מהיר,adjectives,5.4
373,profondeur,גודל,nouns,1.85
374,intuition,חוש,nouns,4.3
375,gouvernement,לטאה,nouns,0.05
376,tissu,בגדים,nouns,2.75
377,personne,חיה,nouns,1.45
378,cadence,קצב,nouns,5.1
379,classe,כאוס,nouns,0.25
380,détendu,לחוץ,adjectives,1.4
381,femme,ג'ינס,nouns,0.35
382,livre,מאמר,nouns,2.4
383,ancre,סירה,nouns,1.75
384,confiance,עצמי,nouns,1.25
385,canon,כדור,nouns,0.95
386,garçon,ילד,nouns,4.0
387,mensuel,שבועי,adjectives,2.2
388,colonne vertébrale,גוף,nouns,1.95
389,moutarde,גרגיר,nouns,2.05
390,faire,להפוך,verbs,0.9
391,notifier,לאשר,verbs,1.35
392,arrêter,לשרוק,verbs,0.35
393,motel,אכסניה,nouns,4.45
394,archéologie,אנתרופולוגיה,nouns,2.35
395,gros,קל,adjectives,0.55
396,bronchite,פרצטמול,nouns,1.4
397,ozone,אטמוספירה,nouns,3.75
398,sévèrement,בעצם,adverbs,0.15
399,poumon,כבד,nouns,2.0
400,siècle,שנה,nouns,2.6
401,seconde,דקה,nouns,2.75
402,argent,משכורת,nouns,4.05
403,huile,מינק,nouns,0.25
404,dentiste,דוקטור,nouns,5.15
405,exactement,בדיוק,adverbs,5.3
406,soleil,שמיים,nouns,1.9
407,atteindre,לנסות,verbs,1.15
408,violon,גיטרה,nouns,2.5
409,fonction,מהדר,nouns,1.9
410,assister,לשלוח,verbs,0.7
411,taquiner,לפגוע,verbs,2.15
412,guitare,כינור,nouns,2.5
413,drapeau,חקר דגלים,nouns,2.2
414,calendrier,תאריך,nouns,2.25
415,cours,פעולה,nouns,2.3
416,pomme,מיץ,nouns,1.8
417,roi,שליט,nouns,4.6
418,prétendre,לשקר,verbs,3.6
419,épouse,אישה,nouns,4.75
420,accepter,להסכים,verbs,3.45
421,bain,בלון,nouns,0.15
422,accuser,לתעב,verbs,1.2
423,arranger,לסדר,verbs,4.9
424,chapeau,מעיל,nouns,1.75
425,absorber,ללמוד,verbs,2.2
426,légèrement,לחלוטין,adverbs,1.25
427,histoire,ספר,nouns,2.6
428,commande,תפריט,nouns,1.75
429,écran,פונולוגיה,nouns,0.2
430,sujet,ספר,nouns,1.05
431,désespoir,אומללות,nouns,3.35
432,garçon,מצב,nouns,0.05
433,chiffre,ציטופלזמה,nouns,0.25
434,jeune,עצבני,adjectives,0.8
435,exotique,נדיר,adjectives,4.65
436,pomme,אור,nouns,0.3
437,pierre,מכרה,nouns,1.8
438,cyclone,טייפון,nouns,4.7
439,ballon,אמבטיה,nouns,0.15
440,débattre,לצעוק,verbs,2.05
441,mère,חבר,nouns,1.45
442,repas,מותן,nouns,0.55
443,se dissiper,להיכחד,verbs,5.1
444,blesser,להקניט,verbs,2.15
445,positivement,כנראה,adverbs,1.45
446,posséder,לספוג,verbs,0.6
447,admirer,להעריץ,verbs,4.15
448,poussière,מטאטא,nouns,1.65
449,cinéma,טלויזיה,nouns,2.95
450,rarement,לעיתים קרובות,adverbs,1.4
451,lecteur,סופר,nouns,1.75
452,doigt,בוהן,nouns,3.35
453,mousse,בועה,nouns,2.35
454,invité,חבר,nouns,2.5
455,diamant,כסף,nouns,1.75
456,météore,כבידה,nouns,1.2
457,astronome,גלקסיה,nouns,1.7
458,ski,סנוברד,nouns,3.4
459,queue,פרק,nouns,0.2
460,oublier,ללמוד,verbs,1.2
461,sale,צר,adjectives,0.1
462,lèvre,ירך,nouns,1.25
463,perdre,לבשל,verbs,0.05
464,rythme,מנגינה,nouns,3.75
465,sauver,להושיע,verbs,5.75
466,donner,להכחיש,verbs,0.25
467,croyance,פרח,nouns,0.0
468,fenêtre,קרסול,nouns,0.0
469,vol,פשע,nouns,2.55
470,stupide,חכם,adjectives,1.35
471,étroit,דק,adjectives,2.85
472,mélodie,מוסיקה,nouns,4.35
473,historiographe,היסטוריון,nouns,3.7
474,lézard,תנין,nouns,3.1
475,rester,לקבל,verbs,0.55
476,snowboard,סקי,nouns,3.4
477,semaine,סוף שבוע,nouns,2.35
478,critiquer,לדחוף,verbs,0.4
479,orteil,אצבע,nouns,3.35
480,intensité,כוכב,nouns,1.35
481,pistolet,סמל,nouns,0.8
482,capteur,רדיאטור,nouns,0.9
483,orthodontiste,רופא,nouns,3.05
484,agression,עוינות,nouns,4.05
485,mur,קישוט,nouns,1.3
486,inutilisé,חדש,adjectives,4.25
487,entraîneur,שחקן,nouns,1.95
488,cheval,כלב,nouns,1.7
489,canyon,עמק,nouns,4.1
490,détruire,ליצור,verbs,1.2
491,nouveau,טרי,adjectives,3.75
492,groupe,תזמורת,nouns,3.7
493,grêle,גשם,nouns,3.2
494,activement,באופן פסיבי,adverbs,1.1
495,acquérir,להצטרף,verbs,0.75
496,polir,ליידע,verbs,0.1
497,ciel,יקום,nouns,2.5
498,agneau,כבש,nouns,4.15
499,chargeur,דיסק,nouns,0.75
500,terminer,להתחרות,verbs,0.2
501,économie,מערכת אקולוגית,nouns,1.25
502,homme,אבא,nouns,3.15
503,voie-rapide,כביש,nouns,4.0
504,lanceur,באולינג,nouns,2.3
505,siroter,לשתות,verbs,4.9
506,détruire,לבנות,verbs,1.45
507,chaos,אנרכיה,nouns,4.45
508,arguer,לדרוש,verbs,1.35
509,fil,חוט,nouns,4.05
510,fantastiquement,באופן מדהים,adverbs,5.5
511,s'échapper,להימלט,verbs,5.5
512,peuple,בלון,nouns,0.1
513,protestant,נוצרי,nouns,3.25
514,violent,כועס,adjectives,1.8
515,main,אגודל,nouns,2.4
516,robe,ריקוד,nouns,0.8
517,déjeuner,כריך,nouns,2.2
518,ami,חבר,nouns,5.05
519,femme,אמבטיה,nouns,0.1
520,porte,קומה,nouns,0.85
521,acheter,לקבל,verbs,1.45
522,rivière,עמק,nouns,1.7
523,pollution,נשיא,nouns,0.3
524,maison,דירה,nouns,4.2
525,rarement,לרוב,adverbs,1.7
526,voiture,טנק,nouns,1.45
527,souris,סיפון,nouns,0.1
528,registre,תאונה,nouns,0.3
529,ouverture,דלת,nouns,2.95
530,disque,מחשב,nouns,1.65
531,île,חיל הים,nouns,0.85
532,château,קיר,nouns,1.4
533,se disputer,לשכנע,verbs,1.3
534,viande,לחם,nouns,1.4
535,haut,חמישי,adjectives,0.4
536,défilé,המון,nouns,2.2
537,enseigner,לחנך,verbs,4.5
538,confession,הכחשה,nouns,1.2
539,verre,קריסטל,nouns,3.0
540,sculpteur,אחוזה,nouns,0.55
541,ballon,ספירה,nouns,2.8
542,corps,דם,nouns,1.75
543,acquérir,למצוא,verbs,2.05
544,contrarier,לדכא,verbs,1.6
545,liqueur,מאה,nouns,0.05
546,berceau,עריסה,nouns,5.05
547,critiquer,להעיר,verbs,2.7
548,passif,אלים,adjectives,0.65
549,crépuscule,ערב,nouns,3.95
550,sac,ארנק,nouns,2.7
551,fleur,פקעת,nouns,2.35
552,développer,לגדול,verbs,4.45
553,lame,דשא,nouns,0.35
554,homme,חשוד,nouns,1.15
555,cigare,קופסה,nouns,1.05
556,criminalité,גניבה,nouns,2.55
557,personnel,אינטימי,adjectives,5.2
558,tsunami,ים,nouns,1.7
559,alcool,להקה,nouns,0.15
560,blesser,ליפול,verbs,1.55
561,censure,חופש,nouns,1.4
562,biologie,ביוטופ,nouns,1.85
563,complètement,באופן שולי,adverbs,1.25
564,punir,לציית,verbs,1.2
565,entrer,לעזוב,verbs,0.65
566,stupide,נדיר,adjectives,0.25
567,récit,נושא,nouns,1.7
568,avancer,לקדם,verbs,2.35
569,détruire,לפרק,verbs,3.7
570,poulet,סעודה,nouns,1.25
571,miel,סוכר,nouns,2.4
572,voiture,מפעל,nouns,1.0
573,matrice,וקטור,nouns,3.15
574,mécaniquement,באופן אידיאלי,adverbs,0.3
575,océan,ים,nouns,4.15
576,chanter,לרחף,verbs,0.3
577,impatiemment,בערך,adverbs,0.5
578,dépenser,לחסוך,verbs,0.75
579,bouteille,קנקן,nouns,2.95
580,arrêter,לנהוג,verbs,1.2
581,blanc,צר,adjectives,0.05
582,eau,מלח,nouns,1.2
583,galerie,עורך דין,nouns,0.05
584,équitablement,באופן לא הוגן,adverbs,1.3
585,chasser,לעקוב,verbs,2.35
586,pièce de monnaie,תשלום,nouns,2.5
587,mineur,משמעותי,adjectives,1.15
588,organisé,מבולגן,verbs,1.35
589,étrange,משונה,adjectives,5.45
590,réussir,להיכשל,verbs,1.4
591,pomme,דיאטה,nouns,1.1
592,régime,סלט,nouns,1.55
593,crayon,סיפור,nouns,0.5
594,analyser,להשוות,verbs,2.75
595,lâche,גמיש,adjectives,1.45
596,moteur,סירה,nouns,1.55
597,princesse,כלה,nouns,1.85
598,trou,הסכם,nouns,0.0
599,cinquième,עליון,adjectives,0.4
600,suffrage,יציאה,nouns,0.3
601,copilote,תא הטייס,nouns,1.6
602,viande,בקר,nouns,3.05
603,encourager,לדכא,verbs,1.35
604,bateau,מכונית,nouns,1.85
605,incliner,להסית,verbs,3.35
606,volonté,כוונה,nouns,5.1
607,paracétamol,ברונכיטיס,nouns,1.4
608,cinématographie,במאי,nouns,1.8
609,homme,מנצח,nouns,1.05
610,déterminer,לפנות,verbs,0.3
611,fier,יהיר,adjectives,4.15
612,cigare,מקטרת,nouns,3.05
613,satisfaire,להפציר,verbs,0.45
614,télévision,קולנוע,nouns,2.95
615,dur,ערמומי,adjectives,0.6
616,électrique,מתוק,adjectives,0.2
617,mûrement,בצדקנות,adverbs,0.9
618,anniversaire,שנה,nouns,2.0
619,marrant,משעמם,adjectives,0.7
620,cruel,נחמד,adjectives,0.95
621,nouveau,עתיק,adjectives,1.4
622,meuble,מיטה,nouns,2.65
623,ennuyé,משעמם,adjectives,1.65
624,décliner,לקבל,verbs,1.4
625,anormalement,בדרך כלל,adverbs,1.2
626,union,סכום,nouns,3.1
627,disparaître,להיעלם,verbs,5.1
628,garçon,אח,nouns,2.65
629,autoroute,משימה,nouns,0.05
630,lit,רהיט,nouns,2.65
631,perdre,להחסיר,verbs,2.15
632,luire,לזהור,verbs,4.9
633,mer,אוקיינוס,nouns,4.15
634,soigneusement,בבטחה,adverbs,1.85
635,sérieusement,באופן אחראי,adverbs,3.35
636,froid,רגיל,adjectives,0.4
637,alimentation,תוכנית,nouns,0.8
638,en phase terminale,אחרת,adverbs,0.1
639,mutant,סוציוביולוגיה,nouns,0.65
640,bouteille,פחית,nouns,2.65
641,jamais,לעיתים רחוקות,adverbs,2.75
642,coude,עצם,nouns,2.05
643,arriver,לעזוב,verbs,0.65
644,acide,בסיס,nouns,1.75
645,pistolet,סכין,nouns,2.35
646,sultan,כהונה,nouns,1.05
647,diviser,לחבר,verbs,1.95
648,président,תלמיד,nouns,0.8
649,arrogant,גאה,adjectives,4.15
650,sergent,אקדח,nouns,0.8
651,étui,חומרה,nouns,1.2
652,sale,זול,adjectives,0.55
653,minuscule,עצום,adjectives,1.35
654,facilement,בערך,adverbs,0.4
655,tranchant,מתון,adjectives,1.15
656,ouvrier,משרד,nouns,1.05
657,bonheur,עצב,nouns,1.5
658,bizarre,מוזר,adjectives,5.4
659,grossier,ביקורתי,adjectives,0.85
660,estomac,חדר שינה,nouns,0.1
661,sentiment,אינטואיציה,nouns,4.3
662,nouveau,לא משומש,adjectives,4.25
663,impeccable,נקי,adjectives,4.8
664,réinhumation,קבר,nouns,1.9
665,esclave,משרת,nouns,4.4
666,carte,ברידג',nouns,0.95
667,vérifier,להצדיק,verbs,2.65
668,humide,דביק,adjectives,1.5
669,prudemment,בקפידה,adverbs,3.5
670,heureux,כועס,adjectives,1.2
671,papier,עץ,nouns,2.0
672,queue,צוק,nouns,0.05
673,chef,ראש,nouns,3.6
674,lin,בד,nouns,2.7
675,taxi,מונית,nouns,5.1
676,reste,הבדל,nouns,2.35
677,étroit,רחב,adjectives,1.4
678,frire,לבשל,verbs,2.75
679,construction,הרס,nouns,1.55
680,laisser,להמתין,verbs,0.85
681,laver,לשטוף,verbs,5.05
682,étroit,רחב,adjectives,1.05
683,armée,לגיון,nouns,3.3
684,remplacer,להחזיר,verbs,2.8
685,matrice,מולקולה,nouns,0.3
686,rythme,שיר,nouns,2.15
687,livrer,לקבל,verbs,1.05
688,détériorer,לנגב,verbs,0.2
689,soleil,קרן,nouns,2.35
690,occasion,אגורה,nouns,0.4
691,pacte,הסכם,nouns,5.4
692,médecin,דוקטור,nouns,5.5
693,mur,מבצר,nouns,1.4
694,vexillologie,דגל,nouns,2.2
695,apporter,לשלוח,verbs,1.6
696,sauvegarder,לאסוף,verbs,2.6
697,rire,לגחך,verbs,4.85
698,colonel,רופא,nouns,0.55
699,demander,להתעלם,verbs,0.9
700,chaos,שיעור,nouns,0.25
701,théâtre,סוללה,nouns,0.05
702,porte,כניסה,nouns,2.95
703,ordinaire,משונה,adjectives,1.4
704,tissu,פשתן,nouns,2.7
705,difficile,קל,adjectives,1.4
706,saisir,לספק,verbs,0.5
707,vite,זריז,adjectives,5.15
708,sournois,קשוח,adjectives,0.6
709,feuille,מטוס,nouns,0.05
710,intestin,עצב,nouns,1.05
711,rire,לבכות,verbs,1.4
712,absorber,להחזיק,verbs,0.6
713,mythe,סאטירה,nouns,1.55
714,purgatoire,העולם הבא,nouns,2.4
715,papillon,ורד,nouns,0.6
716,clarifier,להסביר,verbs,4.95
717,décennie,מאה,nouns,2.3
718,syntaxe,מילת מפתח,nouns,1.1
719,tasse,צנצנת,nouns,2.5
720,faucon,עיט,nouns,3.35
721,bulle,קצף,nouns,2.35
722,maïs, דגן,nouns,2.3
723,conduire,לדשדש,verbs,0.5
724,regarder,להתבונן,verbs,5.55
725,népotisme,מלך,nouns,1.7
726,souris,הנהלה,nouns,0.0
727,disque,מטען,nouns,0.75
728,principalement,סופני,adverbs,0.0
729,déchirer,ללבוש,verbs,0.25
730,agressif,מעוקל,adjectives,0.05
731,date,יומן,nouns,2.25
732,bois,נייר,nouns,2.0
733,corridor,פרוזדור,nouns,5.65
734,mettre,לקבל,verbs,0.65
735,entrer,לחוב,verbs,0.15
736,voiture,מונית,nouns,3.35
737,gin,וויסקי,nouns,3.25
738,connu,לאומי,adjectives,1.4
739,mal,איום,adjectives,3.0
740,accepter,להכחיש,verbs,1.05
741,dent,עצם,nouns,2.25
742,réduire,לספוג,verbs,0.3
743,bateau,עץ,nouns,0.75
744,demander,להתפלל,verbs,3.2
745,connu,טוב,adjectives,1.05
746,affreux,רע,adjectives,3.0
747,propre,מבולגן,adjectives,1.2
748,nuage,אגם,nouns,0.8
749,perspicacité,עובדה,nouns,1.6
750,perle,כסף,nouns,1.25
751,injustement,ללא הגיון,adverbs,2.2
752,moulin,זרע,nouns,1.6
753,nuit,שחר,nouns,2.0
754,sentir,לקלקל,verbs,0.15
755,mère,אבא,nouns,2.65
756,rejeter,למנוע,verbs,1.55
757,exactement,נמרצות,adverbs,0.9
758,intelligent,חכם,adjectives,5.05
759,drapeau,מוט,nouns,1.75
760,nouvelle,מאמר מערכת,nouns,2.75
761,ici,עכשיו,adverbs,2.4
762,fâché,שמח,adjectives,1.2
763,justifier,לטעון,verbs,2.1
764,développement,גיוס כספים,nouns,1.35
765,évidemment,באופן מקומי,adverbs,0.25
766,république,דוכס,nouns,0.75
767,canapé,מיטה,nouns,2.85
768,épée,כס,nouns,0.8
769,dense,מטומטם,adjectives,0.15
770,joie,גאווה,nouns,2.6
771,date,תאריך,nouns,2.25
772,scénariste,טלויזיה,nouns,1.5
773,à l'extérieur,בבית,adverbs,1.45
774,accident,חירום,nouns,2.6
775,berceau,מיטה,nouns,3.85
776,veine,זרוע,nouns,1.3
777,vin,ליקר,nouns,2.35
778,fou,שמח,adjectives,1.15
779,être d'accord,לרצות,verbs,1.65
780,innocent,נאיבי,adjectives,5.6
781,immoral,פלילי,adjectives,2.7
782,payer,לטפל,verbs,1.15
783,intelligent,ערמומי,adjectives,2.35
784,donner,להניח,verbs,1.3
785,dissertation,ספר,nouns,1.5
786,environnement,חרב,nouns,0.05
787,fermer,להקיא,verbs,0.1
788,suspect,איש,nouns,1.15
789,évidemment,בוודאי,adverbs,3.55
790,gymnastique,סיוף,nouns,1.9
791,bon,מוכר,adjectives,1.05
792,sale,מדהים,adjectives,0.5
793,petit déjeuner,בייקון,nouns,1.5
794,morale,אגדה,nouns,1.05
795,casser,לסדוק,verbs,3.75
796,atome,פחמן,nouns,2.45
797,gorge,אף,nouns,1.95
798,permettre,לאפשר,verbs,4.9
799,à domicile,הרחק,adverbs,1.45
800,ordinaire,מדהים,adjectives,1.05
801,chenille,תולעת משי,nouns,3.0
802,poète,עיתונאי,nouns,1.7
803,discrètement,בוודאי,adverbs,0.65
804,harmonie,פסנתר,nouns,1.5
805,religion,חילוניות,nouns,1.55
806,maison,שטיח,nouns,1.15
807,muffin,פטרוזיליה,nouns,0.7
808,année,יום הולדת,nouns,2.0
809,gagner,לקצור,verbs,2.85
810,population,אנשים,nouns,3.8
811,cloche,מגדל,nouns,1.3
812,comprendre,לדעת,verbs,2.9
813,lit,ספה,nouns,2.85
814,roi,נסיכה,nouns,2.65
815,conquête,המנון,nouns,0.65
816,atome,מולקולה,nouns,3.3
817,chirurgie,לב,nouns,1.35
818,se dépêcher,למהר,verbs,5.3
819,farine,לחם,nouns,2.05
820,mourir,לקבור,verbs,1.7
821,adulte,תינוק,nouns,1.8
822,étrange,ביזארי,adjectives,5.65
823,créer,להרוס,verbs,1.25
824,échapper,למצוא,verbs,0.7
825,barres,קפיצה,nouns,1.4
826,court,ארוך,adjectives,1.4
827,fermement,מאוד,adverbs,1.0
828,étranger,מתרגם,nouns,1.1
829,capturer,לחקות,verbs,0.4
830,d'habitude,לעיתים נדירות,adverbs,1.7
831,combat,לוחמנות,nouns,3.85
832,guerrier,גבר,nouns,2.05
833,football américain,פוטבול,nouns,3.6
834,programme,מבחן,nouns,1.4
835,instamment,במהירות,adverbs,3.75
836,signe,סמל,nouns,5.1
837,muscle,זרוע,nouns,2.0
838,jeu,פעילות,nouns,2.85
839,fastidieux,מוגן,adjectives,0.3
840,tennis,סטטיסטיקה,nouns,0.35
841,mélanger,לבחוש,verbs,5.05
842,coupable,כן,adjectives,0.9
843,sauce,תפוח,nouns,1.1
844,tête,כתף,nouns,2.05
845,agriculture,צמח,nouns,1.7
846,plafond,רצפה,nouns,1.65
847,procureur,עורך דין,nouns,2.75
848,tranchant,קהה,adjectives,0.85
849,boire,לגדל,verbs,0.05
850,cuillère,מיץ,nouns,0.75
851,vitamine,ברזל,nouns,2.2
852,iris,אצטילכולין,nouns,nan
853,radar,ג'ויסטיק,nouns,0.2
854,contrarier,לעצבן,verbs,5.25
855,monarchie,דמוקרטיה,nouns,2.15
856,deux fois,תמיד,adverbs,1.2
857,aube,לילה,nouns,2.0
858,pacifiquement,בהרס,adverbs,0.7
859,frère,אב,nouns,2.15
860,sang,וירוס,nouns,1.6
861,chauve-souris,ערפד,nouns,2.9
862,boeuf,בשר,nouns,3.05
863,activement,בשמחה,adverbs,0.55
864,lit,מרפאה,nouns,1.3
865,sûr,מעיק,adjectives,0.3
866,repas,סעודה,nouns,4.9
867,collecter,לסדר,verbs,1.85
868,supposer,לחזות,verbs,3.5
869,astuce,אמבטיה,nouns,0.0
870,statue,פסל,nouns,4.65
871,concrètement,לאחרונה,adverbs,0.25
872,organiser,לאסוף,verbs,1.85
873,appareil photo,עדשה,nouns,2.2
874,curseur,שבבים,nouns,0.25
875,rare,אקזוטי,adjectives,4.65
876,reconnaître,להסכים,verbs,4.7
877,jeu,טריק,nouns,1.95
878,attraper,לשחרר,verbs,0.7
879,zéro,אינסוף,nouns,1.7
880,porte,נוכחות,nouns,0.3
881,triste,נורא,adjectives,2.1
882,milk-shake,מיץ,nouns,2.3
883,exiger,לגעור,verbs,1.45
884,suffixe,מוספית,nouns,3.55
885,moniteur,מסך,nouns,4.8
886,avalanche,שלג,nouns,2.3
887,carbone,אטום,nouns,2.45
888,batterie,תיאטרון,nouns,0.05
889,venir,להגיע,verbs,5.05
890,chapitre,זנב,nouns,0.2
891,limite,תחום,nouns,4.95
892,câble,תיל,nouns,4.0
893,grossièrement,בוודאי,adverbs,0.85
894,bouche,שיניים,nouns,2.3
895,permettre,לתת,verbs,2.1
896,photophone,הומופון,nouns,0.75
897,légèrement,בבהירות,adverbs,0.7
898,paresseux,יקר ערך,adjectives,0.1
899,tabouret,כיסא,nouns,3.75
900,distance,פרספקטיבה,nouns,2.45
901,pont,קלף,nouns,0.95
902,lemme,הברה,nouns,1.8
903,haut,תחתית,nouns,1.75
904,grimper,לטייל,verbs,2.15
905,badge,זכוכית,nouns,0.45
906,briser,לרסק,verbs,5.3
907,avoine,שדה,nouns,1.85
908,croiseur,ספינת מלחמה,nouns,5.3
909,acteur,טלויזיה,nouns,1.45
910,courroucé,הססן,adjectives,0.95
911,fourrure,מינק,nouns,3.35
912,bras,רגל,nouns,2.4
913,groupe,ליקר,nouns,0.15
914,emploi,הנהלה,nouns,1.7
915,mètre,יארד,nouns,3.55
916,marque,מועדון,nouns,0.25
917,révision,תחזית,nouns,1.15
918,menu,הזמנה,nouns,1.75
919,régime,תפוח,nouns,1.1
920,alcool,ברנדי,nouns,3.05
921,stupide,טיפשי,adjectives,5.25
922,donner,לשמור,verbs,1.25
923,virus,דם,nouns,1.6
924,ordinaire,קר,adjectives,0.4
925,chèvre,פרה,nouns,2.15
926,rester,לשמור,verbs,1.25
927,moelle,דם,nouns,1.95
928,coton,סוודר,nouns,1.55
929,faute,מערכת,nouns,0.4
930,industrie,עסק,nouns,2.45
931,triste,גאה,adjectives,0.9
932,frigide,שביר,adjectives,0.5
933,fluide,זרבובית,nouns,1.3
934,corps,לבנים,nouns,1.05
935,action,נכס,nouns,3.5
936,croyance,דעה,nouns,4.3
937,jument,סוס,nouns,3.9
938,film,ניהיליזם,nouns,0.3
939,mal,מעולה,adjectives,0.75
940,épouse,אמא,nouns,2.9
941,détendu,רגוע,adjectives,5.1
942,pur,צנוע,adjectives,1.4
943,homophone,פוטופון,nouns,0.75
944,foule,חבורה,nouns,3.85
945,mélanger,לבשל,verbs,1.85
946,pied,יד,nouns,1.9
947,inexactement,בדיוק,adverbs,1.25
948,pousser,למשוך,verbs,1.7
949,constitution,קיסר,nouns,0.9
950,nerf,מעי,nouns,1.05
951,os,שיניים,nouns,2.25
952,tuer,להגן,verbs,1.05
953,étamine,האבקה,nouns,2.15
954,mot,עמוד,nouns,1.75
955,appareil photo,המשך,nouns,0.15
956,fiançailles,טבעת,nouns,2.25
957,suite,מצלמה,nouns,0.15
958,ouvertement,בעוצמה,adverbs,0.9
959,bras,שריר,nouns,2.0
960,impatient,חרד,adjectives,1.9
961,voiture,רחוב,nouns,1.2
962,promenade,מסע,nouns,4.0
963,ananas,טלפון סללורי,nouns,0.0
964,sembler,להפוך,verbs,0.85
965,être d'accord,לחלוק,verbs,1.35
966,prêter,לחוב,verbs,1.35
967,œil,דמעה,nouns,1.65
968,probablement,בהחלט,adverbs,1.45
969,envoyer,ללכת,verbs,0.8
970,fête,מסיכה,nouns,1.4
971,avocat,גלריה,nouns,0.05
972,têtu,טיפש,adjectives,1.4
973,pièce,אמבטיה,nouns,1.4
974,porter,לקרוע,verbs,0.25
975,disparaître,למצוא,verbs,0.7
976,rassembler,לאסוף,verbs,5.45
977,flexible,צנוע,adjectives,0.3
978,congrès,פרלמנט,nouns,4.1
979,communication,חדשות,nouns,3.15
980,port,עטיפה,nouns,1.4
981,trébucher,ליפול,verbs,4.5
982,ce soir,מחר,adverbs,1.55
983,tribunal,צדק,nouns,2.95
984,bébé,מבוגר,nouns,1.8
985,haïr,לתעב,verbs,5.05
986,porte,שער,nouns,4.55
987,campagne,קוף,nouns,0.05
988,confidentiel,גלוי,adjectives,0.9
989,fort,גאה,adjectives,1.05
990,unique,הפוך,adjectives,0.4
991,faux,אמיתי,adjectives,1.35
992,comparer,לנתח,verbs,2.75
993,satisfaire,לבדר,verbs,0.95
994,bouilli,מבושל,adjectives,3.55
995,os,זרוע,nouns,1.75
996,sujet,סיפור,nouns,1.7
997,différemment,באופן מוזר,adverbs,1.0
998,spécial,בעל ערך,adjectives,3.25
999,tour,משחק,nouns,1.95
1000,échouage,חדר,nouns,1.5
1001,hymne,תורה,nouns,0.55
1002,jouer,לריב,verbs,1.55
1003,donner,לגנוב,verbs,1.1
1004,parapsychologie,נוירופסיכולוגיה,nouns,1.95
1005,cabine,טלפון,nouns,1.05
1006,confiant,ודאי,adjectives,5.6
1007,trimestre,סמסטר,nouns,3.3
1008,jour,לילה,nouns,1.7
1009,circonstance,מצב,nouns,4.75
1010,champ,שיבולת שועל,nouns,1.85
1011,paume,אצבע,nouns,1.95
1012,enquêter,לרדוף,verbs,1.5
1013,application,גלקסי,nouns,0.4
1014,illusion,מציאות,nouns,1.65
1015,attacher,לשזור,verbs,3.35
1016,animal de compagnie,חתול,nouns,3.45
1017,brûler,לחנוק,verbs,0.7
1018,hôtel,דירה,nouns,2.1
1019,détruire,ליצור,verbs,1.25
1020,fiablement,בערך,adverbs,0.65
1021,communiquer,להתפלל,verbs,1.15
1022,pardonner,לסלוח,verbs,5.85
1023,vouloir,להשאיל,verbs,0.6
1024,ceinture,לולאה,nouns,1.95
1025,chalet,מחנה,nouns,1.3
1026,soustraire,להפסיד,verbs,2.15
1027,ignorer,לבקש,verbs,0.9
1028,bras,כתף,nouns,2.4
1029,accepter,לסרב,verbs,1.4
1030,chaise,שרפרף,nouns,3.75
1031,histoire,עפרון,nouns,0.5
1032,clairement,בוודאי,adverbs,3.5
1033,auteur,קורא,nouns,1.75
1034,falaise,גבעה,nouns,2.5
1035,crocodile,לטאה,nouns,3.1
1036,bouche,אף,nouns,1.9
1037,force,יכולת,nouns,3.05
1038,opéra,קולנוע,nouns,2.7
1039,structure,טופולוגיה,nouns,3.15
1040,ruelle,רחוב,nouns,4.25
1041,exiger,להתווכח,verbs,1.35
1042,profondément,באופן משמעותי,adverbs,3.05
1043,unir,לחלק,verbs,1.45
1044,bible,המנון,nouns,0.55
1045,chiffre,מספר,nouns,5.2
1046,sûr,חוקי,adjectives,1.5
1047,ordinateur,דיסק,nouns,1.65
1048,préjugé,דעה,nouns,3.45
1049,déguiser,לכסות,verbs,3.05
1050,décennie,עידן,nouns,2.75
1051,emballage,מחסה,nouns,1.4
1052,boîte,כובע,nouns,0.7
1053,découvert,מכוסה,adjectives,1.35
1054,honnêtement,בכנות,adverbs,5.75
1055,roi,נפוטיזם,nouns,1.7
1056,rabbin,שר,nouns,1.25
1057,feuille,נבט,nouns,1.6
1058,fourrure,אישה,nouns,0.45
1059,voler,לקנות,verbs,1.15
1060,adorer,להתפעל,verbs,4.15
1061,créer,לצייר,verbs,2.5
1062,molécule,אוויר,nouns,1.8
1063,lézard,ממשלה,nouns,0.05
1064,canapé,כיסא,nouns,2.9
1065,laisser,לנדוד,verbs,0.95
1066,glace,שלג,nouns,3.55
1067,revenu,מס,nouns,1.65
1068,diable,אל,nouns,2.15
1069,enseigner,להעניש,verbs,0.85
1070,national,גדול,adjectives,0.5
1071,dollar,מיליונר,nouns,1.6
1072,crier,לצרוח,verbs,5.0
1073,os,שריר,nouns,1.65
1074,faible,חזק,adjectives,1.2
1075,écosystème,כלכלה,nouns,1.25
1076,tiroir,בגדים,nouns,1.25
1077,auberge,מוטל,nouns,4.45
1078,rabbin,מורה,nouns,2.05
1079,polyèdre,שחקן,nouns,0.6
1080,rugueux,נוקשה,adjectives,1.0
1081,autobus,מונית,nouns,2.7
1082,taureau,עגל,nouns,2.85
1083,névrose,נפש,nouns,1.45
1084,prendre,לשאת,verbs,1.9
1085,bague,אירוסין,nouns,2.25
1086,lire,להבין,verbs,1.1
1087,feu,אפוקליפסה,nouns,1.35
1088,apprendre,לספוג,verbs,2.2
1089,voiture,גשר,nouns,0.7
1090,pistolet,תותח,nouns,2.85
1091,maire,נשיא,nouns,2.35
1092,bas,פסגה,nouns,1.75
1093,injustement,בהגינות,adverbs,1.3
1094,cheville,עצם,nouns,2.05
1095,sorcier,כבל,nouns,0.15
1096,ciel,שמש,nouns,1.9
1097,détacher,לפצל,verbs,1.8
1098,professeur,חבר,nouns,1.15
1099,mince,רזה,adjectives,5.15
1100,fraternité,גברים,nouns,1.4
1101,mère,רעיה,nouns,2.9
1102,loucher,לבהות,verbs,0.9
1103,mathématicien,הצגה,nouns,0.15
1104,secourir,להציל,verbs,5.75
1105,fille,עוזרת,nouns,0.85
1106,agréable,אכזרי,adjectives,0.95
1107,enterrer,לכסות,verbs,3.0
1108,flexible,אלסטי,adjectives,5.15
1109,dispositif,סיר,nouns,0.55
1110,soigneusement,באופן מסוכן,adverbs,0.85
1111,moine,צלב,nouns,1.55
1112,suspecter,לעצור,verbs,1.2
1113,paisiblement,בגאווה,adverbs,0.55
1114,chapeau,קופסה,nouns,0.7
1115,souris,מיכל,nouns,0.05
1116,taxi,מכונית,nouns,3.35
1117,débuter,החל,verbs,5.65
1118,chaise,ספסל,nouns,3.1
1119,ouvrier,מצלמה,nouns,0.15
1120,précis,שגוי,adjectives,0.75
1121,semis,עלה,nouns,1.6
1122,inhabituel,נדיר,adjectives,4.9
1123,ongle,אגודל,nouns,2.2
1124,chevaucher,לרוץ,verbs,1.25
1125,prédire,לשער,verbs,3.5
1126,gomme,מנטה,nouns,1.1
1127,situation,נסיבות,nouns,4.75
1128,émotion,תשוקה,nouns,3.45
1129,agripper,אחז,verbs,5.25
1130,bizarre,נורמלי,adjectives,1.4
1131,gestion,עכבר,nouns,0.0
1132,tête,ציפורן,nouns,0.95
1133,glace,מים,nouns,3.2
1134,nier,לשקר,verbs,1.95
1135,organiser,לארגן,verbs,4.9
1136,poignet,זרוע,nouns,2.2
1137,scientifique,אחות,nouns,0.95
1138,richesse,עוני,nouns,1.45
1139,jamais,שלילי,adjectives,1.7
1140,manifeste,חבוי,adjectives,0.9
1141,inutile,הכרחי,adjectives,1.4
1142,grand,גדול,adjectives,3.9
1143,timide,יקר,adjectives,0.15
1144,section,צבא,nouns,2.25
1145,dire,לאמת,verbs,0.9
1146,récompense,תשלום,nouns,4.15
1147,article,כתב יד,nouns,2.45
1148,gâcher,להריח,verbs,0.15
1149,bras,ברך,nouns,1.85
1150,poli,ראוי,adjectives,1.6
1151,volley-ball,כדור,nouns,2.1
1152,livre,ספרות,nouns,2.55
1153,boîte,מקור,nouns,0.0
1154,désordonné,נקי,adjectives,1.2
1155,acteur,פאון,nouns,0.6
1156,étoile,אסטרואיד,nouns,2.55
1157,vieux,טרי,adjectives,0.65
1158,coucher de soleil,זריחה,nouns,2.45
1159,mettre,לתת,verbs,1.3
1160,bière,שמפניה,nouns,2.7
1161,sortie,זכות בחירה,nouns,0.3
1162,diviser,לנתק,verbs,1.8
1163,difficile,קל,adjectives,1.3
1164,écouter,ללמוד,verbs,2.0
1165,orage,הוריקן,nouns,3.6
1166,rue,מכונית,nouns,1.2
1167,battre,לנצח,verbs,4.1
1168,dictionnaire,מילה,nouns,2.3
1169,cave,דלת,nouns,1.05
1170,certainement,בוודאי,adverbs,5.8
1171,nature,צמחייה,nouns,3.05
1172,astuce,גודל,nouns,0.0
1173,fureur,כעס,nouns,5.2
1174,dur,קל,adjectives,1.2
1175,plage,ים,nouns,2.9
1176,téléphone,טלפון סלולרי,nouns,5.0
1177,récemment,בזמן האחרון,adverbs,5.7
1178,donner,לקבל,verbs,1.65
1179,lire,לנשוך,verbs,0.0
1180,chalet,ביתן,nouns,3.6
1181,fromage,לחם,nouns,1.65
1182,pluie,ערפל,nouns,2.55
1183,incroyablement,באופן פנטסטי,adverbs,5.5
1184,radiateur,חיישן,nouns,0.9
1185,choix,בחירות,nouns,3.3
1186,intelligent,מטומטם,adjectives,1.25
1187,garder,להשאיל,verbs,1.5
1188,pistolet,מחברת,nouns,0.1
1189,faisable,בלתי אפשרי,adjectives,1.35
1190,bal,תחפושת,nouns,1.15
1191,foule,המון,nouns,5.05
1192,activement,במדוייק,adverbs,0.9
1193,rationaliser,לטעון,verbs,3.4
1194,fenêtre,דלת,nouns,2.05
1195,ampoule,הדגמה,nouns,0.15
1196,généreux,נחמד,adjectives,1.9
1197,maison,מפתח,nouns,1.4
1198,différer,להסכים,verbs,1.25
1199,immédiatement,פעם אחת,adverbs,0.85
1200,calme,ניטרלי,adjectives,1.8
1201,passivement,במרץ,adverbs,1.1
1202,large,טרי,adjectives,0.1
1203,succès,מסגרת,nouns,0.1
1204,chaîne,שקיעה,nouns,0.0
1205,spécialement,באופן משמעותי,adverbs,2.45
1206,partir,לפנות,verbs,1.7
1207,nuage,תחזית,nouns,1.85
1208,champagne,בירה,nouns,2.7
1209,os,צוואר,nouns,1.55
1210,content,כועס,adjectives,1.15
1211,parasite,מדביר,nouns,1.65
1212,vaste,צר,adjectives,1.05
1213,facile,גדול,adjectives,0.55
1214,tambour,קרן,nouns,1.6
1215,chien,סוס,nouns,1.7
1216,attraper,לרדוף,verbs,1.75
1217,saisir,לקרוא,verbs,1.1
1218,garder,להפסיד,verbs,1.1
1219,laisser,לפגוש,verbs,0.7
1220,nez,גרון,nouns,1.95
1221,neveu,דודה,nouns,1.9
1222,désorganisé,מסודר,verbs,1.35
1223,annoncer,להכריז,verbs,5.15
1224,randonner,לטפס,verbs,2.15
1225,chat,אריה,nouns,2.5
1226,justice,בית דין,nouns,2.95
1227,se fracasser,לרסק,verbs,5.25
1228,centime,גודל,nouns,0.15
1229,pull-over,כותנה,nouns,1.55
1230,émotionnellement,בעצב,adverbs,1.65
1231,femme,מזכירה,nouns,1.5
1232,coin,אזור,nouns,1.2
1233,fer,ויטמין,nouns,2.2
1234,manette,רדאר,nouns,0.2
1235,vison,פרווה,nouns,3.35
1236,cockpit,טייס משנה,nouns,1.6
1237,joue,לשון,nouns,1.65
1238,uniforme,חסר צורה,adjectives,0.6
1239,fourrure,אקדח,nouns,0.05
1240,voler,לתת,verbs,1.1
1241,taille,גודל,nouns,4.0
1242,devenir,להראות,verbs,0.85
1243,panier,כדור,nouns,1.15
1244,dîner,ארוחת בוקר,nouns,3.25
1245,diviser,לאחד,verbs,1.45
1246,devoir,להיכנס,verbs,0.15
1247,arme,קסדה,nouns,1.7
1248,effrayé,נרגש,adjectives,1.35
1249,engloutir,לגמוע,verbs,2.65
1250,accident,אסון,nouns,4.5
1251,baignoire,רעיה,nouns,0.1
1252,aggraver,לתקוף,verbs,1.1
1253,vraiment,לחלוטין,adverbs,2.25
1254,couverture,סערה,nouns,0.45
1255,bizarrement,בטבעיות,adverbs,1.2
1256,revêtement,אופניים,nouns,0.3
1257,éroder,לאפשר,verbs,0.2
1258,pesticide,מזיק,nouns,1.65
1259,croître,להתכווץ,verbs,1.45
1260,réprimander,לדרוש,verbs,1.45
1261,poterie,קרמיקה,nouns,4.3
1262,copilote,שוטר,nouns,1.0
1263,pacte,תנאי,nouns,1.85
1264,ongle,ראש,nouns,0.95
1265,barrière,מעקה,nouns,3.95
1266,probablement,ייתכן,adverbs,5.0
1267,anxieux,חושש,adjectives,4.1
1268,persuader,לרדוף,verbs,0.6
1269,droit,לימודים,nouns,1.35
1270,président,זיהום,nouns,0.3
1271,envoyer,להגיע,verbs,0.7
1272,heureux,משוגע,adjectives,1.1
1273,parfaitement,באמת,adverbs,2.25
1274,molécule,אטום,nouns,3.3
1275,démon,מלאך,nouns,1.7
1276,prétendre,להראות,verbs,1.55
1277,fouetter,להכות,verbs,4.55
1278,boîte,תא,nouns,2.45
1279,pont,עכבר,nouns,0.1
1280,pathogène,חיידק,nouns,3.55
1281,appartement,בית,nouns,4.2
1282,improbable,באופן ידידותי,adverbs,0.0
1283,hiver,קיץ,nouns,2.05
1284,fier,עצוב,adjectives,0.9
1285,prêtre,אל,nouns,1.7
1286,cabine,תיבה,nouns,2.45
1287,plafond,קתדרלה,nouns,0.65
1288,principauté,דוכסות,nouns,4.4
1289,frapper,להעניש,verbs,2.4
1290,brut,מכוער,adjectives,1.3
1291,émeute,ציור,nouns,0.25
1292,ballon,כדורעף,nouns,2.1
1293,fenêtre,ענן,nouns,0.7
1294,patient,פגישה,nouns,0.65
1295,coeur,ניתוח,nouns,1.35
1296,héros,גיבורה,nouns,4.15
1297,concrètement,באופן אידיאלי,adverbs,1.4
1298,extraterrestre,זר,nouns,2.85
1299,moine,כומר,nouns,4.3
1300,symbole,סימן,nouns,5.1
1301,couvrir,להסוות,verbs,3.05
1302,eau,קרח,nouns,3.2
1303,collecte de fonds,פיתוח,nouns,1.35
1304,nihilisme,סרט,nouns,0.3
1305,docteur,רופא,nouns,5.5
1306,basket,מדליה,nouns,0.75
1307,attacher,לאחד,verbs,3.55
1308,fierté,שמחה,nouns,2.6
1309,dire,לבטא,verbs,4.8
1310,préchauffage,חימום מחדש,nouns,3.15
1311,obtenir,להשאיר,verbs,0.55
1312,nécessaire,מיותר,adjectives,1.4
1313,arbre,עלה,nouns,2.0
1314,extraverti,נחמד,adjectives,2.4
1315,certainement,בברור,adverbs,3.5
1316,manquer,לפגוע,verbs,1.6
1317,bonheur,מזל,nouns,1.85
1318,rigide,קל,adjectives,0.6
1319,information,ספר,nouns,1.8
1320,code,סמל,nouns,2.9
1321,illustration,שלפוחית,nouns,0.15
1322,créateur,יוצר,nouns,5.15
1323,tâche,עבודה,nouns,4.25
1324,citron,תה,nouns,1.25
1325,chœur,כנסייה,nouns,2.1
1326,médecin,פרופסור,nouns,2.95
1327,important,זעיר,adjectives,1.15
1328,réveiller,לנחור,verbs,1.15
1329,action,משחק,nouns,2.85
1330,commencer,להפסיק,verbs,1.3
1331,construire,להרוס,verbs,1.45
1332,rassembler,להגיע,verbs,1.2
1333,bouillir,לטגן,verbs,2.35
1334,capturer,לתפוס,verbs,5.5
1335,terrasse,קומה,nouns,2.4
1336,rencontrer,לשחות,verbs,0.35
1337,août,חודש,nouns,2.8
1338,sans abri,מיליונר,nouns,1.2
1339,débattre,להתווכח,verbs,1.95
1340,découvrir,לנבוע,verbs,0.55
1341,officiellement,חשוב,adverbs,0.8
1342,clé,מנעול,nouns,2.1
1343,passivement,בשקט,adverbs,1.55
1344,frère,אחות,nouns,3.0
1345,apparaître,לעזוב,verbs,0.4
1346,assistant,מורה,nouns,2.05
1347,artiste,יצירה,nouns,2.0
1348,construire,ליצור,verbs,4.55
1349,tuyau,גינה,nouns,1.15
1350,sculpture,אנדרטה,nouns,4.65
1351,sournois,פיקח,adjectives,2.35
1352,cuillère,כוס,nouns,1.7
1353,présence,דלת,nouns,0.3
1354,nager,להיפגש,verbs,0.35
1355,offenser,להטריד,verbs,2.25
1356,garçon,שותף,nouns,1.6
1357,significativement,במיוחד,adverbs,2.45
1358,normalement,באופן שגרתי,adverbs,3.75
1359,jupe,שעון,nouns,0.6
1360,étrange,רגיל,adjectives,1.3
1361,portable,טלפון,nouns,5.0
1362,psychologie,מדע,nouns,2.25
1363,adulte,ילדותי,adjectives,1.2
1364,intelligent,מטומטם,adjectives,1.35
1365,mécanique,חשמלי,adjectives,1.9
1366,chrétien,פרוטסטנט,nouns,3.25
1367,érable,אלון,nouns,2.75
1368,bleu,אדום,adjectives,1.9
1369,tempête,שלג,nouns,2.5
1370,liqueur,יין,nouns,2.35
1371,montre,חצאית,nouns,0.6
1372,secouer,לאסוף,verbs,0.25
1373,strictement,לגמרי,adverbs,2.5
1374,privé,אישי,adjectives,5.25
1375,souvent,לעיתים רחוקות,adverbs,1.4
1376,maternelle,גן חובה,nouns,3.0
1377,cuisiner,לאבד,verbs,0.05
1378,frais,תשלום,nouns,3.25
1379,paresseux,עסוק,adjectives,0.85
1380,incroyablement,בחוזקה,adverbs,1.0
1381,victime,טלפון,nouns,0.25
1382,prier,לבקש,verbs,3.2
1383,dessiner,ליצור,verbs,2.5
1384,stupide,אינטליגנטי,adjectives,1.3
1385,circoncision,עורלה,nouns,2.0
1386,réchauffage,חימום מראש,nouns,3.15
1387,soleil couchant,חוט,nouns,0.0
1388,cou,עצם,nouns,1.55
1389,gouverneur,קיסר,nouns,3.65
1390,poursuivre,לחקור,verbs,1.5
1391,marrant,עצוב,adjectives,1.1
1392,fête,אנשים,nouns,1.35
1393,retenir,להישאר,verbs,1.25
1394,bruyamment,בעדינות,adverbs,0.85
1395,tomber,להיפצע,verbs,1.55
1396,hélium,אוויר,nouns,2.3
1397,obtenir,לשים,verbs,0.65
1398,récemment,באופן מציאותי,adverbs,0.25
1399,tête,אף,nouns,2.05
1400,émotion,מצב רוח,nouns,3.5
1401,coucher de soleil,שולחן,nouns,0.0
1402,canonnière,חוף,nouns,0.8
1403,artificiel,מזוייף,adjectives,4.1
1404,mer,נהר,nouns,2.5
1405,innocent,חופשי,adjectives,0.95
1406,honteux,בר מזל,adjectives,0.45
1407,corruption,הונאה,nouns,3.6
1408,approuver,להרשות,verbs,4.15
1409,météo,ענן,nouns,1.85
1410,propre,ללא רבב,adjectives,4.8
1411,beauté,סונטה,nouns,0.6
1412,sagesse,אינטליגנציה,nouns,4.7
1413,pièce,תא,nouns,3.35
1414,sol,דלת,nouns,0.85
1415,fenêtre,גג,nouns,1.5
1416,renoncer,לנשל,verbs,2.65
1417,contraire,ייחודי,adjectives,0.4
1418,planète,ירח,nouns,2.25
1419,irriter,להרגיז,verbs,5.25
1420,battre,להצליף,verbs,4.55
1421,arriver,להתרחש,verbs,5.4
1422,idéalement,באופן מציאותי,adverbs,1.4
1423,rouge,כחול,adjectives,1.9
1424,syllabe,למה,nouns,1.8
1425,vendre,ללכת,verbs,0.25
1426,bonbon,קינמון,nouns,1.35
1427,faire,להפסיק,verbs,1.05
1428,musée,מינט,nouns,0.2
1429,se produire,לקרות,verbs,5.4
1430,blé,דגנים,nouns,3.55
1431,formule,יומן,nouns,1.1
1432,impossible,אפשרי,adjectives,1.35
1433,pièce,בניין,nouns,1.5
1434,pomme,ממתק,nouns,1.5
1435,cocktail,אלכוהול,nouns,3.1
1436,rétrécir,להיעלם,verbs,1.8
1437,cube,צעצוע,nouns,1.95
1438,errer,לחפש,verbs,1.7
1439,athlète,אצן,nouns,3.05
1440,polyester,כותנה,nouns,1.95
1441,arrêter,לחשוד,verbs,1.2
1442,neige,סערה,nouns,2.5
1443,allée,אולם,nouns,1.4
1444,fuir,לברוח,verbs,5.5
1445,combattre,לשחק,verbs,1.55
1446,belligérance,קרב,nouns,3.85
1447,pierre,עץ,nouns,1.3
1448,oncle,דודה,nouns,3.55
1449,repas,סעודה,nouns,5.35
1450,plonger,ליצור,verbs,0.2
1451,main,רגל,nouns,1.9
1452,rétrécir,לצמוח,verbs,1.45
1453,condensateur,דיודה,nouns,1.9
1454,factorisation,פירוק,nouns,3.65
1455,avocat,בנקאי,nouns,1.5
1456,fêter,להפתיע,verbs,1.15
1457,yaourt,בקר,nouns,0.65
1458,taxi,אוטובוס,nouns,2.7
1459,énorme,מטומטם,adjectives,0.75
1460,biologiste,מיקרוסקופ,nouns,1.6
1461,logique,אינטליגנציה,nouns,3.3
1462,estomac,וריד,nouns,1.05
1463,sang,גוף,nouns,1.75
1464,bras,עצם,nouns,1.75
1465,observer,להסתכל,verbs,5.55
1466,symbole,קוד,nouns,2.9
1467,week-end,שבוע,nouns,2.35
1468,pistolet,שחר,nouns,0.05
1469,large,צר,adjectives,1.4
1470,princesse,אי,nouns,0.55
1471,rivière,ים,nouns,2.5
1472,cardigan,חולצה,nouns,2.5
1473,sauver,להרוס,verbs,0.9
1474,imaginer,להתחזות,verbs,1.3
1475,posséder,לשמור,verbs,2.95
1476,chêne,מייפל,nouns,2.75
1477,frère,בן,nouns,2.4
1478,os,מרפק,nouns,2.05
1479,pouce,ציפורן,nouns,2.2
1480,porte-monnaie,תיק,nouns,2.7
1481,neige,מפולת שלגים,nouns,2.3
1482,poignée,חלבון,nouns,0.1
1483,fleur,סבולת,nouns,0.2
1484,armée,צי,nouns,3.65
1485,oublier,לדעת,verbs,1.3
1486,détruire,להרוג,verbs,2.5
1487,attacher,להפריד,verbs,1.25
1488,soigneusement,בזהירות,adverbs,3.5
1489,fraternité,דלת,nouns,0.0
1490,énorme,זעיר,adjectives,1.35
1491,vélo,עור,nouns,0.3
1492,différemment,סופית,adverbs,0.1
1493,venir,להביא,verbs,0.7
1494,rester,לצעוד,verbs,1.95
1495,texte,ספר,nouns,3.3
1496,chaise,מיטה,nouns,1.65
1497,téléphone,תא,nouns,1.05
1498,laisser,לקחת,verbs,1.0
1499,genou,עצם,nouns,2.1
1500,détruire,להציל,verbs,0.9
1501,boussole,פיל,nouns,0.0
1502,vallée,נהר,nouns,1.7
1503,ronfler,להתעורר,verbs,1.15
1504,étouffer,לשרוף,verbs,0.7
1505,autruche,פרדס,nouns,0.15
1506,nerveux,בטוח,adjectives,0.3
1507,briller,לזרוח,verbs,4.9
1508,fracasser,לנתץ,verbs,5.3
1509,branche,זרוע,nouns,2.25
1510,taille,סנט,nouns,0.15
1511,donner,להרשות,verbs,2.1
1512,se ruer,להזדרז,verbs,5.3
1513,marine,צבא,nouns,3.65
1514,liberté,צנזורה,nouns,1.4
1515,rappeler,לשכוח,verbs,1.25
1516,svelte,צר,adjectives,2.85
1517,univers,שמיים,nouns,2.5
1518,cerise,תות,nouns,2.4
1519,choix,כלא,nouns,0.5
1520,tresser,לקשור,verbs,3.35
1521,fourmi,דבורה,nouns,1.95
1522,bouton,בגדים,nouns,1.75
1523,abaisser,להקטין,verbs,4.25
1524,alcool,ויסקי,nouns,2.85
1525,dépression,עמק,nouns,0.6
1526,abeille,מלכה,nouns,1.65
1527,assister,לעזור,verbs,5.75
1528,condition,סיטואציה,nouns,5.1
1529,restaurer,להחליף,verbs,2.8
1530,programme,אוכל,nouns,0.8
1531,jeune,שמח,adjectives,0.7
1532,surprendre,לחגוג,verbs,1.15
1533,bois,שמיכה,nouns,0.3
1534,mort,אסון,nouns,2.45
1535,apprendre,לאמוד,verbs,0.95
1536,côte,ספינת תותחים,nouns,0.8
1537,viscosité,התזה,nouns,0.55
1538,professeur,דוקטור,nouns,2.95
1539,oublier,לשמור,verbs,1.2
1540,précisément,במדוייק,adverbs,5.3
1541,manteau,כובע,nouns,1.75
1542,météo,שלג,nouns,1.55
1543,bétail,כבש,nouns,3.3
1544,bateau,מנוע,nouns,1.55
1545,ressentir,להאמין,verbs,2.1
1546,couverture,עץ,nouns,0.3
1547,lézard,נחש,nouns,2.55
1548,libre,תמים,adjectives,0.95
1549,météo,גל,nouns,0.75
1550,sociobiologie,מוטציה,nouns,0.65
1551,manager,מנהיג,nouns,3.9
1552,énerver,לנחש,verbs,0.2
1553,menthe,מוזיאון,nouns,0.2
1554,recueillir,לנער,verbs,0.25
1555,centime,מציאה,nouns,0.4
1556,masque,מסיבה,nouns,1.4
1557,entendre,לדבר,verbs,1.45
1558,longévité,פרח,nouns,0.2
1559,plage,חוף,nouns,4.55
1560,créer,לצלול,verbs,0.2
1561,frire,להרתיח,verbs,2.35
1562,candidature,מועמד,nouns,2.6
1563,crèche,גן טרום חובה,nouns,3.0
1564,pluie,סופת שלגים,nouns,2.35
1565,joindre,לרכוש,verbs,0.75
1566,neutre,רגוע,adjectives,1.8
1567,pont,מכונית,nouns,0.7
1568,difficile,צפוף,adjectives,1.2
1569,principalement,אנושות,adverbs,0.15
1570,rejoindre,לעזוב,verbs,1.6
1571,télescope,כיסא,nouns,0.35
1572,laid,גס,adjectives,1.3
1573,téléphone,קורבן,nouns,0.25
1574,accuser,לשקר,verbs,0.9
1575,boire,לערבב,verbs,0.85
1576,vallée,דיכאון,nouns,0.6
1577,microscope,ביולוג,nouns,1.6
1578,whisky,שמפניה,nouns,2.8
1579,compilateur,פונקציה,nouns,1.9
1580,obéir,להעניש,verbs,1.2
1581,apprendre,להקשיב,verbs,2.0
1582,vacances,לוח שנה,nouns,1.9
1583,péninsule,אי,nouns,3.0
1584,dire,להשתתף,verbs,1.25
1585,objectif,מנצח,nouns,1.15
1586,chanteur,שחקן,nouns,2.25
1587,couverture,מיטה,nouns,1.9
1588,porte,מרתף,nouns,1.05
1589,malin,אינטליגנטי,adjectives,5.05
1590,éblouir,לפזול,verbs,0.9
1591,offre,תרומה,nouns,3.35
1592,difficulté,מאמץ,nouns,3.2
1593,tristement,נורא,adverbs,0.85
1594,fille,נער,nouns,2.55
1595,intelligence,תבונה,nouns,4.7
1596,portail,דלת,nouns,4.55
1597,rejeter,לבחור,verbs,0.65
1598,emprunter,לשמור,verbs,1.5
1599,livre,טקסט,nouns,3.3
1600,comprendre,להקשיב,verbs,2.25
1601,compter,להיכשל,verbs,0.4
1602,équation,נוסחה,nouns,4.5
1603,définition,מילון,nouns,2.3
1604,sérieux,מצחיק,adjectives,1.3
1605,singe,קמפיין,nouns,0.05
1606,animal,אדם,nouns,1.45
1607,stupide,עקשן,adjectives,1.4
1608,désarroi,היסטריה,nouns,1.75
1609,truite,גיטרה,nouns,0.1
1610,corps,בטן,nouns,2.4
1611,vin,ברנדי,nouns,3.0
1612,pomme,רוטב,nouns,1.1
1613,divertir,לרצות,verbs,0.95
1614,casque,נשק,nouns,1.7
1615,globe,עולם,nouns,4.3
1616,multiplier,לחלק,verbs,2.0
1617,jurer,להבטיח,verbs,5.2
1618,merveilleux,מעולה,adjectives,4.85
1619,télescope,סיעור מוחות,nouns,0.05
1620,fou,מטורף,adjectives,5.35
1621,veine,בטן,nouns,1.05
1622,sérieusement,בכנות,adverbs,1.5
1623,emprunter,לתת,verbs,2.45
1624,richesse,תהילה,nouns,2.1
1625,vitesse,משרה,nouns,0.3
1626,mètre,אינץ',nouns,2.6
1627,thérapie,ביהביוריזם,nouns,1.8
1628,médecin,מזג,nouns,0.0
1629,falaise,זנב,nouns,0.05
1630,privé,ציבורי,adjectives,1.5
1631,stressé,נינוח,adjectives,1.4
1632,incurvé,עקום,adjectives,5.25
1633,marginalement,בערך,adverbs,1.1
1634,mot,ספרות,nouns,1.9
1635,essayer,להצליח,verbs,2.0
1636,permettre,ללכת,verbs,0.25
1637,mari,גבר,nouns,3.5
1638,irrégulièrement,לרוב,adverbs,1.15
1639,étain,אלומיניום,nouns,2.25
1640,sandwich,בשר,nouns,1.5
1641,saluer,להופיע,verbs,0.4
1642,penser,לברר,verbs,1.2
1643,apporter,להגיע,verbs,0.7
1644,modeste,ענו,adjectives,5.9
1645,couvrir,לקבור,verbs,3.0
1646,fissurer,לשבור,verbs,3.75
1647,homme,דוד,nouns,2.05
1648,croyance,ערך,nouns,2.6
1649,estomac,מותן,nouns,0.55
1650,communication,טלויזיה,nouns,2.3
1651,entrée,מעבר,nouns,1.4
1652,toit,תקרה,nouns,4.1
1653,lapin,חתול,nouns,1.6
1654,germe,פתוגן,nouns,3.55
1655,essayer,לחשוב,verbs,0.4
1656,important,הכרחי,adjectives,4.0
1657,clé,בית,nouns,1.4
1658,pouce,יד,nouns,2.4
1659,cognac,אלכוהול,nouns,3.05
1660,vraiment,חשוב,adverbs,1.35
1661,abdomen,בטן,nouns,4.8
1662,terrible,עצוב,adjectives,2.1
1663,compagnon,חבר,nouns,5.6
1664,fatigué,רעב,adjectives,1.5
1665,se battre,להרוג,verbs,1.55
1666,trouver,לרכוש,verbs,2.05
1667,marteau,שיניים,nouns,0.0
1668,sérieusement,בחשיבות,adverbs,2.45
1669,sol,גג,nouns,1.65
1670,pluie,ברד,nouns,3.2
1671,laïc,דת,nouns,1.55
1672,ballon,אנשים,nouns,0.1
1673,boucle,חגורה,nouns,1.95
1674,nuit,פרק,nouns,0.15
1675,estime,כבוד,nouns,4.3
1676,criminel,עבריין,nouns,5.3
1677,rencontrer,לעזוב,verbs,0.7
1678,se plaindre,להביא,verbs,0.1
1679,sophistiqué,בוגר,adjectives,1.25
1680,chercher,לשוטט,verbs,1.7
1681,pousser,להאשים,verbs,0.4
1682,immature,בוגר,adjectives,1.2
1683,théâtre,סרט,nouns,2.15
1684,siroter,לבלוע,verbs,2.65
1685,moteur,מכונה,nouns,2.85
1686,marrant,רציני,adjectives,1.3
1687,prestige,עושר,nouns,2.6
1688,chasser,לחפש,verbs,2.0
1689,verre,תג,nouns,0.45
1690,télévision,שחקן,nouns,1.45
1691,porte,פעמון,nouns,1.7
1692,chance,שמחה,nouns,1.85
1693,parfois,בוודאי,adverbs,0.7
1694,honneur,הערכה,nouns,4.3
1695,récolter,להרוויח,verbs,2.85
1696,vieux,מעורבב,adjectives,0.05
1697,nier,לקבל,verbs,1.05
1698,catastrophe,מוות,nouns,2.45
1699,façon,אופן,nouns,5.2
1700,circumnavigation,מטען,nouns,0.6
1701,croyance,תפיסה,nouns,3.45
1702,svelte,צנום,adjectives,5.15
1703,génie,מנורה,nouns,1.4
1704,explorer,להתעלם,verbs,0.55
1705,silencieusement,באופן פסיבי,adverbs,1.55
1706,triste,מצחיק,adjectives,1.1
1707,os,ברך,nouns,2.1
1708,idéalement,מכנית,adverbs,0.3
1709,os,קרסול,nouns,2.05
1710,combattre,לנשוך,verbs,1.5
1711,viande,בייקון,nouns,2.9
1712,doigt,יד,nouns,1.95
1713,tuer,לחנוק,verbs,3.0
1714,lit,חדר שינה,nouns,2.25
1715,frites,סמן,nouns,0.25
1716,trouver,לאתר,verbs,4.65
1717,critique,טיעון,nouns,2.2
1718,simplement,לכאורה,adverbs,1.15
1719,incroyable,רגיל,adjectives,1.05
1720,canapé,בייסבול,nouns,0.15
1721,collecte de fonds,ארוע,nouns,1.5
1722,uniformément,לפעמים,adverbs,0.6
1723,voiture,כביש,nouns,1.85
1724,étroit,ארוך,adjectives,1.75
1725,laisser,להופיע,verbs,0.4
1726,envoyer,לקבל,verbs,1.55
1727,conforter,להשפיל,verbs,0.8
1728,groupe,קהל,nouns,3.85
1729,tranchant,חלק,adjectives,1.3
1730,nuit,יום,nouns,1.7
1731,garçon,בן,nouns,4.05
1732,apprécier,לבדר,verbs,1.35
1733,banc,כיסא,nouns,3.1
1734,bouger,להתפתל,verbs,1.0
1735,vendre,להזכיר,verbs,0.2
1736,devoir,להלוות,verbs,1.35
1737,altitude,המרה,nouns,0.65
1738,porte,חלון,nouns,2.05
1739,alliage,פלדה,nouns,3.05
1740,agréable,נדיב,adjectives,1.9
1741,menthe,מסטיק,nouns,1.1
1742,modeste,גמיש,adjectives,0.3
1743,ronger,ללבוש,verbs,0.4
1744,liberté,נווה מדבר,nouns,0.45
1745,corps,זרוע,nouns,1.95
1746,urgence,תאונה,nouns,2.6
1747,évaluer,ללמוד,verbs,0.95
1748,église,מקהלה,nouns,2.1
1749,bon,מנומס,adjectives,1.6
1750,soleil,תפוח,nouns,0.3
1751,accepter,למסור,verbs,1.05
1752,église,קתדרלה,nouns,4.45
1753,fiction,ביוגרפיה,nouns,1.55
1754,honteux,צנוע,adjectives,1.5
1755,enseignant,עוזר,nouns,2.05
1756,pouffer,לצחוק,verbs,4.85
1757,serviteur,עבד,nouns,4.4
1758,appareil photo,עובד,nouns,0.15
1759,agité,צעיר,adjectives,0.8
1760,camion,מכונית,nouns,3.1
1761,localiser,למצוא,verbs,4.65
1762,nain,זעיר,adjectives,4.75
1763,bacon,ארוחה,nouns,1.5
1764,rejoindre,להשתתף,verbs,2.9
1765,traducteur,זר,nouns,1.1
1766,style,אופנה,nouns,4.0
1767,démon,מפלצת,nouns,4.8
1768,vainqueur,מועמד,nouns,1.9
1769,faire grève,לפספס,verbs,1.6
1770,ruelle,קערה,nouns,0.0
1771,mentir,להעמיד פנים,verbs,3.6
1772,salaire,כסף,nouns,4.05
1773,veine,בחירה,nouns,0.25
1774,grandement,רשמית,adverbs,0.8
1775,cheville,מרפק,nouns,2.4
1776,jouet,קובייה,nouns,1.95
1777,porte,אחווה,nouns,0.0
1778,perdre,לקבל,verbs,1.1
1779,bonne,נערה,nouns,0.85
1780,accepter,להמליץ,verbs,1.05
1781,furieux,מעולה,adjectives,0.85
1782,lard,בשר,nouns,2.9
1783,dirigeant,מלך,nouns,4.6
1784,vêtement,מעיל,nouns,2.75
1785,maladie,סכנה,nouns,1.3
1786,habit,מגירה,nouns,1.25
1787,responsablement,באופן עצמאי,adverbs,1.45
1788,abeille,נמלה,nouns,1.95
1789,gagner,להשיג,verbs,1.7
1790,carré,מפה,nouns,0.85
1791,faire,לקרות,verbs,1.55
1792,vendre,להשאיל,verbs,1.3
1793,indice,מילה,nouns,1.15
1794,influencer,להטות,verbs,3.35
1795,nez,פה,nouns,1.9
1796,astéroïde,כוכב,nouns,2.55
1797,mature,מתוחכם,adjectives,1.25
1798,ange,שד,nouns,1.7
1799,canon,רובה,nouns,2.85
1800,paix,חייל,nouns,1.1
1801,femme,רעיה,nouns,4.75
1802,médaille,מאמנים,nouns,0.75
1803,sel,מים,nouns,1.2
1804,plaider,לרצות,verbs,0.45
1805,génial,נפלא,adjectives,4.85
1806,porte,מטבח,nouns,0.9
1807,épisode,תקופה,nouns,3.95
1808,chapitre,לילה,nouns,0.15
1809,bateau,עוגן,nouns,1.75
1810,dé,קובייה,nouns,4.55
1811,différent,נורמלי,adjectives,1.35
1812,clavier,אור,nouns,0.1
1813,frais,רחב,adjectives,0.1
1814,généralement,באופן לא סדיר,adverbs,1.15
1815,attaque,בליץ,nouns,3.1
1816,populaire,מוכר,adjectives,4.85
1817,heureusement,נמרצות,adverbs,0.55
1818,surtout,לעומק,adverbs,1.05
1819,acétylcholine,איריס,nouns,nan
1820,accord,חור,nouns,0.0
1821,hématologie,פתולוגיה,nouns,2.45
1822,exprimer,לומר,verbs,4.8
1823,veau,שור,nouns,2.85
1824,dieu,טרף,nouns,0.1
1825,prouver,להתווכח,verbs,2.15
1826,aller,לשלוח,verbs,0.8
1827,jeans,אישה,nouns,0.35
1828,sincèrement,ברצינות,adverbs,1.5
1829,base,חומצה,nouns,1.75
1830,voler,לחטוף,verbs,3.05
1831,nuage,סערה,nouns,2.15
1832,persuader,להתווכח,verbs,1.3
1833,naïf,תמים,adjectives,5.6
1834,être d'accord,לקבל,verbs,3.45
1835,télévision,תסריטאי,nouns,1.5
1836,richesse,יוקרה,nouns,2.6
1837,frigide,מחוספס,adjectives,1.0
1838,ordinaire,בור,adjectives,0.5
1839,chapelle,צריח,nouns,2.35
1840,terne,מלהיב,adjectives,0.75
1841,dent,פטיש,nouns,0.0
1842,modeste,מתבייש,adjectives,1.5
1843,chapitre,פרק,nouns,3.95
1844,alcool,יין,nouns,2.9
1845,sûr,ודאי,adjectives,5.5
1846,subtilement,ברוגע,adverbs,2.15
1847,schéma,רעיון,nouns,2.5
1848,agrume,תפוז,nouns,3.75
1849,siècle,ליקר,nouns,0.05
1850,corde,כבל,nouns,4.0
1851,significativement,לעומק,adverbs,3.05
1852,tapis,בית,nouns,1.15
1853,chemin,מנהרה,nouns,1.8
1854,persévérance,חוזק,nouns,3.1
1855,terne,חד,adjectives,0.85
1856,flexible,רפוי,adjectives,1.45
1857,ballon,סל,nouns,1.15
1858,calmement,בעדינות,adverbs,2.15
1859,tisser,לנוע,verbs,1.0
1860,pièce,מיטה,nouns,1.0
1861,corps,עצב,nouns,1.3
1862,hostilité,תוקפנות,nouns,4.05
1863,effrayé,עצבני,adjectives,1.35
1864,lune,פלנטה,nouns,2.25
1865,incertain,מפוחד,adjectives,1.25
1866,empereur,מושל,nouns,3.65
1867,fils,אבא,nouns,2.35
1868,dense,קשה,adjectives,1.2
1869,maison,מדינה,nouns,0.7
1870,ouvrier,מעסיק,nouns,1.8
1871,soupe,סעודה,nouns,2.5
1872,présence,מנצח,nouns,0.25
1873,jambe,זרוע,nouns,2.4
1874,élève,סטודנט,nouns,5.45
1875,bébé,בת,nouns,2.9
1876,cours,בטן,nouns,0.1
1877,couler,להיסחף,verbs,2.75
1878,grossièrement,באופן אמין,adverbs,0.65
1879,chambre à coucher,אופניים,nouns,0.2
1880,pointeur,שקופית,nouns,0.3
1881,nécessaire,חשוב,adjectives,4.0
1882,ami,מורה,nouns,1.15
1883,parent,אבא,nouns,4.1
1884,calmement,בנחישות,adverbs,0.65
1885,balustrade,גדר,nouns,3.95
1886,officier,סגן,nouns,2.3
1887,frère,ילד,nouns,2.65
1888,paille,המנון,nouns,0.1
1889,certain,בטוח,adjectives,5.5
1890,eau,הכתרה,nouns,0.3
1891,accepter,לדחות,verbs,1.8
1892,formule,משוואה,nouns,4.5
1893,heureusement,נורא,adverbs,0.45
1894,taille,קיבה,nouns,0.55
1895,crier,לצחוק,verbs,1.4
1896,personne,דולר,nouns,0.1
1897,autrefois,מיידית,adverbs,0.85
1898,marcher,לעמוד,verbs,1.95
1899,balle,כפפה,nouns,1.2
1900,arithmétique,קצב,nouns,0.2
1901,voiture,מד,nouns,0.75
1902,violette,פרח,nouns,3.05
1903,chambre,בטן,nouns,0.1
1904,nuage,ערפל,nouns,2.9
1905,type,חתיך,nouns,1.8
1906,reconnaître,להודיע,verbs,1.35
1907,voiture,צינור,nouns,0.35
1908,public,פרטי,adjectives,1.5
1909,provenir,לגלות,verbs,0.55
1910,renier,להזניח,verbs,1.45
1911,permettre,להפריך,verbs,0.35
1912,enseignant,רב,nouns,2.05
1913,ajouter,לבנות,verbs,1.9
1914,s'écraser,להתנגש,verbs,3.85
1915,lycée,מקצוע,nouns,1.2
1916,alcool,בירה,nouns,2.95
1917,eau,בצורת,nouns,1.35
1918,gratte-ciel,ארמון,nouns,1.85
1919,trouver,לחפש,verbs,2.1
1920,guitare,תוף,nouns,2.35
1921,aller,לאפשר,verbs,0.25
1922,cible,חץ,nouns,2.05
1923,état,בית,nouns,0.7
1924,petit déjeuner,ארוחת ערב,nouns,3.25
1925,impôt,הכנסה,nouns,1.65
1926,biologie,אנטומיה,nouns,3.2
1927,neige,תחזית,nouns,1.55
1928,échouer,להצליח,verbs,1.4
1929,danger,מחלה,nouns,1.3
1930,savoir,להבין,verbs,2.9
1931,herbe,להב,nouns,0.35
1932,hymne,כבוש,nouns,0.65
1933,neige,קרח,nouns,3.55
1934,admettre,להכחיש,verbs,1.3
1935,négativement,באופן לא טבעי,adverbs,1.2
1936,empereur,חוקה,nouns,0.9
1937,pardonner,לקבל,verbs,1.8
1938,fils,אח,nouns,2.4
1939,force,סבולת,nouns,3.1
1940,plage,אי,nouns,1.95
1941,protéger,להציל,verbs,3.1
1942,bras,וריד,nouns,1.3
1943,ministre,רב,nouns,1.25
1944,éventuellement,באופטימיות,adverbs,0.85
1945,posséder,לקחת,verbs,2.3
1946,bureau,עובד,nouns,1.05
1947,femme,סנט,nouns,0.05
1948,calibre,מטרייה,nouns,0.35
1949,misère,ייאוש,nouns,3.35
1950,clocher,קפלה,nouns,2.35
1951,sincèrement,לרוב,adverbs,0.25
1952,chaotiquement,בשלווה,adverbs,0.7
1953,membre,רגל,nouns,3.3
1954,accord,חוזה,nouns,5.4
1955,soldat,ילד,nouns,1.35
1956,dentiste,קולונל,nouns,0.55
1957,disparaître,להתכווץ,verbs,1.8
1958,voiture,צופר,nouns,1.6
1959,article,ספר,nouns,2.4
1960,cheval,סוסה,nouns,3.9
1961,décliner,לסרב,verbs,5.45
1962,mouiller,להקטין,verbs,0.3
1963,cube,קוביית משחק,nouns,4.55
1964,science,פסיכולוגיה,nouns,2.25
1965,rare,מטומטם,adjectives,0.25
1966,chapitre,בחירה,nouns,0.5
1967,vulnérable,חסר אונים,adjectives,3.35
1968,acier,סגסוגת,nouns,3.05
1969,carte,כיכר,nouns,0.85
1970,délicatement,כרגע,adverbs,0.15
1971,croix,נזיר,nouns,1.55
1972,costume,כדור,nouns,1.15
1973,câble,קוסם,nouns,0.15
1974,justifier,לאמת,verbs,2.65
1975,créateur,מחבר,nouns,4.5
1976,rejeter,לקבל,verbs,1.8
1977,batterie,גיטרה,nouns,2.35
1978,long,צר,adjectives,1.75
1979,poursuivre,לשכנע,verbs,0.6
1980,opinion,אמונה,nouns,4.3
1981,chat,עכבר,nouns,1.85
1982,excuser,למחול,verbs,5.85
1983,insensé,משוגע,adjectives,5.35
1984,réunir,לאגד,verbs,5.45
1985,inflexion,זיהום,nouns,0.2
1986,parler,לאשר,verbs,0.65
1987,pomme de terre,חמאה,nouns,1.35
1988,magnitude,עומק,nouns,1.85
1989,petit,ננסי,adjectives,4.75
1990,banal,רגיל,adjectives,5.7
1991,confiserie,תפוח,nouns,1.5
1992,mot-clé,תחביר,nouns,1.1
1993,mettre,לתלות,verbs,1.05
1994,légal,מותר,adjectives,4.6
1995,guitare,פורל,nouns,0.1
1996,nord,דרום,nouns,2.05
1997,pauvre,בודד,adjectives,1.25
1998,lit,חדר,nouns,1.0
1999,sûrement,ברור,adverbs,3.55
2000,blitz,מתקפה,nouns,3.1
2001,sucre,דבש,nouns,2.4
2002,oiseau,תרנגולת,nouns,2.55
2003,sphère,כדור,nouns,2.8
2004,feuille,עץ,nouns,2.0
2005,meuble,דירה,nouns,1.5
2006,muscle,עצם,nouns,1.65
2007,chat,חיית מחמד,nouns,3.45
2008,voiture,מכונית,nouns,5.95
2009,grossièrement,באופן שולי,adverbs,1.1
2010,duc,רפובליקה,nouns,0.75
2011,gros,ענק,adjectives,3.9
2012,être diplômé,לסיים,verbs,2.4
2013,système,אשמה,nouns,0.4
2014,tour,פעמון,nouns,1.3
2015,musique,חליל,nouns,2.05
2016,policier,פוליטיקאי,nouns,1.15
2017,imprimer,להתעלם,verbs,0.2
2018,armée,יחידה,nouns,2.25
2019,tragédie,מוות,nouns,2.85
2020,défendre,לשמור,verbs,4.85
2021,lion,חתול,nouns,2.5
2022,caractère,דוקטור,nouns,0.0
2023,théorie,היפותזה,nouns,5.0
2024,bol,סמטה,nouns,0.0
2025,partenaire,בחור,nouns,1.6
2026,droit,מעוקל,adjectives,1.3
2027,doux,אלים,adjectives,1.0
2028,femme,גבר,nouns,2.2
2029,mentir,להכחיש,verbs,1.95
2030,désordonné,מסודר,adjectives,1.5
2031,inclure,לדעת,verbs,1.25
2032,élection,בחירה,nouns,3.3
2033,étouffer,לנשום,verbs,1.5
2034,délicieux,נפלא,adjectives,3.55
2035,calme,נינוח,adjectives,5.1
2036,événement,התרמה,nouns,1.5
2037,cuirassé,אוניית קרב,nouns,5.3
2038,queue,קערה,nouns,0.05
2039,chanter,לצחוק,verbs,1.3
2040,ouest,צפון,nouns,2.2
2041,trouver,לברוח,verbs,0.7
2042,hésitant,זועם,adjectives,0.95
2043,déranger,לפגוע,verbs,2.25
2044,facile,קשה,adjectives,1.2
2045,galaxie,אפליקציה,nouns,0.4
2046,dîner,מרק,nouns,2.5
2047,fleur,שיח,nouns,2.6
2048,verger,יען,nouns,0.15
2049,musulman,בישוף,nouns,1.45
2050,avocat,פרקליט,nouns,4.4
2051,zone,שטח,nouns,4.3
2052,boue,לכלוך,nouns,2.9
2053,été,חורף,nouns,2.05
2054,normal,שונה,adjectives,1.35
2055,lac,ענן,nouns,0.8
2056,complètement,אך ורק,adverbs,2.5
2057,épée,סביבה,nouns,0.05
2058,frais de scolarité,מלגה,nouns,1.8
2059,cinéma,אופרה,nouns,2.7
2060,parfois,בקביעות,adverbs,2.1
2061,gros,רחב,adjectives,2.9
2062,pathologie,המטולוגיה,nouns,2.45
2063,nécessiter,לסדר,verbs,0.35
2064,proclamer,להודיע,verbs,5.15
2065,rayon,שמש,nouns,2.35
2066,approximativement,בקלות,adverbs,0.4
2067,football,כדורגל,nouns,3.6
2068,informer,להבריק,verbs,0.1
2069,arriver,לבוא,verbs,5.05
2070,rester,לעזוב,verbs,1.35
2071,bien,חריף,adjectives,0.6
2072,bois,אבן,nouns,1.3
2073,jus,תפוח,nouns,1.8
2074,tacot,טקסי,nouns,5.1
2075,œil,גבה,nouns,1.85
2076,intelligence,היגיון,nouns,3.3
2077,simple,קשה,adjectives,1.3
2078,attroupement,קהל,nouns,5.05
2079,peut-être,כנראה,adverbs,4.6
2080,fragile,נוקשה,adjectives,0.5
2081,cellule,חדר,nouns,3.35
2082,poule,ציפור,nouns,2.55
2083,ami,אורח,nouns,2.5
2084,garder,להחזיק,verbs,2.95
2085,traiter,לשלם,verbs,1.15
2086,souris,חתול,nouns,1.85
2087,genou,זרוע,nouns,1.85
2088,gagnant,נוכחות,nouns,0.25
2089,avec optimisme,ייתכן,adverbs,0.85
2090,constitution,סנט,nouns,1.7
2091,initialement,באופן יצירתי,adverbs,0.5
2092,salle de bain,מטבח,nouns,2.0
2093,vol,תעופה,nouns,2.85
2094,sembler,להתחזות,verbs,1.55
2095,estomac,קורס,nouns,0.1
2096,interdire,לעצור,verbs,2.25
2097,jauge,מכונית,nouns,0.75
2098,officiellement,בחוזקה,adverbs,0.2
2099,bon marché,מלוכלך,adjectives,0.55
2100,organiser,לצרוך,verbs,0.35
2101,mélanger,לצרף,verbs,4.7
2102,chambre à coucher,מיטה,nouns,2.25
2103,remuer,לערבב,verbs,5.05
2104,pistolet,אנשים,nouns,0.5
2105,alphabet,עט,nouns,0.95
2106,mélodie,קצב,nouns,3.75
2107,parapluie,תנור חימום,nouns,0.8
2108,biographie,בדיה,nouns,1.55
2109,source,קופסה,nouns,0.0
2110,fièrement,בשלווה,adverbs,0.55
2111,accomplir,לנצח,verbs,1.7
2112,alcool,קוקטייל,nouns,3.1
2113,graine,חרדל,nouns,2.05
2114,satisfaire,להבין,verbs,0.5
2115,politicien,שוטר,nouns,1.15
2116,exiger,לברר,verbs,1.0
2117,sécheresse,מים,nouns,1.35
2118,promouvoir,להתקדם,verbs,2.35
2119,ivre,פיכח,adjectives,1.4
2120,matin,יום,nouns,2.6
2121,faire,להרוס,verbs,1.2
2122,amical,לא סביר,adverbs,0.0
2123,mur,לבנה,nouns,1.95
2124,légende,מוסר,nouns,1.05
2125,salle de bain,חדר שינה,nouns,1.85
2126,criminalité,תקיפה,nouns,2.5
2127,gorge,לשון,nouns,1.75
2128,intelligence,בורות,nouns,1.55
2129,facile,קשה,adjectives,1.4
2130,tâche,קש,nouns,0.0
2131,courir,לרכב,verbs,1.25
2132,gens,מסיבה,nouns,1.35
2133,gosse,בן,nouns,4.1
2134,mer,חוף,nouns,2.9
2135,action,דרך,nouns,2.3
2136,diviser,לכפול,verbs,2.0
2137,laisser,להגיע,verbs,0.65
2138,table,שקיעה,nouns,0.0
2139,couvert,חשוף,adjectives,1.35
2140,salle de cours,פרוזדור,nouns,1.0
2141,chiffon,בגדים,nouns,2.3
2142,négatif,לעולם לא,adjectives,1.7
2143,gagnant,מטרה,nouns,1.15
2144,littérature,מילה,nouns,1.9
2145,énorme,גדול,adjectives,4.8
2146,blesser,לתקוף,verbs,2.75
2147,homme,ילד,nouns,2.25
2148,saleté,בוץ,nouns,2.9
2149,flotter,לשיר,verbs,0.3
2150,foule,מצעד,nouns,2.2
2151,épaule,ראש,nouns,2.05
2152,bateau,סיפון,nouns,1.7
2153,tringle,וילון,nouns,1.9
2154,nier,להודות,verbs,1.3
2155,siffler,לעצור,verbs,0.35
2156,supplier,להשאיל,verbs,0.55
2157,volcan,מגמה,nouns,2.05
2158,pain,קמח,nouns,2.05
2159,force,עוצמה,nouns,5.15
2160,rincer,לרחוץ,verbs,5.05
2161,opinion,נטייה,nouns,3.45
2162,avion,שדה תעופה,nouns,2.05
2163,rêve,שמיים,nouns,0.8
2164,intime,אישי,adjectives,5.2
2165,gens,אקדח,nouns,0.5
2166,normalement,באופן חריג,adverbs,1.2
2167,absence,נוכחות,nouns,1.6
2168,lutter,לעקל,verbs,0.5
2169,indépendamment,באופן אחראי,adverbs,1.45
2170,comportementalisme,טיפול,nouns,1.8
2171,permis,חוקי,adjectives,4.6
2172,musique,מנגינה,nouns,4.35
2173,évident,בולט,adjectives,3.35
2174,brin,פתיל,nouns,4.05
2175,pécheur,קדוש,nouns,1.3
2176,côte,חוף ים,nouns,4.55
2177,apocalypse,שריפה,nouns,1.35
2178,voiture,אופניים,nouns,2.0
2179,semestre,תקופה,nouns,3.3
2180,emprunter,להתחנן,verbs,0.55
2181,avocat,תובע,nouns,2.75
2182,colère,זעם,nouns,5.2
2183,esprit,נוירוזה,nouns,1.45
2184,partir,להיפרד,verbs,2.3
2185,affaire,חברה,nouns,3.45
2186,apparemment,פשוט,adverbs,1.15
2187,vaste,גדול,adjectives,2.9
2188,allée,פרוזדור,nouns,4.15
2189,danse,שמלה,nouns,0.8
2190,diode,קבל,nouns,1.9
2191,cage,סורג,nouns,2.8
2192,apparaître,להפוך,verbs,0.75
2193,anormalement,באופן שלילי,adverbs,1.2
2194,automobile,אוטו,nouns,5.95
2195,paille,משימה,nouns,0.0
2196,tempête,ענן,nouns,2.15
2197,appartement,רהיט,nouns,1.5
2198,livre,נושא,nouns,1.1
2199,attaque,לפגוע,verbs,2.75
2200,surface,פינה,nouns,1.2
2201,apprendre,לשכוח,verbs,1.2
2202,prison,סורג,nouns,2.45
2203,steak,בשר,nouns,4.2
2204,journal,אמבטיה,nouns,0.1
2205,tuer,להילחם,verbs,1.55
2206,langue,גרון,nouns,1.75
2207,mixte,ישן,adjectives,0.05
2208,toit,קומה,nouns,1.65
2209,paragraphe,מכתב,nouns,1.9
2210,criquet,אוהד,nouns,0.65
2211,malhonnête,ישר,adjectives,1.0
2212,ventre,כרס,nouns,4.8
2213,rarement,לעולם לא,adverbs,2.75
2214,centime,רעיה,nouns,0.05
2215,détester,להינות,verbs,1.0
2216,se produire,לעשות,verbs,1.55
2217,fleur,אמונה,nouns,0.0
2218,don,סופר,nouns,0.9
2219,personne,אוכלוסייה,nouns,3.8
2220,évidemment,בערך,adverbs,0.85
2221,pièce,שדה תעופה,nouns,0.2
2222,aluminium,בדיל,nouns,2.25
2223,jus,חלב,nouns,1.9
2224,ordinaire,ממוצע,adjectives,3.4
2225,oublier,להזכיר,verbs,1.25
2226,baseball,כדורסל,nouns,2.65
2227,envoyer,לשגר,verbs,4.55
2228,devenir,לעשות,verbs,0.9
2229,métal,אלומיניום,nouns,2.75
2230,calendrier,חג,nouns,1.9
2231,sable,רגל,nouns,0.55
2232,fâché,אלים,adjectives,1.8
2233,catastrophe,תאונה,nouns,4.5
2234,pauvre,גאה,adjectives,0.4
2235,partenaire,ילד,nouns,1.6
2236,fermement,ברוגע,adverbs,0.65
2237,mordre,לריב,verbs,1.5
2238,jus,כף,nouns,0.75
2239,illégal,חוקי,adjectives,1.15
2240,stupide,פיקח,adjectives,1.2
2241,dessin,מהומה,nouns,0.25
2242,cousin,דוד,nouns,2.95
2243,légal,בטוח,adjectives,1.5
2244,cou,זרוע,nouns,1.65
2245,vomir,לסגור,verbs,0.1
2246,dieu,כומר,nouns,1.7
2247,boîtier,חשמל,nouns,0.85
2248,ancien,מודרני,adjectives,1.4
2249,employeur,עובד,nouns,1.8
2250,dictionnaire,הגדרה,nouns,2.3
2251,sauver,לטבוע,verbs,1.3
2252,pain,גבינה,nouns,1.65
2253,ballon,תותח,nouns,0.95
2254,piano,הרמוניה,nouns,1.5
2255,se renseigner,לחשוב,verbs,1.2
2256,trône,חרב,nouns,0.8
2257,gardien,אמא,nouns,0.9
2258,vérifier,להגיד,verbs,0.9
2259,rare,יוצא דופן,adjectives,4.9
2260,renommée,עושר,nouns,2.1
2261,boeuf,סוס,nouns,2.05
2262,réservoir,מכונית,nouns,1.45
2263,café,פול,nouns,1.05
2264,oncle,גבר,nouns,2.05
2265,emboutir,להתרסק,verbs,3.85
2266,céréale,חיטה,nouns,3.55
2267,maintenant,כאן,adverbs,2.4
2268,steak,עוף,nouns,2.2
2269,radiateur,מטרייה,nouns,0.8
2270,blizzard,גשם,nouns,2.35
2271,bulbe,פרח,nouns,2.35
2272,jamais,לאחר מכן,adverbs,1.35
2273,honnêtement,לעולם לא,adverbs,0.05
2274,représenter,להחליט,verbs,0.95
2275,annoncer,להצהיר,verbs,5.0
2276,tempête,שמיכה,nouns,0.45
2277,ignorance,אינטליגנציה,nouns,1.55
2278,prépuce,ברית מילה,nouns,2.0
2279,corps,גב,nouns,1.95
2280,hanche,שפה,nouns,1.25
2281,différer,לטעון,verbs,1.95
2282,terne,מצחיק,adjectives,0.7
2283,démocratie,מלוכה,nouns,2.15
2284,vallée,קניון,nouns,4.1
2285,bain,חדר,nouns,1.4
2286,éviter,לדחות,verbs,1.55
2287,faux,מלאכותי,adjectives,4.1
2288,précieux,מיוחד,adjectives,3.25
2289,vague,מזג אוויר,nouns,0.75
2290,éléphant,דינוזאור,nouns,1.4
2291,historien,היסטוריוגרף,nouns,3.7
2292,tableau,רשימה,nouns,3.0
2293,vulnérable,נוח,adjectives,0.6
2294,vache,עז,nouns,2.15
2295,arrêter,להזהיר,verbs,1.15
2296,lentille,מצלמה,nouns,2.2
2297,au-delà,גיהנום,nouns,2.4
2298,attraper,ללכוד,verbs,5.5
2299,plaisir,כדורגל,nouns,0.75
2300,soir,דמדומים,nouns,3.95
2301,verrou,מפתח,nouns,2.1
2302,hurler,לצעוק,verbs,5.0
2303,agressif,חצוף,adjectives,1.7
2304,haricot,אורז,nouns,1.85
2305,habit,כפתור,nouns,1.75
2306,étoile,בהירות,nouns,1.35
2307,philosophe,מרוץ,nouns,0.15
2308,avion,מסוק,nouns,3.05
2309,moyen,רגיל,adjectives,3.4
2310,essuyer,להתדרדר,verbs,0.2
2311,courbe,זווית,nouns,2.65
2312,paragraphe,עמוד,nouns,2.4
2313,paire,זוג,nouns,5.7
2314,capitaine,מלח,nouns,3.8
2315,négliger,לנשל,verbs,1.45
2316,histoire,שיר,nouns,2.1
2317,bagage,הקפת כדור הארץ,nouns,0.6
2318,certain,עצבני,adjectives,0.3
2319,salade,דיאטה,nouns,1.55
2320,pouce,מטר,nouns,2.5
2321,inquiéter,לבזבז,verbs,0.25
2322,commencer,ללכת,verbs,0.8
2323,honneur,סמל,nouns,1.6
2324,jambe,גף,nouns,3.3
2325,confondre,ללמוד,verbs,0.8
2326,échouer,לדכא,verbs,1.25
2327,satisfaire,להסכים,verbs,1.65
2328,créer,לבנות,verbs,4.55
2329,mer,שפך,nouns,1.9
2330,monstre,שד,nouns,4.8
2331,verser,לטפטף,verbs,2.0
2332,lit,שמיכה,nouns,1.9
2333,engrais,צמיחה,nouns,1.7
2334,avant,אחרי,adverbs,1.45
2335,curieusement,אחרת,adverbs,1.0
2336,tâche,כביש,nouns,0.05
2337,être d'accord,להתווכח,verbs,1.25
2338,mot,מילון,nouns,2.3
2339,parlement,קונגרס,nouns,4.1
2340,infection,נטייה,nouns,0.2
2341,sobre,שיכור,adjectives,1.4
2342,doux,חד,adjectives,1.15
2343,lisse,חד,adjectives,1.3
2344,spectacle,מתמטיקאי,nouns,0.15
2345,page,פסקה,nouns,2.4
2346,papier peint,רקע,nouns,3.3
2347,couvent,מקלחת,nouns,0.1
2348,mode,סגנון,nouns,4.0
2349,argent,הון,nouns,4.45
2350,vélo,מכונית,nouns,2.0
2351,passionnant,משעמם,adjectives,0.75
2352,riz,שעועית,nouns,1.85
2353,femme,פרווה,nouns,0.45
2354,livrer,לקחת,verbs,0.95
2355,cuisiner,לטגן,verbs,2.75
2356,libérer,ללחוץ,verbs,0.65
2357,bon,רשמי,adjectives,1.0
2358,permettre,לשחוק,verbs,0.2
2359,affaire,תאגיד,nouns,2.8
2360,hymne,קש,nouns,0.1
2361,candidat,מנצח,nouns,1.9
2362,bétail,יוגורט,nouns,0.65
2363,grange,בית,nouns,1.9
2364,actrice,שחקן,nouns,4.1
2365,impuissant,תלותי,adjectives,2.55
2366,paiement,מטבע,nouns,2.5
2367,travail,משימה,nouns,4.25
2368,se plaindre,לטעון,verbs,2.0
2369,beurre,תפוד,nouns,1.35
2370,côté,תחתית,nouns,2.05
2371,château,פסל,nouns,0.55
2372,destruction,בנייה,nouns,1.55
2373,bruyamment,ברכות,adverbs,0.8
2374,stylo,אלפבית,nouns,0.95
2375,incurvé,תוקפני,adjectives,0.05
2376,fourmi,חרק,nouns,2.55
2377,sérieusement,באופן סביל,adverbs,0.85
2378,taille,ארוחה,nouns,0.55
2379,poitrine,גוף,nouns,2.05
2380,raisonnablement,באופן אמין,adverbs,3.35
2381,gestion,משרה,nouns,1.7
2382,participer,להגיד,verbs,1.25
2383,donner,להשאיל,verbs,2.45
2384,recevoir,לתת,verbs,1.65
2385,citron,תפוח,nouns,2.3
2386,mouche,נמלה,nouns,2.55
2387,somme,איחוד,nouns,3.1
2388,pipe,סיגר,nouns,3.05
2389,télévision,תקשורת,nouns,2.3
2390,buisson,פרח,nouns,2.6
2391,hypothèse,תיאוריה,nouns,5.0
2392,terrible,רע,adjectives,3.95
2393,informer,לעדכן,verbs,5.35
2394,condition,ילד,nouns,0.05
2395,entrant,יוצא,adjectives,0.75
2396,cathédrale,כנסייה,nouns,4.45
2397,chasser,לתפוס,verbs,1.75
2398,emprunter,לרצות,verbs,0.6
2399,poulet,סטייק,nouns,2.2
2400,essentiel,הכרחי,adjectives,5.3
2401,cinéma,פופקורן,nouns,1.4
2402,topologie,מבנה,nouns,3.15
2403,savoir,לשכוח,verbs,1.3
2404,duché,נסיכות,nouns,4.4
2405,mousse,דשא,nouns,2.3
2406,laisser,להיכנס,verbs,0.65
2407,flexible,קל,adjectives,1.55
2408,terminer,לסיים לימודים,verbs,2.4
2409,acteur,שחקנית,nouns,4.1
2410,punir,ללמד,verbs,0.85
2411,tasse,כף,nouns,1.7
2412,mot,עיתון,nouns,1.75
2413,soi,ביטחון,nouns,1.25
2414,violent,רך,adjectives,1.0
2415,pomme,לימון,nouns,2.3
2416,long,קצר,adjectives,1.4
2417,concept,אמונה,nouns,3.45
2418,décomposer,להרוס,verbs,3.7
2419,délinquant,פושע,nouns,5.3
2420,estomac,גוף,nouns,2.4
2421,modeste,טהור,adjectives,1.4
2422,langue,לחי,nouns,1.65
2423,île,נסיכה,nouns,0.55
2424,terminer,לתפוס,verbs,0.7
2425,aéroport,מטוס,nouns,2.05
2426,conversion,גובה,nouns,0.65
2427,anthropologie,ארכיאולוגיה,nouns,2.35
2428,informe,מדים,adjectives,0.6
2429,mendier,לבקש,verbs,3.6
2430,garder,לתת,verbs,1.25
2431,nécessaire,חיוני,adjectives,5.3
2432,couteau,אקדח,nouns,2.35
2433,furieux,שמח,adjectives,1.1
2434,obéir,להקשיב,verbs,3.55
2435,sauver,להגן,verbs,3.1
2436,roman,סופר,nouns,1.85
2437,devenir,להופיע,verbs,0.75
2438,attirer,להכות,verbs,1.0
2439,champagne,וויסקי,nouns,2.8
2440,ami,אמא,nouns,1.45
2441,prévenir,לעצור,verbs,1.15
2442,père,בת,nouns,1.8
2443,corps,כתף,nouns,1.9
2444,toit,חלון,nouns,1.5
2445,littérature,ספר,nouns,2.55
2446,canette,בקבוק,nouns,2.65
2447,apeuré,חרד,adjectives,4.1
2448,incroyable,מלוכלך,adjectives,0.5
2449,vinaigre,סלט,nouns,1.45
2450,prier,לתקשר,verbs,1.15
2451,chocolat,פאי,nouns,1.5
2452,s'écraser,לנפץ,verbs,5.25
2453,aigle,בז,nouns,3.35
2454,hélicoptère,מטוס,nouns,3.05
2455,vampire,עטלף,nouns,2.9
2456,chanson,סיפור,nouns,2.1
2457,cuisine,אמבטיה,nouns,2.0
2458,courrier,מהירות,nouns,0.3
2459,fraude,שחיתות,nouns,3.6
2460,faible,חריף,adjectives,0.2
2461,or,אבץ,nouns,2.15
2462,évêque,מוסלמי,nouns,1.45
2463,bras,ענף,nouns,2.25
2464,enterrement,מוות,nouns,2.8
2465,smartphone,אננס,nouns,0.0
2466,femme,משימה,nouns,0.05
2467,demain,הלילה,adverbs,1.55
2468,larme,עין,nouns,1.65
2469,effrayé,לא בטוח,adjectives,1.25
2470,manteau,בגדים,nouns,2.75
2471,chemise,קרדיגן,nouns,2.5
2472,tâche,אי,nouns,0.05
2473,généreusement,באדיבות,adverbs,2.6
2474,ouragan,סערה,nouns,3.6
2475,gros,לאומי,adjectives,0.5
2476,crédit,לווה,nouns,1.75
2477,mort,טרגדיה,nouns,2.85
2478,affaire,תעשייה,nouns,2.45
2479,accident,ספר,nouns,0.3
2480,auteur,יוצר,nouns,4.5
2481,éditorial,חדשות,nouns,2.75
2482,naturellement,באופן לא טבעי,adverbs,1.2
2483,tante,דוד,nouns,3.55
2484,être en désaccord,להסכים,verbs,1.35
2485,expulser,להשאיר,verbs,1.7
2486,stupide,מטומטם,adjectives,5.4
2487,garder,להגן,verbs,4.5
2488,véridique,שקרן,adjectives,1.0
2489,accepter,לאשר,verbs,4.7
2490,éduquer,ללמד,verbs,4.5
2491,père,הורה,nouns,4.1
2492,frère,נשמה,nouns,0.4
2493,hystérie,בלבול,nouns,1.75
2494,yaourt,דבש,nouns,1.25
2495,soulever,לגרור,verbs,1.95
2496,rapide,זריז,adjectives,5.4
2497,deviner,להרגיז,verbs,0.2
2498,collant,רטוב,adjectives,1.5
2499,femme,קש,nouns,0.1
2500,désordonné,מכוער,adjectives,0.8
2501,football,כיף,nouns,0.75
2502,oncle,דודן,nouns,2.95
2503,orange,פרי הדר,nouns,3.75
2504,jus,מילקשייק,nouns,2.3
2505,bras,גוף,nouns,1.95
2506,attendre,להישאר,verbs,2.6
2507,réussir,לנסות,verbs,2.0
2508,participer,להצטרף,verbs,2.9
2509,subtilement,בקול רם,adverbs,0.85
2510,lancer,לשלוח,verbs,4.55
2511,couple,צמד,nouns,5.7
2512,uniforme,קרושה,nouns,0.2
2513,bras,מפרק,nouns,2.2
2514,recevoir,להסכים,verbs,3.05
2515,épaule,גוף,nouns,1.9
2516,marine,אי,nouns,0.85
2517,pollinisation,אבקן,nouns,2.15
2518,mer,צונאמי,nouns,1.7
2519,jet,נוזל,nouns,1.3
2520,ennuyeux,עייף,adjectives,1.3
2521,décourager,לתסכל,verbs,3.15
2522,mosaïque,בזיליקה,nouns,1.45
2523,chanson,בלדה,nouns,4.45
2524,inquiet,עצבני,adjectives,1.9
2525,assister,להתכנס,verbs,1.2
2526,conduire,לעצור,verbs,1.2
2527,attendre,לעזוב,verbs,0.85
2528,grain,מטחנה,nouns,1.6
2529,corps,חזה,nouns,2.05
2530,registre,נוסחה,nouns,1.1
2531,passivement,באופן אמין,adverbs,0.85
2532,respirer,לחנוק,verbs,1.5
2533,localement,בוודאי,adverbs,0.25
2534,nez,ראש,nouns,2.05
2535,viande,סטייק,nouns,4.2
2536,ballade,שיר,nouns,4.45
2537,porte,מסדרון,nouns,1.7
2538,essayer,להשיג,verbs,1.15
2539,aéroport,חלק,nouns,0.2
2540,personnel,פרטי,adjectives,5.25
2541,couloir,כיתה,nouns,1.0
2542,président,ראש,nouns,2.35
2543,légion,צבא,nouns,3.3
2544,puissance,כוח,nouns,5.15
2545,fait,תובנה,nouns,1.6
2546,juger,להאשים,verbs,2.8
2547,examen,סילבוס,nouns,1.4
2548,câble, קפלה,nouns,0.05
2549,assiette,קערה,nouns,2.85
2550,réalisateur,סינמטוגרפיה,nouns,1.8
2551,collecter,לשמור,verbs,2.6
2552,dent,פה,nouns,2.3
2553,homme,בעל,nouns,3.5
2554,président,מצלמה,nouns,0.1
2555,éléphant,מצפן,nouns,0.0
2556,restaurer,להביא,verbs,0.7
2557,sol,סיפון,nouns,2.4
2558,supporter,קריקט,nouns,0.65
2559,doux,חשמלי,adjectives,0.2
2560,récif,חוף,nouns,2.25
2561,suivre,לרדוף,verbs,2.35
2562,vélo,חדר שינה,nouns,0.2
2563,tâche,אישה,nouns,0.05
2564,promettre,להישבע,verbs,5.2
2565,médiocre,טוב,adjectives,1.55
2566,kidnapper,לגנוב,verbs,3.05
2567,bain,תעלול,nouns,0.0
2568,ami,בחור,nouns,2.25
2569,course,סוף שבוע,nouns,0.3
2570,hôpital,מיטה,nouns,1.3
2571,homme,אחוה,nouns,1.4
2572,concours,מטבע,nouns,1.25
2573,divertir,להנות,verbs,1.35
2574,lumière,מקלדת,nouns,0.1
2575,décourager,להיכשל,verbs,1.25
2576,balai,אבק,nouns,1.65
2577,enfant,נערה,nouns,3.6
2578,copain,ידיד,nouns,5.05
2579,reconnaître,לדבר,verbs,0.65
2580,aluminium,מתכת,nouns,2.75
2581,mordre,לקרוא,verbs,0.0
2582,assister,להתווכח,verbs,1.55
2583,brillamment,בקלות,adverbs,0.7
2584,agréable,חברותי,adjectives,2.4
2585,tirer,לדחוף,verbs,1.7
2586,princesse,מלך,nouns,2.65
2587,couloir,דלת,nouns,1.7
2588,base-ball,אחווה,nouns,0.45
2589,laid,מבולגן,adjectives,0.8
2590,hebdomadaire,חודשי,adjectives,2.2
2591,rappeler,למכור,verbs,0.2
2592,course,פילוסוף,nouns,0.15
2593,longévité,רצועה,nouns,0.2
2594,livre,חיבור,nouns,1.5
2595,cannelle,ממתק,nouns,1.35
2596,simple,מורכב,adjectives,1.8
2597,sang,מוח,nouns,1.95
2598,homme,לוחם,nouns,2.05
2599,représenter,להודיע,verbs,1.15
2600,plante,חקלאות,nouns,1.7
2601,manière,דרך,nouns,5.2
2602,mariée,נסיכה,nouns,1.85
2603,campement,ביתן,nouns,1.3
2604,whisky,אלכוהול,nouns,2.85
2605,information,אנטרופיה,nouns,1.7
2606,demander,לעזור,verbs,1.5
2607,chercher,להסתכל,verbs,2.1
2608,honnête,אשם,adjectives,0.9
2609,fortement,רשמית,adverbs,0.2
2610,zinc,זהב,nouns,2.15
2611,imprévu,לא צפוי,adjectives,5.7
2612,étroit,לבן,adjectives,0.05
2613,arrêter,לאסור,verbs,2.25
2614,whisky,יין,nouns,3.25
2615,page,מילה,nouns,1.75
2616,démolir,לרסק,verbs,4.8
2617,aggraver,להטריח,verbs,0.3
2618,route,כביש מהיר,nouns,4.0
2619,enterrer,למות,verbs,1.7
2620,parfois,באופן אחיד,adverbs,0.6
2621,violent,פאסיבי,adjectives,0.65
2622,sourcil,עין,nouns,1.85
2623,idiot,טיפש,adjectives,5.4
2624,éviter,להכחיש,verbs,1.15
2625,stupide,עצום,adjectives,0.75
2626,décourager,לעודד,verbs,1.35
2627,cogitation,טלסקופ,nouns,0.05
2628,heureux,עליז,adjectives,5.2
2629,effrayé,ביישן,adjectives,2.0
2630,garçon,אורז,nouns,0.25
2631,insulter,לפגוע,verbs,4.15
2632,déraisonnablement,באופן לא הוגן,adverbs,2.2
2633,connu,מפורסם,adjectives,4.85
2634,massivement,בפתיחות,adverbs,0.9
2635,régulièrement,לעיתים,adverbs,2.1
2636,chambre à coucher,אמבטיה,nouns,1.85
2637,candidat,מועמדות,nouns,2.6
2638,tomber,למעוד,verbs,4.5
2639,papier,פוסטר,nouns,2.9
2640,anatomie,ביולוגיה,nouns,3.2
2641,entreprise,עסק,nouns,3.45
2642,dieu,שטן,nouns,2.15
2643,recevoir,לקנות,verbs,1.45
2644,mâchoire,עצם,nouns,2.15
2645,fier,מסכן,adjectives,0.4
2646,salade,חומץ,nouns,1.45
2647,galaxie,אסטרונום,nouns,1.7
2648,visa,גלובליזם,nouns,0.95
2649,trouver,לאבד,verbs,0.7
2650,voiture,משאית,nouns,3.1
2651,partir,להצטרף,verbs,1.6
2652,merveilleux,מהנה,adjectives,3.55
2653,occupé,עצלן,adjectives,0.85
2654,pauvreté,עושר,nouns,1.45
2655,clé,כתר,nouns,0.05
2656,élève,נשיא,nouns,0.8
2657,incurvé,ישר,adjectives,1.3
2658,île,חצי אי,nouns,3.0
2659,réalité,הזיה,nouns,1.6
2660,session,מטופל,nouns,0.65
2661,coûteux,ביישן,adjectives,0.15
2662,bacon,שעועית,nouns,1.15
2663,thème,ספר,nouns,1.15
2664,sûrement,לפעמים,adverbs,0.7
2665,intention,רצון,nouns,5.1
2666,miel,מחלבה,nouns,1.25
2667,élastique,גמיש,adjectives,5.15
2668,écouter,לציית,verbs,3.55
2669,blé,תירס,nouns,2.3
2670,livre,סיפור,nouns,2.6
2671,transparent,מצביע,nouns,0.3
2672,bol,צלחת,nouns,2.85
2673,précieux,עצלן,adjectives,0.1
2674,croître,להתרחב,verbs,4.45
2675,courbé,מעוקל,adjectives,5.25
2676,plage,שונית,nouns,2.25
2677,pop-corn,קולנוע,nouns,1.4
2678,outil,עבודה,nouns,0.8
2679,imiter,ללכוד,verbs,0.4
2680,couronne,מפתח,nouns,0.05
2681,école,חוק,nouns,1.35
2682,humblement,בגאווה,adverbs,1.4
2683,sonnette,דלת,nouns,1.7
2684,mal,נורא,adjectives,3.95
2685,valeur,אמונה,nouns,2.6
2686,week-end,מרוץ,nouns,0.3
2687,après,לפני,adverbs,1.45
2688,combiner,לשלב,verbs,4.7
2689,cadre,מכה,nouns,0.1
2690,reine,דבורה,nouns,1.65
2691,frapper,למשוך,verbs,1.0
2692,enfant,מבוגר,nouns,1.9
2693,multiplication,חילוק,nouns,2.4
2694,unir,לקשור,verbs,3.55
2695,joueur,מאמן,nouns,1.95
2696,palais,גורד שחקים,nouns,1.85
2697,escrime,התעמלות,nouns,1.9
2698,os,לסת,nouns,2.15
2699,ancien,חדש,adjectives,1.4
2700,expliquer,להבהיר,verbs,4.95
2701,écouter,להבין,verbs,2.25
2702,coude,קרסול,nouns,2.4
2703,se renseigner,לדרוש,verbs,1.0
2704,génial,רע,adjectives,0.75
2705,principalement,לרוב,adverbs,4.95
2706,surtout,באמת,adverbs,1.35
2707,dune,מדבר,nouns,2.7
2708,groupe,סבולת,nouns,0.2
2709,tuyau,מכונית,nouns,0.35
2710,paiement,תגמול,nouns,4.15
2711,stupide,צפוף,adjectives,0.15
2712,phonologie,מסך,nouns,0.2
2713,rationnel,פיכח,adjectives,1.6
2714,fatigué,משעמם,adjectives,1.3
2715,tombe,קבורה מחדש,nouns,1.9
2716,aider,לבקש,verbs,1.5
2717,mouton,טלה,nouns,4.15
2718,timide,מפוחד,adjectives,2.0
2719,follement,בעצב,adverbs,0.85
2720,saint,חוטא,nouns,1.3
2721,taille,טריק,nouns,0.0
2722,agonie,צער,nouns,2.9
2723,personne,סנט,nouns,0.7
2724,employé,זמר,nouns,0.25
2725,vecteur,מטריצה,nouns,3.15
2726,au fond,לחלוטין,adverbs,1.25
2727,gagner,להביס,verbs,4.1
2728,rythme,מקצב,nouns,5.1
2729,shérif,שוטר,nouns,4.2
2730,bruyant,חצוף,adjectives,1.1
2731,déranger,להחמיר,verbs,0.3
2732,film,תיאטרון,nouns,2.15
2733,poème,מקצב,nouns,2.15
2734,moissonneuse-batteuse,קנה סוכר,nouns,0.55
2735,atmosphère,אוזון,nouns,3.75
2736,sûrement,בהחלט,adverbs,5.8
2737,recevoir,לשלוח,verbs,1.55
2738,sonnet,יופי,nouns,0.6
2739,refuser,לדחות,verbs,5.45
2740,cheval,שור,nouns,2.05
2741,fier,חזק,adjectives,1.05
2742,sacre,מים,nouns,0.3
2743,grossier,תוקפני,adjectives,1.7
2744,légitime,לא חוקי,adjectives,1.15
2745,mouton,בקר,nouns,3.3
2746,profondément,בעיקר,adverbs,1.05
2747,épicé,חלש,adjectives,0.2
2748,boire,ללגום,verbs,4.9
2749,plafond,גג,nouns,4.1
2750,dollar,אנשים,nouns,0.1
2751,formel,ראוי,adjectives,1.0
2752,infirmier,מדען,nouns,0.95
2753,jamais,בכנות,adverbs,0.05
2754,perceptible,ברור,adjectives,3.35
2755,frontière,גבול,nouns,4.95
2756,portable,אקדח,nouns,0.1
2757,fort,חזק,adjectives,5.45
2758,renard,כלב,nouns,2.1
2759,siècle,עשור,nouns,2.3
2760,nécessiteux,חסר ישע,adjectives,2.55
2761,choix,וריד,nouns,0.25
2762,punir,להכות,verbs,2.4
2763,matériel,מקרה,nouns,1.2
2764,céramique,קדרות,nouns,4.3
2765,penser,לנסות,verbs,0.4
2766,pot,מכשיר,nouns,0.55
2767,réalité,אשליה,nouns,1.65
2768,herbe,טחב,nouns,2.3
2769,offenser,להעליב,verbs,4.15
2770,passion,רגש,nouns,3.45
2771,flexible,גדול,adjectives,0.25
2772,colonne vertébrale,צוואר,nouns,2.1
2773,chapelle,כבל,nouns,0.05
2774,oeuvre,אמן,nouns,2.0
2775,témoigner,לשפוט,verbs,1.45
2776,fleur,סיגלית,nouns,3.05
2777,pain,בשר,nouns,1.4
2778,rue,סמטה,nouns,4.25
2779,écouter,לשמוע,verbs,4.25
2780,sobre,רציונלי,adjectives,1.6
2781,étroit,מלוכלך,adjectives,0.1
2782,chagrin,בושה,nouns,1.75
2783,électricité,תיבה,nouns,0.85
2784,commencer,להיווצר,verbs,1.2
2785,usine,מכונית,nouns,1.0
2786,pendre,להניח,verbs,1.05
2787,retenir,לשכוח,verbs,1.2
2788,mec,נערה,nouns,2.55
2789,humble,צנוע,adjectives,5.9
2790,syntagme,מילה,nouns,3.3
2791,prendre,למסור,verbs,0.95
2792,donation,מנחה,nouns,3.35
2793,journée,בוקר,nouns,2.6
2794,monde,גלובוס,nouns,4.3
2795,porter,לשחוק,verbs,0.4
2796,nord,מערב,nouns,2.2
2797,père,בן,nouns,2.15
2798,cytoplasme,ספרה,nouns,0.25
2799,différence,שארית,nouns,2.35
2800,orchestre,להקה,nouns,3.7
2801,voiture,סירה,nouns,1.85
2802,tristesse,שמחה,nouns,1.5
2803,couloir,מעבר,nouns,4.15
2804,pied,חול,nouns,0.55
2805,appareil photo,נשיא,nouns,0.1
2806,haricot,בייקון,nouns,1.15
2807,ascenseur,מכונית,nouns,0.75
2808,tante,אחיין,nouns,1.9
2809,poulet,אורז,nouns,1.25
2810,apporter,להתלונן,verbs,0.1
2811,frustration,כעס,nouns,3.4
2812,convaincre,לנסות,verbs,1.1
2813,terne,משועמם,adjectives,1.65
2814,apporter,להחזיר,verbs,0.7
2815,soldat,שלום,nouns,1.1
2816,appartement,מלון,nouns,2.1
2817,faux,מדוייק,adjectives,0.75
2818,sauver,לבזבז,verbs,0.75
2819,île,משימה,nouns,0.05
2820,étranger,חייזר,nouns,2.85
2821,calmement,בשלווה,adverbs,4.9
2822,bétail,פרה,nouns,4.15
2823,créer,לעשות,verbs,4.5
2824,réduire,להנמיך,verbs,4.25
2825,enjoué,שמח,adjectives,5.1
2826,transporter,להרים,verbs,1.95
2827,dangereusement,בזהירות,adverbs,0.85
2828,élever,לשתות,verbs,0.05
2829,chat,ארנב,nouns,1.6
2830,air,מולקולה,nouns,1.8
2831,permettre,לאשר,verbs,4.15
2832,plus tard,לעולם לא,adverbs,1.35
2833,aptitude,כוח,nouns,3.05
2834,oasis,חופש,nouns,0.45
2835,remarquer,לבקר,verbs,2.7
2836,angle,עקומה,nouns,2.65
2837,cuisine,דלת,nouns,0.9
2838,paille,רעיה,nouns,0.1
2839,homme,אישה,nouns,2.2
2840,coureur,ספורטאי,nouns,3.05
2841,recommander,לקבל,verbs,1.05
2842,couloir,מסדרון,nouns,5.65
2843,décoration,קיר,nouns,1.3
2844,dériver,לזרום,verbs,2.75
2845,liste,מערך,nouns,3.0
2846,écran,מוניטור,nouns,4.8
2847,copain,רע,nouns,5.6
2848,robotique,סימולציה,nouns,1.35
2849,nerf,גוף,nouns,1.3
2850,colline,צוק,nouns,2.5
2851,acteur,זמר,nouns,2.25
2852,pied,ראש,nouns,1.65
2853,errer,לעזוב,verbs,0.95
2854,brandy,יין,nouns,3.0
2855,division,כפל,nouns,2.4
2856,faire,ליצור,verbs,4.5
2857,déjeuner,ארוחת ערב,nouns,2.6
2858,maison,אסם,nouns,1.9
2859,société,עסק,nouns,2.8
2860,dîner,תרנגולת,nouns,1.25
2861,ordonné,מבולגן,adjectives,1.5
2862,fille,תינוקת,nouns,2.9
2863,fracasser,להרוס,verbs,4.8
2864,conspirateur,אסטרטג,nouns,3.4
2865,rapidement,בדחיפות,adverbs,3.75
2866,infini,אפס,nouns,1.7
2867,commencer,התחיל,verbs,5.65
2868,mortellement,באושר,adverbs,0.45
2869,emprunteur,אשראי,nouns,1.75
2870,emprunter,למכור,verbs,1.3
2871,racine,דשא,nouns,1.95
2872,arrière-plan,טפט,nouns,3.3
2873,prendre,להחזיק,verbs,2.3
2874,honteux,עצוב,adjectives,1.2
2875,ordinaire,שגרתי,adjectives,5.7
2876,débattre,לנמק,verbs,3.4
2877,étrange,תמוה,adjectives,5.4
2878,basket,בייסבול,nouns,2.65
2879,chaise,ספה,nouns,2.9
2880,savoir,להבין,verbs,1.25
2881,cours,תמימות דעים,nouns,1.25
2882,entropie,מידע,nouns,1.7
2883,gaspiller,לדאוג,verbs,0.25
2884,dépendre,לסמוך,verbs,3.6
2885,flic,שריף,nouns,4.2
2886,autoroute,מכונית,nouns,1.85
2887,notifier,לתאר,verbs,1.15
2888,jardin,צינור,nouns,1.15
2889,se disputer,להתלונן,verbs,2.0
2890,donner,לנשל,verbs,0.55
2891,écrivain,כישרון,nouns,0.9
2892,marin,חובל,nouns,3.8
2893,doucement,בנחישות,adverbs,0.9
2894,échouer,לסמוך,verbs,0.4
2895,flore,טבע,nouns,3.05
2896,savoir,לתת,verbs,0.3
2897,fantastique,מציאות,nouns,1.6
2898,enseignant,תלמיד,nouns,2.05
2899,chaise,טלסקופ,nouns,0.35
2900,réceptacle,עכבר,nouns,0.05
2901,enthousiasmé,מבוהל,adjectives,1.35
2902,chien,שועל,nouns,2.1
2903,tunnel,שביל,nouns,1.8
