ID,FRA,RUS,PoS,score
1,expulser,освобождать,verbs,1.35
2,gouvernement,ящерица,nouns,0.0
3,gros,крупный,adjectives,4.55
4,viande,хлеб,nouns,1.15
5,sandwich,мясо,nouns,1.3
6,localement,тесно,adverbs,0.25
7,sultan,министерство,nouns,0.5
8,cinquième,первый,adjectives,0.15
9,apparaître,покидать,verbs,0.15
10,politicien,президент,nouns,3.05
11,commencer,прекращать,verbs,0.85
12,tuyau,сад,nouns,0.95
13,prévenir,останавливаться,verbs,0.85
14,solitaire,бедный,adjectives,0.65
15,rivaliser,заканчивать,verbs,0.1
16,corps,нижняя одежда,nouns,1.0
17,ressemblant,похожий,adjectives,5.65
18,contraire,уникальный,adjectives,0.4
19,union,сумма,nouns,2.75
20,couverture,постель,nouns,1.8
21,aimablement,мило,adverbs,4.95
22,disparaître,сжиматься,verbs,1.35
23,donner,знать,verbs,0.5
24,renoncer,отрицать,verbs,3.25
25,télescope,стул,nouns,0.2
26,homme,воин,nouns,1.85
27,différemment,странно,adverbs,1.55
28,obtenir,брать,verbs,2.35
29,semis,лист,nouns,1.15
30,bras,тело,nouns,1.75
31,habit,пуговица,nouns,1.75
32,malhonnête,правдивый,adjectives,0.5
33,événement,сбор пожертвований,nouns,1.1
34,groupe,толпа,nouns,3.75
35,promouvoir,продвигаться,verbs,1.95
36,dieu,жертва,nouns,0.2
37,tâche,пустяк,nouns,0.05
38,brillamment,слегка,adverbs,0.3
39,engloutir,хлебать,verbs,2.4
40,île,задача,nouns,0.05
41,dense,твердый,adjectives,2.4
42,souris,палуба,nouns,0.45
43,élastique,гибкий,adjectives,4.45
44,boire,перемешать,verbs,0.45
45,musulman,епископ,nouns,0.95
46,baignoire,жена,nouns,0.05
47,maladie,инфекция,nouns,3.8
48,heureusement,активно,adverbs,0.3
49,rester,достигать,verbs,0.2
50,chambre à coucher,велосипед,nouns,0.05
51,informe,аморфный,adjectives,3.55
52,incroyable,грязный,adjectives,0.35
53,prendre,завладевать,verbs,2.8
54,objectif,победитель,nouns,0.8
55,confortablement,легко,adverbs,1.7
56,frapper,привлекать,verbs,0.55
57,laisser,входить,verbs,0.2
58,poussière,метла,nouns,1.65
59,éroder,разрешать,verbs,0.15
60,sincèrement,обычно,adverbs,0.25
61,prépuce,обрезание,nouns,2.55
62,secrétaire,женщина,nouns,1.15
63,monsieur,госпожа,nouns,2.55
64,portable,пистолет,nouns,0.1
65,agresser,раздражать,verbs,0.65
66,collecter,сохранять,verbs,2.7
67,posséder,брать,verbs,2.8
68,mélanger,пить,verbs,0.45
69,grand,гибкий,adjectives,0.15
70,employé,вокалист,nouns,0.2
71,fraternité,мужчины,nouns,1.1
72,pièce,здание,nouns,1.2
73,cliquetis,шум,nouns,4.7
74,détacher,раскалывать,verbs,1.55
75,infection,сгибание,nouns,0.15
76,froid,обычный,adjectives,0.2
77,attention,интерес,nouns,4.25
78,porter,разъедать,verbs,0.15
79,plante,сельское хозяйство,nouns,1.35
80,clocher,часовня,nouns,2.0
81,confondre,учить,verbs,0.5
82,sûrement,иногда,adverbs,0.8
83,bourse d'étude,обучение,nouns,1.55
84,président,фотоаппарат,nouns,0.15
85,porte,братство,nouns,0.0
86,défilé,толпа,nouns,2.2
87,pistolet,рассвет,nouns,0.05
88,stupide,сообразительный,adjectives,1.0
89,pacifiquement,хаотично,adverbs,0.6
90,gestion,руководство,nouns,4.75
91,vol,авиация,nouns,2.05
92,apporter,жаловаться,verbs,0.2
93,vulnérable,удобный,adjectives,0.5
94,perceptible,очевидный,adjectives,3.0
95,permettre,идти,verbs,0.3
96,protéine,ручка,nouns,0.1
97,rencontrer,плавать,verbs,0.3
98,réel,фальшивый,adjectives,1.0
99,camion,автомобиль,nouns,2.9
100,débattre,различаться,verbs,0.95
101,ballon,народ,nouns,0.0
102,médiocre,хороший,adjectives,1.3
103,autoroute,задача,nouns,0.15
104,parent,отец,nouns,4.2
105,bol,тарелка,nouns,3.1
106,père,бог,nouns,2.0
107,journal,информация,nouns,2.9
108,bague,помолвка,nouns,1.85
109,flexible,покладистый,adjectives,1.9
110,discrètement,очевидно,adverbs,0.8
111,ampoule,иллюстрация,nouns,0.15
112,déclarer,объявлять,verbs,5.25
113,fermement,внимательно,adverbs,0.95
114,chemin,тоннель,nouns,1.5
115,vitesse,пост,nouns,0.0
116,parfois,когда,adverbs,0.3
117,whisky,джин,nouns,2.5
118,dune,пустыня,nouns,2.7
119,confiance,самость,nouns,2.1
120,violon,инструмент,nouns,2.95
121,section,армия,nouns,2.15
122,mouton,скот,nouns,3.6
123,mettre,получать,verbs,0.4
124,étranger,переводчик,nouns,1.15
125,colère,ярость,nouns,4.9
126,réinhumation,гробница,nouns,1.9
127,reconnaître,уведомлять,verbs,0.9
128,mélodie,ритм,nouns,3.5
129,alcool,группа,nouns,0.3
130,admirer,обожать,verbs,4.1
131,boîte,шляпа,nouns,0.9
132,mettre,вешать,verbs,0.75
133,papier,плакат,nouns,2.7
134,condition,мальчик,nouns,0.05
135,mordre,читать,verbs,0.0
136,mythe,сатира,nouns,1.35
137,pesticide,вредитель,nouns,1.5
138,violent,мягкий,adjectives,0.65
139,penser,пытаться,verbs,0.3
140,pollution,президент,nouns,0.25
141,surtout,глубоко,adverbs,0.55
142,cesser,начинать,verbs,0.85
143,victoire,триумф,nouns,5.2
144,dangereusement,внимательно,adverbs,0.5
145,mixte,комбинированный,adjectives,4.6
146,lèvre,бедро,nouns,0.85
147,bétail,овца,nouns,3.6
148,calendrier,праздник,nouns,1.55
149,vinaigre,салат,nouns,1.2
150,instrument,скрипка,nouns,2.95
151,certain,нервный,adjectives,0.2
152,bon,официальный,adjectives,0.85
153,oasis,свобода,nouns,0.3
154,administration,управление,nouns,4.75
155,intelligent,хитрый,adjectives,1.7
156,secourir,спасать,verbs,5.05
157,taquiner,обижать,verbs,2.3
158,bateau,палуба,nouns,1.6
159,construire,делать,verbs,3.7
160,détruire,спасти,verbs,0.6
161,intelligent,тупой,adjectives,0.8
162,réalité,фантазия,nouns,1.2
163,mélanger,комбинировать,verbs,4.4
164,coupable,честный,adjectives,0.6
165,bientôt,немедленно,adverbs,2.7
166,peuple,шар,nouns,0.0
167,commencer,происходить,verbs,0.65
168,sincèrement,серьезно,adverbs,1.35
169,rabbin,наставник,nouns,1.55
170,corps,рука,nouns,1.75
171,nier,лгать,verbs,1.8
172,fil,пряжа,nouns,3.35
173,paquet,грузовик,nouns,0.25
174,tuer,душить,verbs,2.95
175,stratège,комбинатор,nouns,2.65
176,lire,понимать,verbs,1.0
177,vérifier,говорить,verbs,0.8
178,beauté,возраст,nouns,0.9
179,mordre,драться,verbs,1.25
180,porter,рвать,verbs,0.1
181,normalement,ненормально,adverbs,0.75
182,se disputer,жаловаться,verbs,1.4
183,oublier,напоминать,verbs,0.75
184,brin,нить,nouns,3.35
185,rigide,легкий,adjectives,0.2
186,promenade,путешествие,nouns,4.05
187,gant,мяч,nouns,0.75
188,curieusement,иначе,adverbs,1.55
189,pistolet,сержант,nouns,0.9
190,automobile,машина,nouns,5.85
191,silencieusement,пассивно,adverbs,1.85
192,suspecter,арестовывать,verbs,0.95
193,faire,строить,verbs,3.7
194,farine,хлеб,nouns,1.95
195,chasser,ловить,verbs,1.8
196,voiture,судно,nouns,1.35
197,queue,миска,nouns,0.05
198,nature,флора,nouns,3.35
199,chasser,искать,verbs,1.75
200,notifier,изображать,verbs,0.7
201,voie-rapide,дорога,nouns,4.2
202,cave,дверь,nouns,0.9
203,atome,углерод,nouns,2.35
204,arrêter,предупреждать,verbs,0.85
205,formel,приличный,adjectives,0.85
206,bras,мускул,nouns,1.85
207,calmement,решительно,adverbs,0.75
208,précisément,неаккуратно,adverbs,0.75
209,étoile,планета,nouns,3.05
210,bruyant,грубый,adjectives,1.5
211,ballon,сфера,nouns,2.3
212,sale,дешевый,adjectives,0.15
213,galaxie,астроном,nouns,1.7
214,profondeur,величина,nouns,1.5
215,imiter,захватить,verbs,0.25
216,sphère,мяч,nouns,2.3
217,facilement,грубо,adverbs,0.25
218,accepter,получать,verbs,2.95
219,récit,тема,nouns,1.35
220,échapper,находить,verbs,0.3
221,rapidement,срочно,adverbs,4.0
222,stupide,упрямый,adjectives,1.35
223,musée,mинт,nouns,0.0
224,magnitude,размер,nouns,4.35
225,gagnant,присутствие,nouns,0.3
226,nouveau,свежий,adjectives,3.7
227,donner,получать,verbs,0.8
228,instamment,быстро,adverbs,4.0
229,détruire,создавать,verbs,0.75
230,rire,хихикать,verbs,4.8
231,patient,сессия,nouns,0.25
232,arme,шлем,nouns,1.5
233,éviter,отрицать,verbs,0.65
234,oublier,помнить,verbs,0.8
235,secouer,собирать,verbs,0.15
236,nerveux,испуганный,adjectives,1.6
237,normalement,ежедневно,adverbs,1.95
238,diode,конденсатор,nouns,1.65
239,récipient,платформа,nouns,0.25
240,droit,факультет,nouns,1.25
241,bras,ветка,nouns,1.0
242,bourrasque,ветер,nouns,4.15
243,plaider,угождать,verbs,0.65
244,lycée,профессия,nouns,0.95
245,lit,больница,nouns,1.3
246,fortement,официально,adverbs,0.4
247,porte,подвал,nouns,0.9
248,chenille,шелкопряд,nouns,3.2
249,poitrine,тело,nouns,1.95
250,enseignant,раввин,nouns,1.55
251,humide,липкий,adjectives,1.35
252,faute,система,nouns,0.25
253,pousser,обвинять,verbs,0.2
254,homme,дядя,nouns,2.35
255,maïs,кукуруза,nouns,3.25
256,heureux,рассерженный,adjectives,0.7
257,bain,бревно,nouns,0.0
258,maison,ключ,nouns,1.15
259,extraverti,приходящий,adjectives,0.25
260,médecin,профессор,nouns,2.15
261,formule,уравнение,nouns,3.6
262,tombeur,парень,nouns,1.45
263,théâtre,батарейка,nouns,0.05
264,fantastique,реальность,nouns,1.2
265,officiellement,важно,adverbs,0.75
266,blé,злак,nouns,3.55
267,trône,меч,nouns,0.6
268,paresseux,драгоценный,adjectives,0.1
269,crier,вопить,verbs,5.5
270,dinde,птица,nouns,2.95
271,mal,ужасный,adjectives,3.8
272,sol,палуба,nouns,1.95
273,impression,мнение,nouns,2.85
274,élève,президент,nouns,0.75
275,errer,искать,verbs,1.8
276,ouragan,буря,nouns,4.0
277,spirituel,бестелесный,adjectives,3.75
278,atteindre,пытаться,verbs,1.6
279,action,игра,nouns,2.7
280,télévision,сценарист,nouns,1.35
281,ventre,живот,nouns,5.1
282,lettre,абзац,nouns,1.55
283,concrètement,недавно,adverbs,0.15
284,brut,уродливый,adjectives,1.25
285,musique,мелодия,nouns,4.6
286,hélium,воздух,nouns,2.15
287,pacte,условие,nouns,2.15
288,maladie,опасность,nouns,1.0
289,allée,коридор,nouns,4.0
290,style,элегантность,nouns,4.3
291,aggraver,беспокоить,verbs,0.25
292,centime,народ,nouns,0.05
293,électrique,сладкий,adjectives,0.2
294,champ,овёс,nouns,1.45
295,week-end,гонка,nouns,0.25
296,estomac,курс,nouns,0.2
297,responsablement,независимо,adverbs,0.7
298,hôpital,койка,nouns,1.3
299,recommander,советовать,verbs,5.4
300,trou,жена,nouns,0.1
301,bras,кость,nouns,1.55
302,hystérie,помрачение,nouns,2.1
303,véridique,нечестный,adjectives,0.5
304,tombe,перезахоронения,nouns,1.9
305,astuce,ванна,nouns,0.0
306,coude,кость,nouns,1.65
307,névrose,разум,nouns,0.95
308,paiement,вознаграждение,nouns,3.8
309,type,бабник,nouns,1.45
310,pipe,сигара,nouns,2.6
311,accident,книга,nouns,0.3
312,étoile,астероид,nouns,2.6
313,plonger,создавать,verbs,0.1
314,ami,парень,nouns,2.15
315,disparaître,находить,verbs,0.2
316,mort,бедствие,nouns,2.0
317,partir,отделять,verbs,1.1
318,histoire,карандаш,nouns,0.2
319,différer,спорить,verbs,0.95
320,tapis,дом,nouns,1.05
321,bol,хвост,nouns,0.05
322,douche,монастырь,nouns,0.1
323,hutte,коттедж,nouns,3.95
324,honteux,расстроенный,adjectives,1.1
325,porte,ворота,nouns,4.2
326,homophone,фотофон,nouns,0.35
327,partenaire,парень,nouns,1.75
328,pacifiquement,спокойно,adverbs,4.7
329,fraternité,бейсбол,nouns,0.5
330,centime,жена,nouns,0.05
331,frais,платеж,nouns,3.7
332,ballon,корзина,nouns,1.05
333,vol,преступлениe,nouns,2.5
334,libérer,нажимать,verbs,0.2
335,vouloir,желать,verbs,5.65
336,honnête,виноватый,adjectives,0.6
337,gentiment,щедро,adverbs,2.45
338,bras,шея,nouns,1.35
339,sembler,становиться,verbs,1.4
340,paille,жена,nouns,0.0
341,poulet,стейк,nouns,1.75
342,massivement,открыто,adverbs,0.75
343,généralement,искренне,adverbs,0.25
344,lit,мебель,nouns,2.85
345,cerveau,нерв,nouns,1.6
346,plaisir,футбол,nouns,0.9
347,porte,присутствие,nouns,0.25
348,courroucé,нерешительный,adjectives,0.45
349,négatif,никогда,adjectives,1.8
350,devenir,казаться,verbs,1.22
351,pièce,кровать,nouns,0.9
352,demander,помогать,verbs,0.7
353,câble,шнур,nouns,4.45
354,fenêtre,крыша,nouns,1.35
355,condensateur,диод,nouns,1.65
356,rejoindre,вкладывать,verbs,1.45
357,passionnant,скучный,adjectives,0.35
358,alphabet,ручка,nouns,0.8
359,développer,расти,verbs,3.75
360,approuver,разрешать,verbs,3.2
361,pont,автомобиль,nouns,0.5
362,sol,дверь,nouns,0.65
363,oublier,узнавать,verbs,0.85
364,confiance,настрой,nouns,1.95
365,liberté,цензура,nouns,1.25
366,maison,государство,nouns,0.3
367,astronome,галактика,nouns,1.7
368,catastrophe,смерть,nouns,2.0
369,anxieux,испуганный,adjectives,3.65
370,long,узкий,adjectives,1.0
371,orthodontiste,дантист,nouns,4.8
372,pointeur,слайд,nouns,0.1
373,au fond,вполне,adverbs,1.0
374,créer,разрушать,verbs,0.8
375,apeuré,встревоженный,adjectives,3.65
376,affaire,промышленность,nouns,2.25
377,persil,маффин,nouns,0.4
378,rose,бабочка,nouns,0.65
379,désincarné,духовный,adjectives,3.75
380,papier,картон,nouns,3.45
381,parasite,пестицид,nouns,1.5
382,inclure,знать,verbs,0.8
383,prier,общаться,verbs,0.65
384,dictionnaire,толкование,nouns,2.7
385,vainqueur,человек,nouns,1.1
386,aggraver,нападать,verbs,0.65
387,sortie,избирательное право,nouns,0.3
388,mousse,трава,nouns,2.15
389,aube,ружье,nouns,0.05
390,bon marché,грязный,adjectives,0.15
391,analyser,оценивать,verbs,4.25
392,passion,эмоция,nouns,3.05
393,langue,щека,nouns,1.5
394,ongle,палец,nouns,2.1
395,chef,мэр,nouns,3.05
396,nier,соглашаться,verbs,0.25
397,chasser,следовать,verbs,2.7
398,laisser,подождать,verbs,0.75
399,devenir,организовывать,verbs,0.3
400,apparaître,посещать,verbs,1.3
401,prouver,аргументировать,verbs,3.15
402,supposer,предсказывать,verbs,3.0
403,donner,разрешать,verbs,1.45
404,dire,участвовать,verbs,1.25
405,impatient,беспокойный,adjectives,2.5
406,bon,известный,adjectives,0.75
407,bizarrement,естественно,adverbs,0.8
408,bateau,автомобиль,nouns,1.35
409,petit déjeuner,бекон,nouns,1.2
410,tâche,автострада,nouns,0.15
411,positivement,наверное,adverbs,0.75
412,infraction,нарушение,nouns,4.65
413,sauver,уничтожить,verbs,0.6
414,adjoint,офицер,nouns,2.2
415,entrer,покидать,verbs,0.2
416,ouvertement,массивно,adverbs,0.75
417,nager,встретить,verbs,0.3
418,chiffre,цитоплазма,nouns,0.0
419,bon marché,дешевый,adjectives,5.3
420,négativement,неестественно,adverbs,0.85
421,épouse,мать,nouns,2.6
422,attirer,ударять,verbs,0.55
423,pistolet,мех,nouns,0.1
424,canonnière,берег,nouns,0.3
425,génial,прекрасный,adjectives,5.3
426,oncle,мужчина,nouns,2.35
427,facilement,удобно,adverbs,1.7
428,montagne,выступ,nouns,1.5
429,astéroïde,звезда,nouns,2.6
430,connu,национальный,adjectives,0.85
431,foule,группа,nouns,3.75
432,rencontrer,приветствовать,verbs,2.25
433,corruption,мошенничество,nouns,3.55
434,vélo,спальня,nouns,0.05
435,inflexion,инфекция,nouns,0.15
436,lit,комната,nouns,0.9
437,femme,ванна,nouns,0.05
438,cockpit,штурман,nouns,1.1
439,honteux,виноватый,adjectives,2.75
440,steak,курятина,nouns,1.75
441,évaluer,анализировать,verbs,4.25
442,femme,задача,nouns,0.05
443,pièce,аэропорт,nouns,0.1
444,ignorer,избегать,verbs,3.65
445,chercher,странствовать,verbs,1.8
446,vêtement,ткань,nouns,1.85
447,copilote,полицейский,nouns,0.4
448,fâché,счастливый,adjectives,0.7
449,chalet,домик,nouns,3.95
450,date,календарь,nouns,2.35
451,acétylcholine,ирис,nouns,nan
452,généreusement,любезно,adverbs,2.45
453,rythme,арифметика,nouns,0.2
454,svelte,узкий,adjectives,2.6
455,source,коробка,nouns,0.0
456,commande,меню,nouns,1.65
457,recueillir,встряхивать,verbs,0.15
458,occupé,ленивый,adjectives,0.5
459,jeune,неугомонный,adjectives,1.05
460,bacon,завтрак,nouns,1.2
461,crayon,сказка,nouns,0.2
462,whisky,алкоголь,nouns,2.9
463,jauge,автомобиль,nouns,0.8
464,sang,вирус,nouns,1.45
465,épée,трон,nouns,0.6
466,danger,угроза,nouns,5.25
467,pont,карта,nouns,0.75
468,branche,рука,nouns,1.0
469,savoir,забывать,verbs,0.85
470,impuissant,нуждающийся,adjectives,2.4
471,neige,снежный обвал,nouns,2.25
472,peut-être,скорее всего,adverbs,4.4
473,cheville,окно,nouns,0.0
474,science,психология,nouns,2.25
475,ministère,султан,nouns,0.5
476,microscope,биолог,nouns,1.6
477,vaste,узкий,adjectives,0.6
478,dieu,отец,nouns,2.0
479,rapide,быстрый,adjectives,4.75
480,bateau,дерево,nouns,0.5
481,doigt,ладонь,nouns,1.6
482,bureau,работник,nouns,0.9
483,volcan,магма,nouns,2.1
484,savoir,понимать,verbs,0.8
485,preuve,факт,nouns,3.7
486,base-ball,братство,nouns,0.5
487,chapitre,выбор,nouns,0.7
488,humeur,эмоция,nouns,3.05
489,hymne,завоевание,nouns,0.4
490,personnel,частный,adjectives,4.75
491,flotter,петь,verbs,0.15
492,menu,заказ,nouns,1.65
493,lumière,клавиатура,nouns,0.1
494,sonnet,красота,nouns,0.45
495,viande,говядина,nouns,3.1
496,fastidieux,безопасный,adjectives,0.2
497,probablement,возможно,adverbs,4.4
498,chapelle,шпиль,nouns,2.0
499,emprunter,хотеть,verbs,0.5
500,femme,джинсы,nouns,0.2
501,national,известный,adjectives,0.85
502,cérémonie,праздник,nouns,4.55
503,collant,мокрый,adjectives,1.35
504,oublier,знать,verbs,0.85
505,enterrer,умереть,verbs,1.5
506,flexible,свободный,adjectives,1.0
507,danger,болезнь,nouns,1.0
508,être d'accord,угождать,verbs,1.8
509,théorie,химия,nouns,1.45
510,échouage,шахматы,nouns,1.6
511,parfois,конечно,adverbs,0.8
512,rêve,небо,nouns,0.6
513,connu,популярный,adjectives,4.9
514,rugueux,равнодушный,adjectives,0.2
515,côte,берег,nouns,4.25
516,clé,корона,nouns,0.05
517,harmonie,пианино,nouns,1.25
518,millionnaire,доллар,nouns,1.6
519,uniforme,бесформенный,adjectives,0.5
520,ordinaire,холодный,adjectives,0.2
521,boussole,слон,nouns,0.0
522,fier,бедный,adjectives,0.35
523,cathédrale,потолок,nouns,0.4
524,berceau,кровать,nouns,4.4
525,trou,соглашение,nouns,0.0
526,devenir,завершать,verbs,1.5
527,pont,судно,nouns,1.6
528,organiser,становиться,verbs,0.3
529,estomac,вена,nouns,0.95
530,attentivement,локально,adverbs,0.25
531,pot,прибор,nouns,0.3
532,enjoué,счастливый,adjectives,4.65
533,définir,уточнить,verbs,3.95
534,nombre,цифра,nouns,4.9
535,systématiquement,обычно,adverbs,3.8
536,ciel,солнце,nouns,1.7
537,profondément,в основном,adverbs,0.55
538,fermement,невероятно,adverbs,0.2
539,revêtement,велосипед,nouns,0.2
540,vouloir,занимать,verbs,0.5
541,foie,орган,nouns,2.6
542,tissu,лен,nouns,2.85
543,arrêter,свистеть,verbs,0.25
544,fiction,биография,nouns,1.65
545,marrant,скучный,adjectives,0.3
546,emprunter,продавать,verbs,0.65
547,abordable,недорогой,adjectives,5.3
548,grossier,грубый,adjectives,4.55
549,groupe,износоустойчивость,nouns,0.1
550,pull-over,хлопок,nouns,1.3
551,tuteur,взрослый,nouns,2.15
552,naturellement,неестественно,adverbs,0.8
553,vallée,депрессия,nouns,0.6
554,lac,облако,nouns,0.55
555,assister,помогать,verbs,5.15
556,saut d'obstacles,забор,nouns,1.35
557,modeste,пристыженный,adjectives,0.8
558,sortie,проход,nouns,3.1
559,iris,ацетилхолин,nouns,nan
560,astuce,размер,nouns,0.05
561,triste,смешной,adjectives,0.6
562,président,ученик,nouns,0.75
563,canapé,бейсбол,nouns,0.05
564,goutter,наливать,verbs,0.9
565,examen,учебный план,nouns,1.2
566,sauce,яблоко,nouns,1.25
567,terrible,плохой,adjectives,3.95
568,régime,салат,nouns,1.2
569,désirer,хотеть,verbs,5.65
570,argent,наличные,nouns,3.95
571,haricot,бекон,nouns,0.75
572,éroder,увядать,verbs,0.35
573,dollar,народ,nouns,0.05
574,régime,яблоко,nouns,0.9
575,probablement,возможно,adverbs,4.4
576,robotique,симуляция,nouns,1.2
577,viande,стейк,nouns,4.55
578,bouger,ткать,verbs,0.15
579,toujours,дважды,adverbs,0.8
580,généreusement,никогда,adverbs,0.05
581,gratte-ciel,дворец,nouns,1.45
582,gagnant,чемпион,nouns,5.05
583,sauver,тратить,verbs,0.3
584,sobre,рациональный,adjectives,1.8
585,combattre,играть,verbs,0.75
586,acteur,телевидение,nouns,1.3
587,porte,проем,nouns,3.05
588,biologiste,микроскоп,nouns,1.6
589,personne,цент,nouns,0.05
590,délicatement,теперь,adverbs,0.15
591,certainement,явно,adverbs,3.1
592,singe,кампания,nouns,0.05
593,honnêtement,никогда,adverbs,0.05
594,désordonné,чистый,adjectives,0.75
595,émotion,настроение,nouns,3.05
596,aider,ассистировать,verbs,5.15
597,application,галакси,nouns,0.4
598,anormalement,отрицательно,adverbs,0.85
599,intestin,хладнокровие,nouns,1.65
600,fenêtre,облако,nouns,0.6
601,taille,цент,nouns,0.35
602,attraper,выпускать,verbs,0.25
603,polyèdre,актер,nouns,0.0
604,ouvrier,офис,nouns,0.9
605,chapeau,коробка,nouns,0.9
606,chance,счастье,nouns,2.8
607,chapelle,кабель,nouns,0.05
608,saint,грешник,nouns,1.0
609,humilier,утешать,verbs,0.5
610,jupe,часы,nouns,0.45
611,doucement,твердо,adverbs,0.75
612,passivement,надёжно,adverbs,0.35
613,préjudice,шовинист,nouns,0.9
614,notifier,признавать,verbs,0.9
615,riz,мальчик,nouns,0.05
616,organiser,собирать,verbs,2.0
617,terrasse,пол,nouns,1.95
618,ongle,шляпка,nouns,1.2
619,lit,кроватка,nouns,4.4
620,élève,учащийся,nouns,5.55
621,autruche,плодовый сад,nouns,0.05
622,intuition,чувство,nouns,3.9
623,tempête,туча,nouns,1.65
624,bagage,кругосветное плавание,nouns,1.0
625,capital,деньги,nouns,4.3
626,vendre,продаваться,verbs,0.6
627,nuage,окно,nouns,0.6
628,enseignant,преподаватель,nouns,5.6
629,apparaître,становиться,verbs,1.05
630,arguer,требовать,verbs,1.4
631,éviter,отвергать,verbs,1.8
632,explorer,игнорировать,verbs,0.3
633,génial,выдающийся,adjectives,4.65
634,maison,ковер,nouns,1.05
635,fier,печальный,adjectives,0.7
636,force,выносливость,nouns,3.15
637,facile,трудный,adjectives,0.88
638,perdre,готовить,verbs,0.05
639,barres,прыжки,nouns,1.35
640,sûr,легальный,adjectives,1.65
641,ancre,лодка,nouns,1.5
642,sauvegarder,коллекционировать,verbs,2.7
643,coeur,операция,nouns,1.3
644,planète,луна,nouns,2.5
645,poignet,рука,nouns,1.9
646,heureusement,смертельно,adverbs,0.4
647,assiette,миска,nouns,3.1
648,traducteur,иностранец,nouns,1.15
649,page,слово,nouns,1.55
650,arbre,лист,nouns,1.7
651,visa,глобализм,nouns,0.8
652,lit,одеяло,nouns,1.8
653,terminer,соревноваться,verbs,0.1
654,lin,ткань,nouns,2.85
655,officiellement,сильно,adverbs,0.4
656,église,хор,nouns,2.0
657,panier,мяч,nouns,1.05
658,honteux,скромный,adjectives,0.8
659,frais de scolarité,стипендия,nouns,1.55
660,blé,маис,nouns,3.25
661,employeur,работник,nouns,1.55
662,pomme,сладость,nouns,1.3
663,incertain,смутный,adjectives,4.75
664,admettre,отрицать,verbs,0.85
665,nuage,буря,nouns,1.65
666,logique,интеллект,nouns,3.15
667,haricot,кофе,nouns,0.75
668,voler,похищать,verbs,4.1
669,fiablement,грубо,adverbs,0.5
670,brume,дождь,nouns,2.75
671,type,товарищ,nouns,1.75
672,moteur,лодка,nouns,1.35
673,fortuit,неожиданный,adjectives,5.8
674,larme,глаз,nouns,1.4
675,précis,неправильный,adjectives,0.25
676,assister,собираться,verbs,0.5
677,tour,игра,nouns,1.65
678,révision,прогноз,nouns,1.1
679,attacher,соединять,verbs,1.45
680,politicien,полицейский,nouns,0.9
681,jument,лошадь,nouns,4.45
682,curseur,чип,nouns,0.2
683,corps,кровь,nouns,1.65
684,persévérance,сила,nouns,3.15
685,accord,прореха,nouns,0.0
686,os,лодыжка,nouns,1.75
687,cathédrale,церковь,nouns,4.25
688,ascenseur,автомобиль,nouns,0.75
689,soir,сумерки,nouns,3.85
690,contrarier,обижать,verbs,3.85
691,obtenir,оставаться,verbs,0.2
692,argent,капитал,nouns,4.3
693,fleur,выносливость,nouns,0.2
694,entreprise,предприятие,nouns,3.75
695,tranchant,тупой,adjectives,0.1
696,affreux,плохой,adjectives,3.65
697,calme,нейтральный,adjectives,2.0
698,porte,выход,nouns,3.1
699,sale,узкий,adjectives,0.1
700,convaincre,пытаться,verbs,0.75
701,puissant,слабый,adjectives,0.75
702,simulation,робототехника,nouns,1.2
703,date,дата,nouns,3.25
704,calendrier,дата,nouns,2.35
705,conforter,унижать,verbs,0.5
706,analyser,сравнивать,verbs,3.35
707,grossier,громкий,adjectives,1.5
708,information,книга,nouns,1.8
709,céréale,пшеница,nouns,3.55
710,volley-ball,мяч,nouns,1.55
711,plafond,собор,nouns,0.4
712,apparemment,очевидно,adverbs,3.3
713,armure,щит,nouns,3.2
714,chef,руководитель,nouns,4.4
715,fenêtre,лодыжка,nouns,0.0
716,accepter,прощать,verbs,1.7
717,sérieusement,искренне,adverbs,1.35
718,sentiment,интуиция,nouns,3.9
719,actuellement,деликатно,adverbs,0.15
720,représenter,уведомлять,verbs,0.7
721,loucher,пялиться,verbs,0.5
722,cou,позвоночник,nouns,2.1
723,rétrécir,исчезать,verbs,1.35
724,mari,мужчина,nouns,3.4
725,monstre,демон,nouns,4.6
726,hymne,библия,nouns,1.4
727,essayer,убеждать,verbs,0.75
728,trouver,обнаруживать,verbs,4.55
729,obtenir,терять,verbs,0.7
730,évident,заметный,adjectives,3.0
731,moyen,незначительный,adjectives,1.0
732,carbone,атом,nouns,2.35
733,aider,защищать,verbs,3.0
734,blesser,расстраивать,verbs,3.85
735,faire,создавать,verbs,4.7
736,molécule,матрица,nouns,0.7
737,déterminer,эвакуировать,verbs,0.3
738,barrière,ограда,nouns,4.8
739,violette,цветок,nouns,3.05
740,préchauffage,подогрев,nouns,3.65
741,probablement,положительно,adverbs,0.75
742,os,локоть,nouns,1.65
743,salle de cours,коридор,nouns,1.0
744,divertir,угождать,verbs,0.95
745,bain,шар,nouns,0.1
746,détruire,создавать,verbs,0.8
747,robe,танец,nouns,0.8
748,taureau,теленок,nouns,2.65
749,jamais,щедро,adverbs,0.05
750,collecte de fonds,event,nouns,1.1
751,saluer,выступать,verbs,0.65
752,examiner,исследовать,verbs,4.4
753,accident,авария,nouns,3.7
754,air,гелий,nouns,2.15
755,initialement,творчески,adverbs,0.15
756,bête,животное,nouns,5.25
757,tuer,защищать,verbs,0.65
758,fier,дерзкий,adjectives,1.95
759,fonction,компилятор,nouns,2.0
760,éventuellement,оптимистически,adverbs,0.7
761,élégance,стиль,nouns,4.3
762,parfois,равномерно,adverbs,0.4
763,heureux,злой,adjectives,0.7
764,carte,площадь,nouns,0.75
765,livrer,брать,verbs,0.65
766,convenable,посредственный,adjectives,1.3
767,coin,область,nouns,0.55
768,grain,мельница,nouns,1.65
769,joue,язык,nouns,1.5
770,sorcier,кабель,nouns,0.0
771,apprendre,спутывать,verbs,0.5
772,jambe,конечность,nouns,3.35
773,tabouret,стул,nouns,3.55
774,livre,информация,nouns,1.8
775,main,ноготь,nouns,2.0
776,marine,армия,nouns,3.15
777,annoncer,провозглашать,verbs,5.25
778,bruyamment,тонко,adverbs,0.65
779,immédiatement,скоро,adverbs,2.7
780,créateur,изготовитель,nouns,4.6
781,siffler,останавливаться,verbs,0.25
782,étaler,размазывать,verbs,3.8
783,mer,цунами,nouns,1.5
784,salade,уксус,nouns,1.2
785,réceptacle,мышь,nouns,0.05
786,chérir,хранить,verbs,1.9
787,étranger,пришелец,nouns,3.25
788,récolter,получать,verbs,2.9
789,rare,экзотичный,adjectives,4.8
790,occasion,пенни,nouns,0.25
791,mousse,пузырь,nouns,2.1
792,pomme,диета,nouns,0.9
793,sujet,хэштег,nouns,3.15
794,terminer,ловить,verbs,0.25
795,faire,становиться,verbs,0.95
796,colonel,дантист,nouns,0.25
797,contrarié,пристыженный,adjectives,1.1
798,tragédie,смерть,nouns,2.6
799,bonheur,удача,nouns,2.8
800,amical,великодушный,adjectives,2.75
801,biographie,роман,nouns,1.65
802,laisser,разрешать,verbs,4.95
803,tuyau,автомобиль,nouns,0.5
804,cinématographie,режиссер,nouns,1.8
805,médecin,самообладание,nouns,0.15
806,cabine,хижина,nouns,2.45
807,privé,личный,adjectives,4.75
808,somme,соединение,nouns,2.75
809,fragile,бесстрастный,adjectives,0.2
810,permettre,утвердить,verbs,3.2
811,molécule,воздух,nouns,1.45
812,espace,регион,nouns,3.7
813,tête,гвоздь,nouns,1.2
814,chevaucher,бежать,verbs,0.95
815,conversion,высота,nouns,0.2
816,capteur,радиатор,nouns,0.7
817,son,акустика,nouns,3.7
818,doucement,громко,adverbs,0.55
819,différence,остаток,nouns,2.4
820,conseiller,рекомендовать,verbs,5.4
821,fait,доказательство,nouns,3.7
822,conversation,общение,nouns,4.65
823,laïc,религия,nouns,1.15
824,regarder,искать,verbs,1.8
825,furieux,ужасный,adjectives,0.8
826,prédire,предполагать,verbs,3.0
827,moissonneuse-batteuse,сахарный тростник,nouns,0.4
828,étouffer,жечь,verbs,0.35
829,alimentation,программа,nouns,0.8
830,foule,парад,nouns,2.2
831,couloir,дверь,nouns,1.35
832,île,принцесса,nouns,0.25
833,cruel,милый,adjectives,0.55
834,arrêter,ехать,verbs,0.8
835,intérêt,внимание,nouns,4.25
836,oncle,кузен,nouns,2.2
837,badge,стекло,nouns,0.25
838,psychologie,наука,nouns,2.25
839,herbe,мох,nouns,2.15
840,abdomen,брюшко,nouns,5.1
841,caractère,врач,nouns,0.15
842,mot,газета,nouns,1.65
843,œil,слеза,nouns,1.4
844,batterie,театр,nouns,0.05
845,thème,книга,nouns,1.05
846,exactement,активно,adverbs,0.25
847,oiseau,индейка,nouns,2.95
848,noyer,спасти,verbs,0.8
849,économie,экосистема,nouns,1.1
850,nuage,озеро,nouns,0.55
851,stupide,умный,adjectives,0.8
852,manager,глава,nouns,4.4
853,imprévu,непредвиденный,adjectives,5.8
854,pleinement,в принципе,adverbs,1.0
855,définition,словарь,nouns,2.7
856,père,дочь,nouns,1.55
857,fabricant,создатель,nouns,4.6
858,effrayé,в восторге,adjectives,0.75
859,marginalement,грубо,adverbs,0.65
860,tarte,шоколад,nouns,1.4
861,centime,сделка,nouns,0.25
862,récompense,оплата,nouns,3.8
863,téléphone,будка,nouns,1.2
864,huile,норка,nouns,0.3
865,couronne,ключ,nouns,0.05
866,avancer,продвигать,verbs,1.95
867,chercher,смотреть,verbs,1.8
868,suivre,гнаться,verbs,2.7
869,air,молекула,nouns,1.45
870,mec,друг,nouns,2.15
871,église,собор,nouns,4.25
872,balle,ракетка,nouns,1.75
873,parapsychologie,нейропсихология,nouns,2.05
874,important,необходимый,adjectives,4.1
875,courbe,угол,nouns,2.65
876,manuel,путеводитель,nouns,4.95
877,tuer,уничтожать,verbs,3.85
878,détériorer,протирать,verbs,0.2
879,informer,полировать,verbs,0.1
880,faible,мощный,adjectives,0.75
881,épaule,тело,nouns,1.8
882,rabbin,священник,nouns,1.85
883,carré,карта,nouns,0.75
884,enseignant,помощник,nouns,2.3
885,klaxon,автомобиль,nouns,1.4
886,adulte,опекун,nouns,2.15
887,sujet,история,nouns,1.35
888,radiateur,зонтик,nouns,0.25
889,sophistiqué,зрелый,adjectives,0.9
890,siècle,спиртное,nouns,0.05
891,sournois,странный,adjectives,1.55
892,taille,величина,nouns,4.35
893,centime,размер,nouns,0.35
894,chagrin,мука,nouns,1.95
895,milliardaire,бездомный,nouns,0.8
896,pauvre,одинокий,adjectives,0.65
897,propre,беспорядочный,adjectives,0.75
898,satisfaire,ладить,verbs,1.8
899,scénariste,телевидение,nouns,1.35
900,provenir,начинать,verbs,0.65
901,boîte,сигара,nouns,1.15
902,chiffon,одежда,nouns,1.85
903,pied,песок,nouns,0.3
904,flic,шериф,nouns,4.2
905,thé,лимон,nouns,1.25
906,pardonner,понимать,verbs,2.4
907,dépression,долина,nouns,0.6
908,vieux,свежий,adjectives,0.2
909,boisson,пиво,nouns,3.0
910,paisiblement,с гордостью,adverbs,0.45
911,arithmétique,ритм,nouns,0.2
912,chercher,охотиться,verbs,1.75
913,ami,мать,nouns,1.3
914,parapluie,калибр,nouns,0.05
915,agriculture,растение,nouns,1.35
916,frais,широкий,adjectives,0.1
917,incurvé,агрессивный,adjectives,0.0
918,couple,пара,nouns,5.5
919,cinéma,телевидение,nouns,3.05
920,plage,берег,nouns,3.15
921,rondin,древесина,nouns,3.4
922,porte,звонок,nouns,1.65
923,comparer,анализировать,verbs,3.35
924,fier,сильный,adjectives,1.4
925,beauté,сонет,nouns,0.45
926,accomplir,становиться,verbs,1.5
927,chapitre,ночь,nouns,0.1
928,exotique,редкий,adjectives,4.8
929,prévision,облачность,nouns,1.1
930,bain,комната,nouns,1.5
931,moutarde,зерно,nouns,2.05
932,pouffer,смеяться,verbs,4.8
933,gagner,заслуживать,verbs,2.35
934,corps,нерв,nouns,1.1
935,terne,острый,adjectives,0.1
936,carte graphique,материнская плата,nouns,3.6
937,clairement,конечно,adverbs,3.1
938,ordinaire,потрясающий,adjectives,0.75
939,reste,разница,nouns,2.4
940,merveilleux,красивый,adjectives,4.7
941,bon,вежливый,adjectives,2.45
942,saisir,читать,verbs,1.0
943,merveilleux,восхитительный,adjectives,4.5
944,bal,костюм,nouns,1.45
945,bière,напиток,nouns,3.0
946,nécessiter,устраивать,verbs,0.2
947,stylo,алфавит,nouns,0.8
948,carte,бридж,nouns,0.75
949,déraisonnablement,несправедливо,adverbs,2.25
950,globalisation,виза,nouns,0.8
951,hurler,орать,verbs,5.5
952,condition,пакт,nouns,2.15
953,femme,секретарь,nouns,1.15
954,blesser,падать,verbs,1.25
955,chœur,церковь,nouns,2.0
956,âge,красота,nouns,0.9
957,élire,выбирать,verbs,4.35
958,altitude,преобразование,nouns,0.2
959,satisfaire,понимать,verbs,0.55
960,similaire,подобный,adjectives,5.65
961,article,рукопись,nouns,3.0
962,oeuvre,художник,nouns,1.85
963,phonologie,экран,nouns,0.05
964,collant,грязный,adjectives,2.15
965,liqueur,век,nouns,0.05
966,donner,отрекаться,verbs,0.1
967,ignorant,обычный,adjectives,0.5
968,bonbon,корица,nouns,0.95
969,recevoir,достигать,verbs,0.75
970,se plaindre,приносить,verbs,0.2
971,tiroir,одежда,nouns,1.05
972,légende,мораль,nouns,1.2
973,docteur,ортодонт,nouns,2.85
974,organe,печень,nouns,2.6
975,fièrement,мирно,adverbs,0.45
976,radar,джойстик,nouns,0.35
977,transparent,указатель,nouns,0.1
978,longévité,цветок,nouns,0.2
979,manette,радар,nouns,0.35
980,lanceur,боулинг,nouns,1.75
981,gravité,метеор,nouns,0.8
982,agrume,апельсин,nouns,4.2
983,échec,шах,nouns,1.6
984,matrice,молекула,nouns,0.7
985,salaire,гонорар,nouns,4.2
986,facile,ранимый,adjectives,0.5
987,bois,бревно,nouns,3.4
988,bétail,йогурт,nouns,0.3
989,marteau,зубы,nouns,0.05
990,essuyer,ухудшать,verbs,0.2
991,incurvé,кривой,adjectives,5.5
992,mot,ключ,nouns,0.85
993,rythme,мелодия,nouns,3.5
994,criminalité,кража,nouns,2.5
995,généreux,приятный,adjectives,2.1
996,perception,видение,nouns,4.85
997,être diplômé,заканчивать,verbs,2.65
998,dépenser,копить,verbs,0.3
999,drapeau,столб,nouns,1.35
1000,mixte,старый,adjectives,0.05
1001,armée,флот,nouns,3.15
1002,repas,талия,nouns,0.15
1003,ruelle,шар,nouns,0.0
1004,constitution,император,nouns,0.8
1005,apporter,приходить,verbs,0.75
1006,décider,представлять,verbs,1.25
1007,effrayé,нервный,adjectives,1.6
1008,fort,гордый,adjectives,1.4
1009,mépriser,обвинять,verbs,0.95
1010,nier,признавать,verbs,0.85
1011,frais,новый,adjectives,3.7
1012,combattre,укусить,verbs,1.25
1013,chaise,телескоп,nouns,0.2
1014,commencer,идти,verbs,0.8
1015,machine,двигатель,nouns,2.85
1016,jus,ложка,nouns,0.65
1017,fille,ребенок,nouns,1.7
1018,sérieusement,ответственно,adverbs,3.4
1019,cuillère,сок,nouns,0.65
1020,illustration,волдырь,nouns,0.15
1021,donation,приношение,nouns,4.15
1022,étrangement,необычно,adverbs,3.1
1023,indice,слово,nouns,0.85
1024,spectacle,математик,nouns,0.1
1025,programme,питание,nouns,0.8
1026,succès,рамка,nouns,0.1
1027,signe,символ,nouns,5.0
1028,déranger,обострять,verbs,0.25
1029,assister,посылать,verbs,0.35
1030,convocation,сбор,nouns,3.85
1031,cuillère,чашка,nouns,1.35
1032,casque,оружие,nouns,1.5
1033,raquette,мяч,nouns,1.75
1034,transporter,поднимать,verbs,1.75
1035,vague,неясный,adjectives,4.75
1036,débat,дискуссия,nouns,4.5
1037,mal,великолепный,adjectives,0.3
1038,cloche,башня,nouns,1.2
1039,illégal,законный,adjectives,0.75
1040,neuropsychologie,парапсихология,nouns,2.05
1041,amical,навряд ли,adverbs,0.0
1042,dollar,миллионер,nouns,1.6
1043,agressif,изогнутый,adjectives,0.0
1044,anormalement,обычно,adverbs,0.75
1045,tempête,покрывало,nouns,0.05
1046,soleil,небо,nouns,1.7
1047,permettre,давать,verbs,1.45
1048,souris,управление,nouns,0.35
1049,arriver,посещать,verbs,0.75
1050,corde,провод,nouns,4.45
1051,principalement,критично,adverbs,0.4
1052,irrégulièrement,обычно,adverbs,0.75
1053,insulter,обижать,verbs,3.85
1054,clarifier,определять,verbs,3.95
1055,étrange,обычный,adjectives,0.85
1056,téléphone,потерпевший,nouns,0.1
1057,imaginer,притворяться,verbs,1.85
1058,artificiel,фальшивый,adjectives,4.25
1059,dire,подтверждать,verbs,0.8
1060,toit,окно,nouns,1.35
1061,ordinaire,средний,adjectives,2.9
1062,reprocher,обвинять,verbs,4.5
1063,important,незначительный,adjectives,0.75
1064,mort,трагедия,nouns,2.6
1065,gagner,завершать,verbs,1.0
1066,sévèrement,практически,adverbs,0.4
1067,personne,население,nouns,3.55
1068,ordinaire,странный,adjectives,0.85
1069,président,политик,nouns,3.05
1070,voiture,подъемник,nouns,0.75
1071,épée,окружение,nouns,0.25
1072,dîner,трапеза,nouns,3.6
1073,dentiste,полковник,nouns,0.25
1074,créer,нырять,verbs,0.1
1075,honneur,почтение,nouns,3.8
1076,deux fois,всегда,adverbs,0.8
1077,moniteur,экран,nouns,4.9
1078,garder,терять,verbs,0.8
1079,créateur,автор,nouns,4.8
1080,veine,рука,nouns,1.15
1081,couverture,шторм,nouns,0.05
1082,vérifier,обосновывать,verbs,2.95
1083,pièce,ванна,nouns,1.5
1084,population,народ,nouns,3.55
1085,acoustique,звук,nouns,3.7
1086,aviation,полет,nouns,2.05
1087,liberté,оазис,nouns,0.3
1088,danse,платье,nouns,0.8
1089,auteur,читатель,nouns,1.55
1090,envoyer,посещать,verbs,0.35
1091,verre,хрусталь,nouns,3.05
1092,brillant,отличный,adjectives,4.65
1093,purgatoire,загробный мир,nouns,2.35
1094,hanche,губа,nouns,0.85
1095,appartement,дом,nouns,4.1
1096,terne,захватывающий,adjectives,0.35
1097,personne,доллар,nouns,0.05
1098,laid,грубый,adjectives,1.25
1099,poli,приличный,adjectives,2.45
1100,journal,известие,nouns,1.65
1101,circonstance,ситуация,nouns,4.6
1102,ignorer,обращаться,verbs,0.55
1103,cabine,телефон,nouns,1.2
1104,armée,отряд,nouns,2.15
1105,soigneusement,опасно,adverbs,0.5
1106,avec optimisme,возможно,adverbs,0.7
1107,facile,большой,adjectives,0.2
1108,officier,лейтенант,nouns,2.2
1109,cytoplasme,цифра,nouns,0.0
1110,couler,дрейфовать,verbs,1.7
1111,neutre,спокойный,adjectives,2.0
1112,taxi,таксомотор,nouns,4.15
1113,fermement,мягко,adverbs,0.75
1114,réprimander,требовать,verbs,0.7
1115,indépendamment,ответственно,adverbs,0.7
1116,ordinaire,невежественный,adjectives,0.5
1117,pauvre,гордый,adjectives,0.35
1118,sculpture,статуя,nouns,4.55
1119,cigare,трубка,nouns,2.6
1120,emprunter,давать,verbs,1.6
1121,mentir,обвинять,verbs,0.6
1122,table,закат,nouns,0.0
1123,vague,погода,nouns,0.7
1124,tomber,ушибить,verbs,1.25
1125,toit,пол,nouns,1.25
1126,se produire,действовать,verbs,1.85
1127,coopérer,объединяться,verbs,2.85
1128,diviser,отрывать,verbs,1.55
1129,voiture,автострада,nouns,1.7
1130,sécheresse,вода,nouns,1.25
1131,rejoindre,сотрудничать,verbs,2.85
1132,aller,посылать,verbs,0.5
1133,débattre,подтверждать,verbs,3.15
1134,campagne,обезьяна,nouns,0.05
1135,grand,огромный,adjectives,4.7
1136,statue,скульптура,nouns,4.55
1137,terne,скучающий,adjectives,1.95
1138,formule,журнал,nouns,1.1
1139,idée,план,nouns,2.25
1140,choix,глава,nouns,0.7
1141,vision,восприятие,nouns,4.85
1142,avocat,галерея,nouns,0.05
1143,affiche,бумага,nouns,2.7
1144,acteur,многогранник,nouns,0.0
1145,quitter,выселять,verbs,1.35
1146,longévité,повязка,nouns,0.1
1147,pain,мука,nouns,1.95
1148,âme,брат,nouns,0.8
1149,situation,обстоятельство,nouns,4.6
1150,sérieusement,пассивно,adverbs,0.35
1151,structure,топология,nouns,3.15
1152,génial,плохой,adjectives,0.3
1153,dirigeant,король,nouns,4.45
1154,frontière,граница,nouns,5.0
1155,école,юриспруденция,nouns,1.25
1156,propager,мазать,verbs,3.8
1157,boîte,источник,nouns,0.0
1158,suspect,человек,nouns,0.85
1159,énorme,тупой,adjectives,0.65
1160,porte,кухня,nouns,0.85
1161,prendre,доставлять,verbs,0.65
1162,bien,пряный,adjectives,0.5
1163,avion,простынь,nouns,0.05
1164,construire,добавлять,verbs,1.0
1165,renier,отрекаться,verbs,3.25
1166,improbable,дружелюбно,adverbs,0.0
1167,costume,бал,nouns,1.45
1168,demander,умолять,verbs,3.95
1169,estomac,спальня,nouns,0.05
1170,industrie,предприятие,nouns,2.25
1171,cuisiner,потерять,verbs,0.05
1172,écosystème,экономика,nouns,1.1
1173,capturer,подражать,verbs,0.25
1174,chanceux,пристыженный,adjectives,0.4
1175,assister,прибывать,verbs,0.75
1176,étouffer,дышать,verbs,1.25
1177,confiserie,яблоко,nouns,1.3
1178,gardien,мать,nouns,1.2
1179,garçon,состояние,nouns,0.05
1180,plaider,просить,verbs,2.95
1181,dieu,дух,nouns,2.55
1182,difficile,плотный,adjectives,2.4
1183,assister,приходить,verbs,2.85
1184,meuble,квартира,nouns,1.45
1185,modeste,чистый,adjectives,1.0
1186,mot,литература,nouns,1.7
1187,cheville,кость,nouns,1.75
1188,comprendre,обнаруживать,verbs,2.8
1189,argent,жемчуг,nouns,0.95
1190,informe,униформа,adjectives,0.5
1191,chaise,табуретка,nouns,3.55
1192,faux,настоящий,adjectives,1.0
1193,trouver,убегать,verbs,0.3
1194,mutant,социобиология,nouns,0.5
1195,policier,политик,nouns,0.9
1196,permettre,позволять,verbs,4.95
1197,mère,подруга,nouns,1.3
1198,écrivain,дар,nouns,0.65
1199,vin,спиртное,nouns,2.65
1200,papier peint,фон,nouns,2.65
1201,région,область,nouns,3.7
1202,ballon,волейбол,nouns,1.55
1203,violent,пассивный,adjectives,0.4
1204,permettre,разъедать,verbs,0.15
1205,aéroport,кусок,nouns,0.1
1206,briller,сиять,verbs,5.1
1207,soigneusement,осторожно,adverbs,2.9
1208,apprendre,оценивать,verbs,1.75
1209,typhon,циклон,nouns,4.25
1210,doux,острый,adjectives,0.7
1211,parcourir,бродить,verbs,3.4
1212,mériter,зарабатывать,verbs,2.35
1213,national,большой,adjectives,0.2
1214,bois,одеяло,nouns,0.15
1215,homme,братство,nouns,1.1
1216,démon,чудовище,nouns,4.6
1217,fleur,фиалка,nouns,3.05
1218,voiture,датчик,nouns,0.8
1219,tour,колокол,nouns,1.2
1220,rejeter,избирать,verbs,0.65
1221,ministre,раввин,nouns,1.85
1222,personne,животное,nouns,1.15
1223,battre en retraite,спускаться,verbs,0.5
1224,tennis,статистика,nouns,0.25
1225,conquête,псалом,nouns,0.4
1226,profusion,изобилие,nouns,5.25
1227,acquérir,объединяться,verbs,0.7
1228,affaire,компания,nouns,3.75
1229,gamin,дочь,nouns,1.7
1230,bras,плечо,nouns,2.15
1231,course,выходные,nouns,0.25
1232,organiser,нуждаться,verbs,0.2
1233,autre,противолежащий,adjectives,1.85
1234,gagner,пожинать,verbs,2.9
1235,voler,давать,verbs,0.7
1236,intelligent,тупой,adjectives,1.0
1237,passé,предшествующее,nouns,4.4
1238,session,пациент,nouns,0.25
1239,dissertation,книга,nouns,1.5
1240,imprimer,игнорировать,verbs,0.1
1241,pomme,солнце,nouns,0.3
1242,dieu,священник,nouns,1.6
1243,exiger,выговаривать,verbs,0.7
1244,bébé,взрослый,nouns,1.5
1245,tsunami,море,nouns,1.5
1246,shérif,полицейский,nouns,4.2
1247,topologie,структура,nouns,3.15
1248,roman,писатель,nouns,1.6
1249,palais,небоскреб,nouns,1.45
1250,légèrement,ярко,adverbs,0.3
1251,informer,сообщать,verbs,5.15
1252,immédiatement,один раз,adverbs,0.7
1253,jardin,шланг,nouns,0.95
1254,immature,взрослый,adjectives,0.75
1255,clé,дом,nouns,1.15
1256,eau,засуха,nouns,1.25
1257,homme,победитель,nouns,1.1
1258,moine,крест,nouns,1.7
1259,représenter,решать,verbs,1.25
1260,échouer,полагаться,verbs,0.2
1261,feu,апокалипсис,nouns,1.4
1262,stupide,огромный,adjectives,0.65
1263,ballon,пушка,nouns,1.05
1264,timide,дорогой,adjectives,0.1
1265,abondance,множество,nouns,5.25
1266,arbre,лодка,nouns,0.5
1267,nihilisme,фильм,nouns,0.15
1268,prétendre,казаться,verbs,2.65
1269,bateau,мотор,nouns,1.35
1270,étroit,тонкий,adjectives,2.6
1271,bouclier,защита,nouns,3.2
1272,faible,пряный,adjectives,0.1
1273,adulte,младенец,nouns,1.5
1274,écran,фонология,nouns,0.05
1275,équitablement,несправедливо,adverbs,0.9
1276,nerveux,уверенный,adjectives,0.2
1277,siroter,глотать,verbs,2.4
1278,prudemment,внимательно,adverbs,2.9
1279,alcool,бренди,nouns,2.9
1280,satisfaire,развлекать,verbs,0.95
1281,tacot,такси,nouns,4.15
1282,voiture,завод,nouns,0.75
1283,vélo,кожа,nouns,0.2
1284,bière,алкоголь,nouns,2.95
1285,honteux,счастливый,adjectives,0.4
1286,basket,медаль,nouns,0.4
1287,fou,безумный,adjectives,5.6
1288,sonnette,дверь,nouns,1.65
1289,femme,мех,nouns,0.45
1290,laisser,странствовать,verbs,0.45
1291,château,стена,nouns,1.0
1292,intensité,звезда,nouns,1.35
1293,fermement,спокойно,adverbs,0.75
1294,interprète,песня,nouns,1.75
1295,disparaître,пропадать,verbs,5.35
1296,république,герцог,nouns,0.45
1297,auberge,мотель,nouns,4.15
1298,pistolet,народ,nouns,0.25
1299,poulet,ужин,nouns,1.15
1300,collecter,организовать,verbs,2.0
1301,rythme,стих,nouns,1.8
1302,critiquer,толкать,verbs,0.2
1303,malheureux,рассерженный,adjectives,1.65
1304,sagesse,ум,nouns,3.9
1305,masque,вечеринка,nouns,1.3
1306,accuser,осуждать,verbs,4.5
1307,pur,скромный,adjectives,1.0
1308,évidemment,видимо,adverbs,3.3
1309,poterie,керамика,nouns,4.35
1310,limite,рубеж,nouns,5.0
1311,feuille,саженец,nouns,1.15
1312,falaise,холм,nouns,2.65
1313,bois,бревно,nouns,3.5
1314,mot,страница,nouns,1.55
1315,alcool,пиво,nouns,2.95
1316,penser,спрашивать,verbs,0.95
1317,muffin,петрушка,nouns,0.4
1318,mentir,отрицать,verbs,1.8
1319,moteur,механизм,nouns,2.85
1320,bol,дорожка,nouns,0.0
1321,disque,компьютер,nouns,1.85
1322,lutter,предрешать,verbs,0.4
1323,liqueur,вино,nouns,2.65
1324,modeste,покладистый,adjectives,1.15
1325,moteur,двигатель,nouns,4.3
1326,retenir,оставаться,verbs,1.4
1327,poème,ритм,nouns,1.8
1328,principalement,терминально,adverbs,0.15
1329,mourir,закапывать,verbs,1.5
1330,lecteur,писатель,nouns,1.55
1331,flexible,скромный,adjectives,1.15
1332,protéger,помогать,verbs,3.0
1333,incurvé,прямой,adjectives,0.85
1334,hésitant,гневный,adjectives,0.45
1335,taxi,автомобиль,nouns,3.4
1336,pollinisation,тычинка,nouns,1.8
1337,emprunteur,кредит,nouns,1.95
1338,veine,желудок,nouns,0.95
1339,smartphone,ананас,nouns,0.0
1340,pécheur,святой,nouns,1.0
1341,activement,точно,adverbs,0.25
1342,câble,волшебник,nouns,0.0
1343,poulet,рис,nouns,1.0
1344,paix,счастье,nouns,2.7
1345,syntaxe,заглавное слово,nouns,0.8
1346,large,свежий,adjectives,0.1
1347,entrant,уходящий,adjectives,0.25
1348,perdre,сохранять,verbs,0.8
1349,frigide,грубый,adjectives,0.2
1350,merveilleux,великолепный,adjectives,5.3
1351,grossièrement,минимально,adverbs,0.65
1352,steak,мясо,nouns,4.55
1353,emprunter,нищенствовать,verbs,0.85
1354,flexible,эластичный,adjectives,4.45
1355,paiement,гонорар,nouns,3.7
1356,apocalypse,пожар,nouns,1.4
1357,satire,миф,nouns,1.35
1358,météore,сила тяжести,nouns,0.8
1359,rappeler,забывать,verbs,0.75
1360,colonne vertébrale,шея,nouns,2.1
1361,uniforme,вязание,nouns,0.25
1362,poignet,кисть,nouns,2.8
1363,maison,амбар,nouns,1.75
1364,critique,грубый,adjectives,0.6
1365,souris,контейнер,nouns,0.05
1366,flic,штурман,nouns,0.4
1367,fourrure,ружье,nouns,0.1
1368,approximativement,нетерпеливо,adverbs,0.85
1369,grand,большой,adjectives,4.55
1370,café,боб,nouns,0.75
1371,provenir,открывать,verbs,0.25
1372,réalisateur,кинематография,nouns,1.8
1373,cinéma,попкорн,nouns,1.45
1374,flore,природа,nouns,3.35
1375,médiocre,скучный,adjectives,2.7
1376,fiançailles,кольцо,nouns,1.85
1377,agréable,великодушный,adjectives,2.1
1378,ver à soie,гусеница,nouns,3.2
1379,sûrement,очевидно,adverbs,3.3
1380,brûler,душить,verbs,0.35
1381,château,скульптор,nouns,0.55
1382,se comporter,подчиняться,verbs,3.45
1383,nier,избежать,verbs,0.65
1384,populaire,известный,adjectives,4.9
1385,câble,часовня,nouns,0.05
1386,terrifiant,рассерженный,adjectives,0.8
1387,jus,яблоко,nouns,1.65
1388,nuit,глава,nouns,0.1
1389,rondin,дерево,nouns,3.5
1390,magnitude,глубина,nouns,1.5
1391,animal,зверь,nouns,5.25
1392,programme,экзамен,nouns,1.2
1393,crépuscule,вечер,nouns,3.85
1394,fraude,коррупция,nouns,3.55
1395,déchirer,одевать,verbs,0.1
1396,portail,дверь,nouns,4.2
1397,enquêter,заниматься,verbs,2.5
1398,scientifique,медбрат,nouns,0.75
1399,corniche,гора,nouns,1.5
1400,feuille,дерево,nouns,1.7
1401,maison,квартира,nouns,4.1
1402,défendre,убивать,verbs,0.65
1403,habit,ящик,nouns,1.05
1404,injustement,довольно,adverbs,0.9
1405,télévision,актер,nouns,1.3
1406,recevoir,давать,verbs,0.8
1407,s'écraser,разгромить,verbs,5.15
1408,effrayé,неуверенный,adjectives,1.2
1409,légitime,нелегальный,adjectives,0.75
1410,tasse,ложка,nouns,1.35
1411,différemment,терминально,adverbs,0.05
1412,mathématicien,показ,nouns,0.1
1413,veine,выбор,nouns,0.25
1414,télescope,мозговой штурм,nouns,0.05
1415,saisir,стараться,verbs,0.4
1416,cône,стакан,nouns,0.55
1417,inexactement,точно,adverbs,0.75
1418,se renseigner,думать,verbs,0.95
1419,confidentiel,открытый,adjectives,0.55
1420,tromper,мошенничать,verbs,4.05
1421,chiffre,число,nouns,4.9
1422,guerrier,мужчина,nouns,1.85
1423,salade,диета,nouns,1.2
1424,épaule,рука,nouns,2.15
1425,violation,преступление,nouns,4.65
1426,émotion,страсть,nouns,3.05
1427,clavier,свет,nouns,0.1
1428,intelligence,мудрость,nouns,3.9
1429,faux,точный,adjectives,0.25
1430,choix,тюрьма,nouns,0.15
1431,cerveau,разум,nouns,3.15
1432,étudiant,ученик,nouns,5.55
1433,cesser,делать,verbs,0.8
1434,alcool,виски,nouns,2.9
1435,environnement,меч,nouns,0.25
1436,canon,ядро,nouns,1.05
1437,idéalement,механически,adverbs,0.2
1438,sous-vêtement,тело,nouns,1.0
1439,bacon,боб,nouns,0.75
1440,décoration,стена,nouns,1.5
1441,mineur,значительный,adjectives,0.75
1442,pluie,изморось,nouns,2.75
1443,mortellement,счастливо,adverbs,0.4
1444,bouton,одежда,nouns,1.75
1445,grandement,серьезно,adverbs,2.2
1446,boîtier,электричество,nouns,0.95
1447,aller,продавать,verbs,0.6
1448,éclaboussure,вязкость,nouns,0.5
1449,comprendre,прощать,verbs,2.4
1450,crochet,форма,nouns,0.25
1451,gestion,мышь,nouns,0.35
1452,carte mère,главная плата,nouns,3.6
1453,photophone,омофон,nouns,0.35
1454,gentiment,любезно,adverbs,4.95
1455,crédit,заёмщик,nouns,1.95
1456,outil,работа,nouns,0.8
1457,calmement,мирно,adverbs,4.7
1458,moteur,поршень,nouns,2.5
1459,galaxie,приложение,nouns,0.4
1460,sentir,портить,verbs,0.1
1461,chargeur,диск,nouns,1.2
1462,agression,враждебность,nouns,4.45
1463,manifeste,неизвестный,adjectives,0.55
1464,gros,легкий,adjectives,0.2
1465,eau,соль,nouns,0.85
1466,échange,замена,nouns,5.05
1467,anarchie,хаос,nouns,4.45
1468,août,месяц,nouns,3.0
1469,télévision,коммуникация,nouns,2.35
1470,paille,псалом,nouns,0.1
1471,réchauffage,прогрев,nouns,3.65
1472,colonne vertébrale,тело,nouns,1.75
1473,télévision,кино,nouns,3.05
1474,cyclone,тайфун,nouns,4.25
1475,motel,гостиница,nouns,4.15
1476,chanter,плавать,verbs,0.15
1477,infection,болезнь,nouns,3.8
1478,précieux,особый,adjectives,2.75
1479,grossièrement,надежно,adverbs,0.5
1480,guitare,форель,nouns,0.05
1481,élire,отклонять,verbs,0.65
1482,boue,грязь,nouns,4.1
1483,voiture,мост,nouns,0.5
1484,fureur,злость,nouns,4.9
1485,combiné,смешанный,adjectives,4.6
1486,tâche,задание,nouns,3.45
1487,étroit,длинный,adjectives,1.0
1488,bizarre,странный,adjectives,5.4
1489,chambre,желудок,nouns,0.05
1490,kidnapper,украсть,verbs,4.1
1491,délinquant,преступник,nouns,4.9
1492,punir,подчиниться,verbs,0.9
1493,sournois,умный,adjectives,1.7
1494,galerie,адвокат,nouns,0.05
1495,bulle,пена,nouns,2.1
1496,appareil photo,президент,nouns,0.15
1497,approximativement,легко,adverbs,0.25
1498,coupable,пристыженный,adjectives,2.75
1499,lit,кушетка,nouns,3.75
1500,croix,монах,nouns,1.7
1501,faire,разрушать,verbs,0.75
1502,laisser,появляться,verbs,0.15
1503,accuser,презирать,verbs,0.95
1504,truite,гитара,nouns,0.05
1505,voiture,грузовик,nouns,2.9
1506,envoyer,идти,verbs,0.5
1507,haut,пятый,adjectives,0.15
1508,pomme de terre,масло,nouns,1.15
1509,tristement,безумно,adverbs,0.5
1510,arrière-plan,обои,nouns,2.65
1511,persuader,добиваться,verbs,0.9
1512,courir,ездить,verbs,0.95
1513,mois,август,nouns,3.0
1514,échouage,комната,nouns,1.2
1515,grossier,критичный,adjectives,0.6
1516,énerver,угадывать,verbs,0.15
1517,cours,совпадение,nouns,0.65
1518,eau,коронация,nouns,0.25
1519,poursuivre,убеждать,verbs,0.9
1520,mélodie,музыка,nouns,4.6
1521,sol,крыша,nouns,1.25
1522,prétendre,симулировать,verbs,3.75
1523,éléphant,динозавр,nouns,1.1
1524,devoir,входить,verbs,0.15
1525,maintenant,здесь,adverbs,1.5
1526,suffrage,выход,nouns,0.3
1527,banquier,юрист,nouns,1.3
1528,désavouer,давать,verbs,0.1
1529,nerf,мужество,nouns,1.65
1530,communiquer,молиться,verbs,0.65
1531,assister,появляться,verbs,1.3
1532,avoine,поле,nouns,1.45
1533,ordinaire,обычный,adjectives,5.9
1534,pont,мышь,nouns,0.45
1535,reconnaître,говорить,verbs,0.65
1536,réfuter,разрешать,verbs,0.3
1537,muscle,рука,nouns,1.85
1538,ignorer,распечатать,verbs,0.1
1539,frère,человек,nouns,0.8
1540,satisfaire,умолять,verbs,0.65
1541,bras,вена,nouns,1.15
1542,désarroi,истерика,nouns,2.1
1543,incroyablement,плотно,adverbs,0.2
1544,banal,обычный,adjectives,5.9
1545,conduire,останавливаться,verbs,0.8
1546,bouilli,варёный,adjectives,3.25
1547,sel,вода,nouns,0.85
1548,se fracasser,разбивать,verbs,5.15
1549,en phase terminale,в основном,adverbs,0.15
1550,femme,дыра,nouns,0.1
1551,météo,снег,nouns,1.6
1552,ouvrier,работодатель,nouns,1.55
1553,juger,обвинять,verbs,3.05
1554,baseball,кушетка,nouns,0.05
1555,taille,трюк,nouns,0.05
1556,sauver,тонуть,verbs,0.8
1557,appareil photo,линза,nouns,1.75
1558,verser,отекать,verbs,0.9
1559,moyen,обычный,adjectives,2.9
1560,autrefois,немедленно,adverbs,0.7
1561,punir,учить,verbs,0.35
1562,chanson,исполнитель,nouns,1.75
1563,recommander,принимать,verbs,0.75
1564,professeur,доктор,nouns,2.15
1565,virus,кровь,nouns,1.45
1566,verger,страус,nouns,0.05
1567,accuser,судить,verbs,3.05
1568,gens,ружье,nouns,0.25
1569,prêtre,бог,nouns,1.6
1570,cabane,домик,nouns,2.45
1571,route,шоссе,nouns,4.2
1572,attendre,покидать,verbs,0.75
1573,demander,умолять,verbs,2.95
1574,cognac,алкоголь,nouns,2.9
1575,canne à sucre,комбайн,nouns,0.4
1576,retenir,забывать,verbs,0.8
1577,inquiet,нетерпеливый,adjectives,2.5
1578,livre,эссе,nouns,1.5
1579,beau,прекрасный,adjectives,4.7
1580,proclamer,провозглашать,verbs,5.3
1581,passivement,молча,adverbs,1.85
1582,organiser,организовывать,verbs,4.75
1583,mosaïque,базилика,nouns,0.55
1584,tasse,рожок,nouns,0.55
1585,généralement,нерегулярно,adverbs,0.75
1586,biologie,биотоп,nouns,1.35
1587,montre,юбка,nouns,0.45
1588,participer,высказываться,verbs,1.25
1589,équation,формула,nouns,3.6
1590,anniversaire,юбилей,nouns,3.25
1591,désordonné,уродливый,adjectives,0.35
1592,couvrir,маскировать,verbs,3.05
1593,activité,движение,nouns,3.45
1594,voiture,улица,nouns,1.05
1595,anniversaire,год,nouns,2.05
1596,schéma,идея,nouns,2.25
1597,coûteux,стеснительный,adjectives,0.1
1598,poule,птица,nouns,2.4
1599,annoncer,объявлять,verbs,5.3
1600,insensé,сумасшедший,adjectives,5.6
1601,usine,автомобиль,nouns,0.75
1602,éviter,игнорировать,verbs,3.65
1603,supplier,занимать,verbs,0.85
1604,cou,рука,nouns,1.35
1605,offre,пожертвование,nouns,4.15
1606,extraterrestre,чужеземец,nouns,3.25
1607,lune,планета,nouns,2.5
1608,sujet,книга,nouns,1.1
1609,soulever,тащить,verbs,1.75
1610,étroit,широкий,adjectives,0.6
1611,apporter,восстанавливать,verbs,0.15
1612,wagon,контейнер,nouns,0.25
1613,fille,отец,nouns,1.55
1614,joindre,приобретать,verbs,0.7
1615,citron,чай,nouns,1.25
1616,bible,псалом,nouns,1.4
1617,polir,сообщить,verbs,0.1
1618,ronger,носить,verbs,0.15
1619,guide,справочник,nouns,4.95
1620,soir,закат,nouns,3.15
1621,attraper,гнаться,verbs,1.8
1622,récemment,реалистично,adverbs,0.15
1623,mature,изысканный,adjectives,0.9
1624,se plaindre,ругаться,verbs,1.4
1625,état,дом,nouns,0.3
1626,sale,липкий,adjectives,2.15
1627,vite,скоростной,adjectives,4.95
1628,style,мода,nouns,3.75
1629,remarquer,критиковать,verbs,1.85
1630,discussion,спор,nouns,4.5
1631,localiser,находить,verbs,4.55
1632,faisable,невозможный,adjectives,1.0
1633,philosophe,разгон,nouns,0.15
1634,combiner,смешивать,verbs,4.4
1635,perdre,получать,verbs,0.7
1636,femme,цент,nouns,0.05
1637,aluminium,металл,nouns,2.55
1638,sang,тело,nouns,1.65
1639,communication,беседа,nouns,4.65
1640,lézard,правительство,nouns,0.0
1641,balle,перчатка,nouns,0.75
1642,devenir,делать,verbs,0.95
1643,recevoir,принимать,verbs,2.95
1644,rester,сохранять,verbs,1.4
1645,injustement,необоснованно,adverbs,2.25
1646,garçon,партнер,nouns,1.5
1647,obéir,слушаться,verbs,3.45
1648,littérature,книга,nouns,2.75
1649,donner,занимать,verbs,1.6
1650,obtenir,назначать,verbs,0.4
1651,gros,национальный,adjectives,0.2
1652,dessin,бунт,nouns,0.15
1653,os,рука,nouns,1.55
1654,dur,легкий,adjectives,0.8
1655,droit,изогнутый,adjectives,0.85
1656,course,философ,nouns,0.15
1657,dentiste,ортодонт,nouns,4.8
1658,étrange,чудной,adjectives,5.4
1659,chanteur,штат сотрудников,nouns,0.2
1660,arrêter,подозревать,verbs,0.95
1661,séparer,прикреплять,verbs,0.75
1662,campement,домик,nouns,1.25
1663,dur,ловкий,adjectives,1.0
1664,adorer,восхищаться,verbs,4.1
1665,agité,молодой,adjectives,1.05
1666,obéir,наказывать,verbs,0.9
1667,taille,трапеза,nouns,0.15
1668,heureux,радостный,adjectives,4.65
1669,oiseau,курица,nouns,2.4
1670,corps,позвоночник,nouns,1.75
1671,cuisine,дверь,nouns,0.85
1672,hashtag,тема,nouns,3.15
1673,paille,задача,nouns,0.05
1674,historien,историограф,nouns,3.6
1675,fatigué,скучный,adjectives,1.05
1676,découvrir,осознавать,verbs,2.8
1677,apparemment,просто,adverbs,1.45
1678,homme,муж,nouns,3.4
1679,fermer,срыгивать,verbs,0.05
1680,couverture,дерево,nouns,0.15
1681,savoir,давать,verbs,0.5
1682,idéalement,реалистично,adverbs,1.1
1683,duc,республика,nouns,0.45
1684,désert,дюна,nouns,2.7
1685,exiger,спорить,verbs,1.4
1686,affaire,корпорация,nouns,3.25
1687,club,марка,nouns,0.25
1688,chirurgie,сердце,nouns,1.3
1689,paix,солдат,nouns,1.0
1690,venir,посещать,verbs,2.85
1691,tisser,двигаться,verbs,0.15
1692,laisser,прибывать,verbs,0.2
1693,chalet,лагерь,nouns,1.25
1694,calibre,зонтик,nouns,0.05
1695,verre,значок,nouns,0.25
1696,unir,связывать,verbs,3.8
1697,feuille,самолет,nouns,0.05
1698,cannelle,конфеты,nouns,0.95
1699,honoraire,зарплата,nouns,4.2
1700,pop-corn,кино,nouns,1.45
1701,circumnavigation,багаж,nouns,1.0
1702,estime,честь,nouns,3.8
1703,critiquer,замечать,verbs,1.85
1704,corps,плечо,nouns,1.8
1705,impossible,возможный,adjectives,1.0
1706,créativement,первоначально,adverbs,0.15
1707,coucher de soleil,вечер,nouns,3.15
1708,prêter,задолжать,verbs,1.15
1709,cuit,кипячёный,adjectives,3.25
1710,bateau,якорь,nouns,1.5
1711,moulin,семя,nouns,1.65
1712,raisonnablement,надежно,adverbs,3.4
1713,contraire,другой,adjectives,1.85
1714,soleil couchant,строка,nouns,0.0
1715,évidemment,локально,adverbs,0.15
1716,notifier,информировать,verbs,5.15
1717,fourrure,женщина,nouns,0.45
1718,nouveau,старый,adjectives,0.95
1719,lâche,гибкий,adjectives,1.0
1720,chauvin,предубеждение,nouns,0.9
1721,sable,ступня,nouns,0.3
1722,exceptionnellement,странно,adverbs,3.1
1723,couvent,душ,nouns,0.1
1724,bronchite,ацетаминофен,nouns,1.15
1725,balai,пыль,nouns,1.65
1726,ajouter,строить,verbs,1.0
1727,fête,маска,nouns,1.3
1728,lire,укусить,verbs,0.0
1729,empereur,конституция,nouns,0.8
1730,orange,цитрус,nouns,4.2
1731,soigneusement,безопасно,adverbs,0.95
1732,médaille,тренери,nouns,0.4
1733,ami,наставник,nouns,1.65
1734,adulte,незрелый,adjectives,0.75
1735,rencontrer,покидать,verbs,0.35
1736,emballage,убежище,nouns,0.55
1737,amorphe,бесформенный,adjectives,3.55
1738,parapluie,нагреватель,nouns,0.25
1739,don,писатель,nouns,0.65
1740,demander,игнорировать,verbs,0.55
1741,chocolat,пирог,nouns,1.4
1742,garçon,рис,nouns,0.05
1743,bébé,дочь,nouns,2.0
1744,parler,признавать,verbs,0.65
1745,accomplir,побеждать,verbs,1.0
1746,coucher de soleil,стол,nouns,0.0
1747,grange,дом,nouns,1.75
1748,basilique,мозаика,nouns,0.55
1749,revenu,налог,nouns,1.4
1750,fêter,удивлять,verbs,0.6
1751,ananas,смартфон,nouns,0.0
1752,chaîne,закат,nouns,0.0
1753,mot-clé,синтаксис,nouns,0.8
1754,nécessiteux,беспомощный,adjectives,2.4
1755,brique,стена,nouns,1.6
1756,évidemment,конечно,adverbs,3.3
1757,bruyamment,мягко,adverbs,0.55
1758,élever,пить,verbs,0.05
1759,germe,патогенный микроорганизм,nouns,4.0
1760,concours,валюта,nouns,0.65
1761,spécial,ценный,adjectives,2.75
1762,tranchant,мягкий,adjectives,0.7
1763,vent,шквал,nouns,4.15
1764,femme,солома,nouns,0.0
1765,vomir,закрыть,verbs,0.05
1766,journaliste,поэт,nouns,1.25
1767,vraiment,совершенно,adverbs,2.45
1768,essayer,думать,verbs,0.3
1769,laisser,встретить,verbs,0.35
1770,richesse,слава,nouns,1.75
1771,bras,запястье,nouns,1.9
1772,menthe,жвачка,nouns,0.65
1773,conduire,шаркать,verbs,0.2
1774,roi,правитель,nouns,4.45
1775,différer,соответствовать,verbs,0.7
1776,beurre,картофель,nouns,1.15
1777,côte,пляж,nouns,3.15
1778,se dissiper,исчезать,verbs,5.35
1779,surface,угол,nouns,0.55
1780,grossièrement,очевидно,adverbs,0.45
1781,pain,мясо,nouns,1.15
1782,groupe,спиртное,nouns,0.3
1783,corps,грудь,nouns,1.95
1784,généreux,дружелюбный,adjectives,2.75
1785,jeu,сноровка,nouns,1.65
1786,mouvement,действие,nouns,3.45
1787,yaourt,коро́ва,nouns,0.3
1788,sale,удивительный,adjectives,0.35
1789,repas,ужин,nouns,3.6
1790,évêque,мусульман,nouns,0.95
1791,soldat,мир,nouns,1.0
1792,prêtre,пророк,nouns,1.85
1793,admirablement,элегантно,adverbs,3.6
1794,ballon,ванна,nouns,0.1
1795,voiture,автомобиль,nouns,5.85
1796,rassembler,посещать,verbs,0.5
1797,sans abri,миллиардер,nouns,0.8
1798,liquide,деньги,nouns,3.95
1799,viscosité,всплеск,nouns,0.5
1800,marrant,печальный,adjectives,0.6
1801,délicieux,прекрасный,adjectives,4.5
1802,estomac,тело,nouns,2.2
1803,gâcher,нюхать,verbs,0.1
1804,emploi,управление,nouns,1.75
1805,absorber,иметь,verbs,0.7
1806,rassemblement,собрание,nouns,3.85
1807,tâche,женщина,nouns,0.05
1808,bruit,грохот,nouns,4.7
1809,colline,утес,nouns,2.65
1810,port,обертка,nouns,0.55
1811,dériver,течь,verbs,1.7
1812,dinosaure,слон,nouns,1.1
1813,pluie,морось,nouns,4.5
1814,opinion,предубеждение,nouns,3.25
1815,aider,просить,verbs,0.7
1816,appareil photo,продолжение,nouns,0.15
1817,mélanger,ездить,verbs,0.2
1818,perle,деньги,nouns,0.95
1819,voyage,поездка,nouns,4.05
1820,passif,агрессивный,adjectives,0.4
1821,jeu,действие,nouns,2.7
1822,justement,зрело,adverbs,0.95
1823,veau,бык,nouns,2.65
1824,système,вина,nouns,0.25
1825,rive,побережье,nouns,4.25
1826,dîner,курятина,nouns,1.15
1827,têtu,глупый,adjectives,1.35
1828,accident,бедствие,nouns,4.25
1829,mendier,просить,verbs,3.95
1830,parfaitement,действительно,adverbs,2.45
1831,évacuer,определить,verbs,0.3
1832,simplement,видимо,adverbs,1.45
1833,livrer,принимать,verbs,0.65
1834,criquet,сторонник,nouns,0.35
1835,fleur,вера,nouns,0.05
1836,grandement,официально,adverbs,0.75
1837,bain,шалость,nouns,0.0
1838,lentille,фотоаппарат,nouns,1.75
1839,jeune,счастливый,adjectives,0.45
1840,intelligence,логика,nouns,3.15
1841,détruire,убивать,verbs,3.85
1842,attaque,блицкриг,nouns,3.1
1843,écran,монитор,nouns,4.9
1844,triste,гордый,adjectives,0.7
1845,connu,хороший,adjectives,0.75
1846,classe,беспорядок,nouns,0.25
1847,porte,коридор,nouns,1.35
1848,corps,желудок,nouns,2.2
1849,incroyable,обычный,adjectives,0.75
1850,localement,очевидно,adverbs,0.15
1851,essayer,достигать,verbs,1.6
1852,meuble,кровать,nouns,2.85
1853,professeur,друг,nouns,1.65
1854,présence,дверь,nouns,0.25
1855,protéger,отстаивать,verbs,4.8
1856,poignée,белок,nouns,0.1
1857,réservoir,машина,nouns,1.4
1858,tunnel,дорожка,nouns,1.5
1859,homme,подозреваемый,nouns,0.85
1860,prétendre,лгать,verbs,3.55
1861,vison,масло,nouns,0.3
1862,chaotiquement,мирно,adverbs,0.6
1863,père,родитель,nouns,4.2
1864,partenaire,мальчик,nouns,1.5
1865,sergent,пистолет,nouns,0.9
1866,compilateur,подпрограмма,nouns,2.0
1867,profession,колледж,nouns,0.95
1868,étoile,яркость,nouns,1.35
1869,justifier,подтверждать,verbs,2.95
1870,jamais,честно говоря,adverbs,0.05
1871,emploi,инструмент,nouns,0.8
1872,poursuivre,изучать,verbs,2.5
1873,sociobiologie,мутант,nouns,0.5
1874,pistolet,тетрадь,nouns,0.1
1875,suite,камера,nouns,0.15
1876,mur,отделка,nouns,1.5
1877,pacte,соглашение,nouns,5.05
1878,assistant,наставник,nouns,2.3
1879,journal,ванна,nouns,0.0
1880,artiste,искусства,nouns,1.85
1881,atteindre,получать,verbs,0.75
1882,respirer,задыхаться,verbs,1.25
1883,football,развлечение,nouns,0.9
1884,ennuyeux,посредственный,adjectives,2.7
1885,paracétamol,бронхит,nouns,1.15
1886,viande,бекон,nouns,2.9
1887,maire,глава,nouns,3.05
1888,mère,жена,nouns,2.6
1889,étouffer,убивать,verbs,2.95
1890,professeur,учитель,nouns,5.6
1891,enseigner,наказать,verbs,0.35
1892,pathogène,микроб,nouns,4.0
1893,doux,электрический,adjectives,0.2
1894,paragraphe,письмо,nouns,1.55
1895,livre,литература,nouns,2.75
1896,couloir,класс,nouns,1.0
1897,gens,партия,nouns,1.3
1898,registre,формула,nouns,1.1
1899,ignorer,исследовать,verbs,0.3
1900,pendre,класть,verbs,0.75
1901,mât,флаг,nouns,1.35
1902,mur,замок,nouns,1.0
1903,dent,молоток,nouns,0.05
1904,ennuyé,скучный,adjectives,1.95
1905,sauver,выручать,verbs,5.05
1906,prophète,священник,nouns,1.85
1907,estomac,талия,nouns,0.35
1908,mur,кирпич,nouns,1.6
1909,donner,вкладывать,verbs,1.25
1910,météo,волна,nouns,0.7
1911,planète,звезда,nouns,3.05
1912,facile,гибкий,adjectives,1.9
1913,appareil photo,работник,nouns,0.3
1914,émeute,рисование,nouns,0.15
1915,défendre,защищать,verbs,4.8
1916,catastrophe,авария,nouns,4.25
1917,canapé,кровать,nouns,3.75
1918,urgence,происшествие,nouns,3.7
1919,aller,позволять,verbs,0.3
1920,magma,вулкан,nouns,2.1
1921,côte,канонерская лодка,nouns,0.3
1922,doux,средний,adjectives,1.0
1923,frais,старый,adjectives,0.2
1924,éléphant,компас,nouns,0.0
1925,turbine,мотор,nouns,4.3
1926,furieux,несчастный,adjectives,1.65
1927,chapitre,конец,nouns,0.1
1928,croyance,цветок,nouns,0.05
1929,queue,глава,nouns,0.1
1930,saluer,встречать,verbs,2.25
1931,trouver,исчезать,verbs,0.2
1932,étamine,опыление,nouns,1.8
1933,stupide,редкий,adjectives,0.15
1934,plafond,пол,nouns,1.35
1935,main,запястье,nouns,2.8
1936,copilote,кокпит,nouns,1.1
1937,métal,алюминий,nouns,2.55
1938,gestion,работа,nouns,1.75
1939,surface,зона,nouns,3.65
1940,sûr,утомительный,adjectives,0.2
1941,concrètement,идеально,adverbs,1.1
1942,gomme,мята,nouns,0.65
1943,prendre,получать,verbs,2.35
1944,laid,беспорядочный,adjectives,0.35
1945,statistique,теннис,nouns,0.25
1946,épicé,хороший,adjectives,0.5
1947,reine,пчела,nouns,1.75
1948,croyance,впечатление,nouns,2.85
1949,bruine,дождь,nouns,4.5
1950,voiture,танк,nouns,1.4
1951,énorme,большой,adjectives,4.7
1952,presser,освобождать,verbs,0.2
1953,séparer,отходить,verbs,1.1
1954,content,рассерженный,adjectives,0.7
1955,coton,свитер,nouns,1.3
1956,inquiéter,тратить,verbs,0.15
1957,radiateur,датчик,nouns,0.7
1958,dispositif,кастрюля,nouns,0.3
1959,descendre,отходить,verbs,0.5
1960,accomplir,приветствовать,verbs,0.65
1961,fête,электорат,nouns,1.3
1962,difficile,легкий,adjectives,0.95
1963,feindre,воображать,verbs,1.85
1964,étroit,грязный,adjectives,0.1
1965,écrivain,роман,nouns,1.6
1966,donner,красть,verbs,0.7
1967,cigare,пачка,nouns,1.15
1968,blanc,узкий,adjectives,0.05
1969,arranger,устраивать,verbs,4.75
1970,gagnant,гол,nouns,0.8
1971,courbé,изогнутый,adjectives,5.5
1972,audacieux,гордый,adjectives,1.95
1973,remplacement,обмен,nouns,5.05
1974,subtilement,громко,adverbs,0.65
1975,terne,смешной,adjectives,0.3
1976,rejeter,избегать,verbs,1.8
1977,courrier,скорость,nouns,0.0
1978,chanson,баллада,nouns,4.2
1979,être d'accord,различаться,verbs,0.7
1980,faux,искусственный,adjectives,4.25
1981,madame,господин,nouns,2.55
1982,offenser,оскорблять,verbs,3.85
1983,éblouir,щуриться,verbs,0.5
1984,accepter,доставлять,verbs,0.65
1985,saleté,слякоть,nouns,4.1
1986,garçon,солдат,nouns,1.4
1987,furieux,счастливый,adjectives,0.7
1988,venir,приносить,verbs,0.75
1989,censure,свобода,nouns,1.25
1990,marque,клуб,nouns,0.25
1991,fille,младенец,nouns,2.0
1992,vendre,напоминать,verbs,0.25
1993,entrer,задолжать,verbs,0.15
1994,nécessaire,важный,adjectives,4.1
1995,faire,прекращать,verbs,0.8
1996,heureux,молодой,adjectives,0.45
1997,information,газета,nouns,2.9
1998,président,загрязнение,nouns,0.25
1999,évidemment,грубо,adverbs,0.45
2000,piano,гармония,nouns,1.25
2001,légal,безопасный,adjectives,1.65
2002,auteur,создатель,nouns,4.8
2003,attitude,уверенность,nouns,1.95
2004,ballade,песня,nouns,4.2
2005,princesse,остров,nouns,0.25
2006,neige,погода,nouns,1.6
2007,frites,курсор,nouns,0.2
2008,créer,делать,verbs,4.7
2009,mère,опекунша,nouns,1.2
2010,taille,желудок,nouns,0.35
2011,réveiller,храпеть,verbs,0.85
2012,jamais,отрицательный,adjectives,1.8
2013,enthousiasmé,испуганный,adjectives,0.75
2014,débattre,посещать,verbs,0.55
2015,tricher,обманывать,verbs,4.05
2016,prison,выбор,nouns,0.15
2017,agréable,жестокий,adjectives,0.55
2018,force,мощь,nouns,5.0
2019,évaluer,изучать,verbs,1.75
2020,apprendre,забывать,verbs,0.85
2021,poliment,благоразумно,adverbs,1.55
2022,enquêter,изучать,verbs,4.4
2023,électricité,ящик,nouns,0.95
2024,voiture,гудок,nouns,1.4
2025,ouverture,дверь,nouns,3.05
2026,auxiliaire,служанка,nouns,3.0
2027,conspirateur,стратег,nouns,2.65
2028,criminel,правонарушитель,nouns,4.9
2029,appartement,мебель,nouns,1.45
2030,porte,пол,nouns,0.65
2031,normalement,повседневно,adverbs,3.8
2032,tâche,остров,nouns,0.05
2033,permettre,опровергать,verbs,0.3
2034,marine,остров,nouns,1.0
2035,soldat,мальчик,nouns,1.4
2036,choix,вена,nouns,0.25
2037,lard,мясо,nouns,2.9
2038,cristal,стекло,nouns,3.05
2039,boire,выращивать,verbs,0.05
2040,épicé,слабый,adjectives,0.1
2041,follement,грустно,adverbs,0.5
2042,angle,изгиб,nouns,2.65
2043,canon,ружье,nouns,2.55
2044,papillon,роза,nouns,0.65
2045,historiographe,историк,nouns,3.6
2046,membre,нога,nouns,3.35
2047,manifestement,благоразумно,adverbs,0.8
2048,registre,авария,nouns,0.3
2049,rare,немой,adjectives,0.15
2050,arriver,покидать,verbs,0.2
2051,sculpteur,особняк,nouns,0.55
2052,luire,светиться,verbs,5.1
2053,sacre,воды,nouns,0.25
2054,sérieusement,важно,adverbs,2.2
2055,paume,палец,nouns,1.6
2056,paire,чета,nouns,5.5
2057,biotope,биология,nouns,1.35
2058,uniformément,иногда,adverbs,0.4
2059,autoroute,автомобиль,nouns,1.7
2060,proie,бог,nouns,0.2
2061,céramique,глиняная посуда,nouns,4.35
2062,bonheur,умиротворенность,nouns,2.7
2063,cogitation,телескоп,nouns,0.05
2064,jouer,драться,verbs,0.75
2065,choisir,избирать,verbs,4.35
2066,accord,пакт,nouns,5.05
2067,ongle,кисть,nouns,2.0
2068,blitz,атака,nouns,3.1
2069,blesser,дразнить,verbs,2.3
2070,ciel,мечта,nouns,0.6
2071,boeuf,мясо,nouns,3.1
2072,errer,покидать,verbs,0.45
2073,voiture,такси,nouns,3.4
2074,attacher,объединять,verbs,3.8
2075,manuscrit,статья,nouns,3.0
2076,découvrir,происходить,verbs,0.25
2077,hymne,солома,nouns,0.1
2078,étroit,белый,adjectives,0.05
2079,littérature,слово,nouns,1.7
2080,cousin,дядя,nouns,2.2
2081,fou,довольный,adjectives,0.7
2082,surprendre,праздновать,verbs,0.6
2083,viande,бутерброд,nouns,1.3
2084,doux,агрессивный,adjectives,0.65
2085,assister,спорить,verbs,0.55
2086,pomme,сок,nouns,1.65
2087,jeans,женщина,nouns,0.2
2088,célébration,церемония,nouns,4.55
2089,rationnel,трезвый,adjectives,1.8
2090,puissance,сила,nouns,5.0
2091,poète,журналист,nouns,1.25
2092,décider,думать,verbs,2.25
2093,avalanche,снег,nouns,2.25
2094,garder,лелеять,verbs,1.9
2095,terminer,выпуститься,verbs,2.65
2096,graine,горчица,nouns,2.05
2097,ici,сейчас,adverbs,1.5
2098,penser,решать,verbs,2.25
2099,avocat,банкир,nouns,1.3
2100,disque,зарядное устройство,nouns,1.2
2101,renommée,богатство,nouns,1.75
2102,accepter,рекомендовать,verbs,0.75
2103,ennuyeux,усталый,adjectives,1.05
2104,supporter,крикет,nouns,0.35
2105,mécaniquement,идеально,adverbs,0.2
2106,compter,провалиться,verbs,0.2
2107,en phase terminale,иначе,adverbs,0.05
2108,précieux,ленивый,adjectives,0.1
2109,vacances,календарь,nouns,1.55
2110,film,нигилизм,nouns,0.15
2111,rappeler,продавать,verbs,0.25
2112,facile,жесткий,adjectives,0.2
2113,sol,потолок,nouns,1.35
2114,société,предприятие,nouns,3.25
2115,fraternité,дверь,nouns,0.0
2116,incertain,испуганный,adjectives,1.2
2117,champion,победитель,nouns,5.05
2118,rue,автомобиль,nouns,1.05
2119,donner,отказывать,verbs,0.25
2120,vendre,занимать,verbs,0.65
2121,croître,расширяться,verbs,3.75
2122,paresseux,занятый,adjectives,0.5
2123,préjugé,мнение,nouns,3.25
2124,mûrement,праведно,adverbs,0.95
2125,chaos,урок,nouns,0.25
2126,orthodontiste,врач,nouns,2.85
2127,pouce,ноготь,nouns,2.1
2128,étrange,скрытный,adjectives,1.55
2129,accuser,лгать,verbs,0.6
2130,victime,телефон,nouns,0.1
2131,sembler,приворяться,verbs,2.65
2132,symbole,знак,nouns,5.0
2133,servante,помощница,nouns,3.0
2134,pistolet,пушка,nouns,2.55
2135,hostilité,агрессивность,nouns,4.45
2136,errer,странствовать,verbs,3.4
2137,ouvrier,фотоаппарат,nouns,0.3
2138,présence,победитель,nouns,0.3
2139,faire,происходить,verbs,1.85
2140,livre,тема,nouns,1.08
2141,ordinateur,диск,nouns,1.85
2142,restaurer,приносить,verbs,0.15
2143,n'importe quand,иногда,adverbs,0.3
2144,au-delà,чистилище,nouns,2.35
2145,trouver,искать,verbs,2.0
2146,triomphe,победа,nouns,5.2
2147,communication,телевидение,nouns,2.35
2148,nerf,мозг,nouns,1.6
2149,esprit,мозги,nouns,3.15
2150,rapide,скорый,adjectives,5.15
2151,morale,легенда,nouns,1.2
2152,orage,ураган,nouns,4.0
2153,élection,выбор,nouns,3.15
2154,couloir,проход,nouns,4.0
2155,posséder,поглощать,verbs,0.7
2156,deviner,раздражать,verbs,0.15
2157,pomme,повидло,nouns,1.25
2158,menace,опасность,nouns,5.25
2159,mode,стиль,nouns,3.75
2160,mentir,притворяться,verbs,3.55
2161,gaspiller,беспокоиться,verbs,0.15
2162,cheval,кобыла,nouns,4.45
2163,abeille,матка,nouns,1.75
2164,activement,счастливо,adverbs,0.3
2165,quotidiennement,обычно,adverbs,1.95
2166,zone,область,nouns,3.65
2167,camion,посылка,nouns,0.25
2168,religion,секулярист,nouns,1.15
2169,carton,бумага,nouns,3.45
2170,riz,курятина,nouns,1.0
2171,agonie,горе,nouns,1.95
2172,peut-être,наверное,adverbs,4.4
2173,cadre,удар,nouns,0.1
2174,déguiser,покрывать,verbs,3.05
2175,saisir,удовлетворять,verbs,0.55
2176,balustrade,забор,nouns,4.8
2177,élégamment,красиво,adverbs,3.6
2178,année,юбилей,nouns,2.05
2179,circoncision,крайняя плоть,nouns,2.55
2180,esprit,невроз,nouns,0.95
2181,chimie,теория,nouns,1.45
2182,mettre,давать,verbs,1.25
2183,attacher,отделять,verbs,0.75
2184,impatiemment,грубо,adverbs,0.85
2185,mouiller,уменьшить,verbs,0.05
2186,choix,выборы,nouns,3.15
2187,vieux,новый,adjectives,0.95
2188,gin,виски,nouns,2.5
2189,discrètement,вежливо,adverbs,1.55
2190,aller,начинать,verbs,0.8
2191,île,флот,nouns,1.0
2192,unique,противоположный,adjectives,0.4
2193,voiture,шланг,nouns,0.5
2194,frigide,ранимый,adjectives,0.2
2195,ronfler,проснуться,verbs,0.85
2196,piston,мотор,nouns,2.5
2197,pardonner,принимать,verbs,1.7
2198,supposer,притворяться,verbs,3.75
2199,chaos,анархия,nouns,4.45
2200,impôt,доход,nouns,1.4
2201,brut,невежливый,adjectives,4.55
2202,flexible,крупный,adjectives,0.15
2203,menthe,музей,nouns,0.0
2204,infirmier,ученый,nouns,0.75
2205,pâlir,разъедать,verbs,0.35
2206,soi,уверенность,nouns,2.1
2207,animal,человек,nouns,1.15
2208,bowling,игрок в боулинг,nouns,1.75
2209,affectation,задача,nouns,3.45
2210,sournois,выносливый,adjectives,1.0
2211,nerf,тело,nouns,1.1
2212,antécédent,прошлое,nouns,4.4
2213,soleil,яблоко,nouns,0.3
2214,esprit,бог,nouns,2.55
2215,devoir,одалживать,verbs,1.15
2216,cours,желудок,nouns,0.2
2217,réduire,пропитывать,verbs,0.05
2218,chercher,находить,verbs,2.0
2219,vieux,смешанный,adjectives,0.05
