ID,FRA,POL,PoS,score
1,bizarre,dziwny,adjectives,5.53
2,obtenir,kłaść,verbs,0.25
3,jeune,niespokojny,adjectives,1.0
4,débuter,zaczynać,verbs,5.25
5,parler,uznawać,verbs,0.5
6,flore,natura,nouns,3.45
7,indécis,neutralny,adjectives,2.45
8,ordinaire,nieprawdopodobny,adjectives,0.7
9,violon,gitara,nouns,2.25
10,pierre,kopalnia,nouns,1.3
11,responsablement,niezależnie,adverbs,1.1
12,capitaine,żeglarz,nouns,3.2
13,représenter,powiadamiać,verbs,1.35
14,convaincre,argumentować,verbs,3.4
15,constitution,cesarz,nouns,0.6
16,créateur,autor,nouns,5.5
17,pop-corn,kino,nouns,1.1
18,magistrat,sędzia,nouns,4.4
19,force,wytrzymałość,nouns,3.05
20,cuirassé,drednot,nouns,4.65
21,galaxie,aplikacja,nouns,0.1
22,aller,sprzedawać,verbs,0.2
23,jus,łyżka,nouns,0.5
24,massivement,otwarcie,adverbs,0.75
25,badge,szklanka,nouns,0.3
26,salaire,pieniądze,nouns,3.9
27,croiseur,pancernik,nouns,4.65
28,imaginer,udawać,verbs,1.8
29,annuler,odrzucić,verbs,3.1
30,baseball,koszykówka,nouns,2.4
31,faux,sztuczny,adjectives,4.5
32,médaille,adidasy,nouns,0.3
33,télévision,aktor,nouns,1.2
34,svelte,wąski,adjectives,2.8
35,spirituel,bezcielesny,adjectives,4.45
36,livre,motyw,nouns,0.65
37,poignet,ręka,nouns,2.55
38,lire,gryźć,verbs,0.0
39,concept,przekonanie,nouns,2.25
40,groupe,trunek,nouns,0.15
41,dinosaure,słoń,nouns,1.1
42,coeur,chirurgia,nouns,1.05
43,errer,szukać,verbs,1.75
44,économie,ekosystem,nouns,0.8
45,dernièrement,niedawno,adverbs,5.65
46,république,książę,nouns,0.3
47,parapsychologie,neuropsychologia,nouns,1.85
48,hurler,krzyczeć,verbs,5.65
49,tâche,wyspa,nouns,0.05
50,enterrer,przykryć,verbs,3.0
51,critique,niegrzeczny,adjectives,0.65
52,bruyamment,subtelnie,adverbs,0.65
53,branche,ramię,nouns,0.95
54,sérieusement,szczerze,adverbs,2.05
55,danger,zagrożenie,nouns,5.7
56,déchirer,nosić,verbs,0.1
57,intelligent,tępy,adjectives,0.75
58,brillamment,lekko,adverbs,0.45
59,manifeste,nieujawniony,adjectives,0.4
60,représenter,decydować,verbs,0.8
61,fort,mocny,adjectives,5.0
62,convaincre,próbować,verbs,1.15
63,décoration,ściana,nouns,1.15
64,nerveux,przestraszony,adjectives,1.65
65,ordinaire,przeciętny,adjectives,3.35
66,conquête,hymn,nouns,0.4
67,heureux,młody,adjectives,0.5
68,collant,brudny,adjectives,2.1
69,confidentiel,jawny,adjectives,0.4
70,adulte,rodzic,nouns,3.05
71,obtenir,pozostać,verbs,0.2
72,accepter,dostarczać,verbs,0.55
73,véhicule,autobus,nouns,3.7
74,prier,komunikować,verbs,0.7
75,cheval,wół,nouns,2.0
76,symbole,znak,nouns,5.6
77,cuillère,sok,nouns,0.5
78,combattre,bawić się,verbs,0.7
79,robe,taniec,nouns,0.45
80,casser,pękać,verbs,3.55
81,croyance,wartość,nouns,2.45
82,infraction,oszustwo,nouns,4.4
83,pomme,cukierek,nouns,1.1
84,crédit,pożyczkobiorca,nouns,1.7
85,achevé,skończony,adjectives,5.4
86,émotion,pasja,nouns,3.05
87,bien,pikantny,adjectives,0.4
88,fier,śmiały,adjectives,2.0
89,moine,krzyż,nouns,1.15
90,perdre,odejmować,verbs,1.85
91,possibilité,wolność,nouns,4.55
92,accuser,kłamać,verbs,0.5
93,chèvre,krowa,nouns,1.85
94,éclaireur,łucznik,nouns,1.85
95,dollar,milioner,nouns,1.25
96,avocat,bankier,nouns,1.1
97,plonger,tworzyć,verbs,0.1
98,marginalement,pobieżnie,adverbs,1.2
99,certainement,wyraźnie,adverbs,3.4
100,après,przed,adverbs,1.15
101,tasse,rożek,nouns,0.3
102,proclamer,ogłaszać,verbs,4.85
103,ignorant,regularny,adjectives,0.45
104,sagesse,inteligencja,nouns,4.35
105,au-delà,czyściec,nouns,2.55
106,principalement,przeważnie,adverbs,5.1
107,souris,pokład,nouns,0.05
108,doux,średni,adjectives,0.9
109,course,filozof,nouns,0.15
110,accepter,wybaczać,verbs,2.25
111,session,pacjent,nouns,0.1
112,répéter,ćwiczyć,verbs,3.75
113,intensité,gwiazda,nouns,1.2
114,privé,osobisty,adjectives,5.4
115,choix,rozdział,nouns,0.55
116,sournois,hardy,adjectives,1.0
117,fissurer,złamać się,verbs,3.55
118,apocalypse,ogień,nouns,1.4
119,permettre,pozwalać,verbs,5.2
120,communiquer,modlić się,verbs,0.7
121,médecin,usposobienie,nouns,0.0
122,éclaboussure,lepkość,nouns,0.3
123,intelligent,bystry,adjectives,4.95
124,sembler,stać się,verbs,1.05
125,rapidement,pilnie,adverbs,4.3
126,acquérir,uzyskać,verbs,4.95
127,femme,zadanie,nouns,0.05
128,appartement,hotel,nouns,1.9
129,terminer,złapać,verbs,0.2
130,haricot,bekon,nouns,0.85
131,corps,kręgosłup,nouns,1.5
132,lit,szpital,nouns,0.95
133,homophone,fotofon,nouns,0.3
134,bronchite,acetaminofen,nouns,1.0
135,pied,piasek,nouns,0.3
136,enseignant,rabin,nouns,2.1
137,permettre,dać,verbs,1.55
138,sauver,wydawać,verbs,0.25
139,ignorer,pytać,verbs,0.55
140,roi,władca,nouns,5.2
141,morale,legenda,nouns,1.3
142,capturer,złapać,verbs,5.7
143,neutre,spokojny,adjectives,1.75
144,administration,kierownictwo,nouns,4.35
145,radar,dżojstik,nouns,0.1
146,boîte,cygaro,nouns,0.7
147,constitution,senat,nouns,1.65
148,créer,budować,verbs,4.65
149,exotique,rzadki,adjectives,4.55
150,ouragan,burza,nouns,3.0
151,soigneusement,przezornie,adverbs,3.8
152,combiner,miksować,verbs,4.85
153,réinhumation,grób,nouns,2.0
154,restreindre,redukować,verbs,4.75
155,révision,prognoza,nouns,0.6
156,choix,więzienie,nouns,0.2
157,important,kluczowy,adjectives,5.55
158,carte mère,płyta główna,nouns,3.5
159,fini,zakończony,adjectives,5.4
160,intuition,zmysł,nouns,4.05
161,difficile,gęsty,adjectives,1.15
162,immature,dorosły,adjectives,0.7
163,boire,sączyć,verbs,4.25
164,tisser,ruszać,verbs,0.15
165,lin,tkanina,nouns,3.75
166,laisser,spotykać,verbs,0.35
167,pur,skromny,adjectives,1.2
168,gagnant,obecność,nouns,0.3
169,fait,dowód,nouns,3.75
170,chanceux,zawstydzony,adjectives,0.45
171,prévision,zachmurzenie,nouns,0.6
172,clarifier,tłumaczyć,verbs,5.7
173,gros,narodowy,adjectives,0.15
174,agrume,pomarańcza,nouns,3.9
175,merveilleux,świetny,adjectives,5.55
176,sûr,nużący,adjectives,0.2
177,oublier,przypominać,verbs,0.75
178,collecte de fonds,wydarzenie,nouns,1.15
179,inquiéter,marnować,verbs,0.15
180,esprit,mózg,nouns,3.75
181,argent,pensja,nouns,3.9
182,mer,rzeka,nouns,2.1
183,donner,otrzymywać,verbs,0.95
184,courrier,szybkość,nouns,0.0
185,ici,teraz,adverbs,1.5
186,frère,dusza,nouns,0.45
187,amical,nieprawdopodobny,adverbs,0.05
188,preuve,fakt,nouns,3.75
189,se renseigner,wymagać,verbs,0.65
190,accepter,otrzymywać,verbs,2.4
191,tromper,oszukać,verbs,4.3
192,canapé,baseball,nouns,0.05
193,choisir,decydować,verbs,4.8
194,tâche,słoma,nouns,0.0
195,rare,niezwykły,adjectives,5.0
196,os,łokieć,nouns,1.7
197,circonstance,sytuacja,nouns,5.0
198,content,szczęśliwy,adjectives,5.0
199,rapide,szybki,adjectives,5.5
200,précis,błędny,adjectives,0.25
201,anarchie,chaos,nouns,4.55
202,fâché,szczęśliwy,adjectives,0.75
203,esprit,bóg,nouns,2.55
204,sauver,ocalać,verbs,5.7
205,sûrement,zdecydowanie,adverbs,5.65
206,prédire,przypuszczać,verbs,3.5
207,hymne,biblia,nouns,0.7
208,se battre,zabić,verbs,1.55
209,contrarier,zniechęcać,verbs,1.85
210,environnement,miecz,nouns,0.05
211,heureusement,śmiertelnie,adverbs,0.3
212,cloche,wieża,nouns,1.05
213,acheter,dostać,verbs,0.95
214,théorie,chemia,nouns,1.3
215,soleil,niebo,nouns,1.85
216,whisky,alkohol,nouns,3.3
217,tremblement de terre,wstrząs,nouns,4.55
218,bouger,tkać,verbs,0.15
219,conforter,poniżać,verbs,0.45
220,île,plaża,nouns,2.15
221,engloutir,sączyć,verbs,1.55
222,docteur,lekarz,nouns,5.6
223,moteur,tłok,nouns,2.6
224,affaire,korporacja,nouns,2.4
225,échouage,pokój,nouns,1.25
226,apparent,oczywisty,adjectives,3.85
227,étrangement,nadzwyczajnie,adverbs,2.05
228,bain,polano,nouns,0.0
229,cogitation,teleskop,nouns,0.05
230,bras,kość,nouns,1.55
231,employeur,robotnik,nouns,1.35
232,construire,dodawać,verbs,1.2
233,différemment,nieuleczalnie,adverbs,0.3
234,flotter,śpiewać,verbs,0.1
235,réprimer,wyrzekać się,verbs,1.8
236,poliment,dyskretnie,adverbs,1.75
237,délicatement,obecnie,adverbs,0.15
238,aider,pytać,verbs,0.6
239,débattre,uczęszczać,verbs,0.55
240,industrie,biznes,nouns,2.6
241,étudiant,uczeń,nouns,5.1
242,paquet,ciężarówka,nouns,0.6
243,expliquer,dyskutować,verbs,2.45
244,livre,literatura,nouns,3.4
245,pleinement,zasadniczo,adverbs,1.3
246,sembler,udawać,verbs,1.55
247,rappeler,zapominać,verbs,0.75
248,étrange,cudaczny,adjectives,5.25
249,doigt,dłoń,nouns,1.8
250,retenir,zapominać,verbs,1.05
251,tranchant,łagodny,adjectives,0.7
252,auteur,twórca,nouns,5.5
253,molécule,powietrze,nouns,1.45
254,recommander,akceptować,verbs,0.7
255,punir,przestrzegać,verbs,1.2
256,orange,cytrus,nouns,3.9
257,maison,stan,nouns,0.05
258,tuteur,dorosły,nouns,2.95
259,nihilisme,film,nouns,0.15
260,usine,samochód,nouns,0.65
261,généralement,nieregularnie,adverbs,0.75
262,situation,okoliczność,nouns,5.0
263,lire,rozumieć,verbs,0.95
264,mur,dekoracja,nouns,1.15
265,chercher,polować,verbs,2.3
266,rester,dostać,verbs,0.2
267,langue,gardło,nouns,1.65
268,histoire,ołówek,nouns,0.25
269,essayer,osiągnąć,verbs,0.9
270,poitrine,ciało,nouns,2.15
271,théâtre,bateria,nouns,0.05
272,doigt,palec (u nogi),nouns,4.2
273,sphère,piłka,nouns,2.7
274,compagnon,kumpel,nouns,4.9
275,ascenseur,samochód,nouns,0.35
276,week-end,wyścig,nouns,0.25
277,football,futbol,nouns,4.8
278,satisfaire,zabawiać,verbs,1.8
279,côte,brzeg,nouns,4.85
280,taille,wielkość,nouns,4.6
281,alcool,koniak,nouns,3.45
282,arrière,ogon,nouns,3.1
283,puissant,potężny,adjectives,5.0
284,tombe,ponowny pochówek,nouns,2.0
285,donner,zezwalać,verbs,1.55
286,présence,drzwi,nouns,0.15
287,fier,silny,adjectives,1.3
288,feuille,płaszczyzna,nouns,0.3
289,extraverti,przychodzący,adjectives,0.7
290,garder,posiadać,verbs,2.6
291,attraper,uwalniać,verbs,0.2
292,vague,pogoda,nouns,0.5
293,retenir,pozostać,verbs,1.4
294,bulbe,kwiat,nouns,2.2
295,incurvé,agresywny,adjectives,0.0
296,sol,drzwi,nouns,0.55
297,canapé,łóżko,nouns,3.5
298,coude,kość,nouns,1.7
299,oasis,wolność,nouns,0.5
300,divertir,zadowalać,verbs,1.8
301,insecte,pszczoła,nouns,3.2
302,prêter,być dłużnym,verbs,1.75
303,attaque,ranić,verbs,2.4
304,entrer,być dłużnym,verbs,0.15
305,généreusement,nigdy,adverbs,0.05
306,corniche,góra,nouns,2.2
307,faire,stać się,verbs,0.65
308,lit,sypialnia,nouns,2.25
309,grossier,agresywny,adjectives,2.35
310,accepter,polecać,verbs,0.7
311,hypothèse,teoria,nouns,4.65
312,immoral,zły,adjectives,3.7
313,falaise,wzgórze,nouns,2.55
314,rincer,myć,verbs,4.1
315,nerveux,pewien,adjectives,0.15
316,moyen,łagodny,adjectives,0.9
317,apparemment,prosto,adverbs,1.4
318,tiroir,ubrania,nouns,0.85
319,conversion,wysokość,nouns,0.4
320,acteur,wielościan,nouns,0.0
321,ennuyé,nudny,adjectives,1.6
322,chevaucher,biegać,verbs,0.85
323,type,ogier,nouns,1.4
324,marrant,nudny,adjectives,0.25
325,voyager,iść,verbs,3.45
326,protéger,ratować,verbs,3.5
327,canon,bal,nouns,0.5
328,porte,wyjście,nouns,3.5
329,renier,zaniedbać,verbs,1.55
330,bruit,brzęk,nouns,3.75
331,renoncer,wyrzec się,verbs,3.85
332,profusion,obfitość,nouns,5.15
333,idiot,głupi,adjectives,5.75
334,satire,mit,nouns,1.9
335,arme,hełm,nouns,1.25
336,génie,lampa,nouns,1.25
337,dentiste,pułkownik,nouns,0.25
338,parfois,jednorodnie,adverbs,0.35
339,extraterrestre,cudzoziemiec,nouns,4.1
340,officiellement,silnie,adverbs,0.55
341,atome,cząsteczka,nouns,3.7
342,gratte-ciel,pałac,nouns,1.5
343,clairement,pewnie,adverbs,3.4
344,peut-être,prawdopodobnie,adverbs,4.8
345,musique,melodia,nouns,4.5
346,fou,niepoczytalny,adjectives,5.45
347,couler,dryfować,verbs,2.8
348,principalement,krytycznie,adverbs,0.65
349,affreux,zły,adjectives,2.95
350,club,znak,nouns,0.25
351,passion,emocja,nouns,3.05
352,flic,drugi pilot,nouns,0.4
353,fraise,wiśnia,nouns,2.6
354,envoyer,iść,verbs,0.45
355,sultan,ministerstwo,nouns,0.65
356,sous-vêtement,ciało,nouns,1.0
357,pistolet,futro,nouns,0.05
358,désincarné,duchowy,adjectives,4.45
359,trou,porozumienie,nouns,0.0
360,emprunter,chcieć,verbs,0.75
361,devenir,pojawić się,verbs,1.45
362,attacher,oddzielać,verbs,0.75
363,cinquième,czołowy,adjectives,0.15
364,cinématographie,reżyser,nouns,1.75
365,clavier,światło,nouns,0.1
366,collant,mokry,adjectives,1.25
367,participer,współpracować,verbs,3.55
368,voiture,winda,nouns,0.35
369,mer,delta,nouns,1.6
370,journée,poranek,nouns,2.7
371,prendre,dostarczać,verbs,0.6
372,éventuellement,optymistycznie,adverbs,0.8
373,concours,waluta,nouns,0.65
374,apeuré,zaniepokojony,adjectives,3.65
375,électrique,słodki,adjectives,0.2
376,mutant,socjobiologia,nouns,0.4
377,jamais,szczerze,adverbs,0.05
378,inutilisé,nowy,adjectives,4.85
379,couvent,prysznic,nouns,0.1
380,génial,wspaniały,adjectives,5.55
381,dieu,ksiądz,nouns,1.35
382,jupe,zegarek,nouns,0.4
383,emprunter,dać,verbs,1.8
384,confession,wyparcie,nouns,1.0
385,rivaliser,skończyć,verbs,0.15
386,bouillir,smażyć,verbs,2.75
387,flic,szeryf,nouns,3.8
388,doux,ostry,adjectives,0.7
389,mouche,mrówka,nouns,1.85
390,perdre,dostać,verbs,0.7
391,menthe,muzeum,nouns,0.05
392,en phase terminale,głównie,adverbs,0.0
393,mousse,bańka,nouns,2.1
394,casque,broń,nouns,1.25
395,tuer,bronić,verbs,0.8
396,débattre,wrzeszczeć,verbs,2.6
397,apporter,nieść,verbs,3.05
398,construire,robić,verbs,3.9
399,théorie,twierdzenie,nouns,4.45
400,secousse,trzęsienie ziemi,nouns,4.55
401,plage,wybrzeże,nouns,3.6
402,côte,plaża,nouns,3.6
403,heureusement,aktywnie,adverbs,0.5
404,voiture,wąż (ogrodowy),nouns,0.35
405,puissance,siła,nouns,5.05
406,fier,smutny,adjectives,0.65
407,couverture,drewno,nouns,0.15
408,violent,rozzłoszczony,adjectives,2.35
409,aider,asystować,verbs,5.2
410,rose,motyl,nouns,0.45
411,don,pisarz,nouns,0.25
412,plage,wyspa,nouns,2.15
413,mur,zamek,nouns,0.7
414,empereur,konstytucja,nouns,0.6
415,bois,koc,nouns,0.15
416,analyser,porównywać,verbs,3.85
417,corde,drut,nouns,3.9
418,aluminium,blacha,nouns,2.65
419,femme,futro,nouns,0.25
420,os,ramię,nouns,1.55
421,machine,silnik,nouns,3.85
422,déclarer,ogłaszać,verbs,5.4
423,vison,olej,nouns,0.1
424,puissant,słaby,adjectives,0.7
425,gentiment,życzliwie,adverbs,2.9
426,prétendre,ukazywać,verbs,0.3
427,difficulté,wysiłek,nouns,3.55
428,informer,powiadamiać,verbs,5.8
429,veine,żołądek,nouns,0.8
430,prédire,ustalać,verbs,3.0
431,suggérer,radzić,verbs,4.85
432,mythe,satyra,nouns,1.9
433,école,prawo,nouns,0.95
434,emprunter,sprzedawać,verbs,0.6
435,éviter,zaprzeczać,verbs,0.75
436,bétail,wołowina,nouns,4.0
437,viande,stek,nouns,4.45
438,anthropologie,archeologia,nouns,2.15
439,énorme,tępy,adjectives,0.65
440,rayon,światło słoneczne,nouns,3.05
441,manager,lider,nouns,4.35
442,trouver,zlokalizować,verbs,4.35
443,baseball,kanapa,nouns,0.05
444,danger,dolegliwość,nouns,0.85
445,prendre sa retraite,wycofać się,verbs,1.65
446,sociobiologie,mutant,nouns,0.4
447,tragédie,śmierć,nouns,3.05
448,arithmétique,rytm,nouns,0.1
449,chapitre,ogon,nouns,0.0
450,fastidieux,pewny,adjectives,0.2
451,tête,paznokieć,nouns,0.75
452,perle,pieniądze,nouns,0.9
453,salade,ocet,nouns,1.05
454,chiffre,cytoplazma,nouns,0.0
455,sûrement,szczęśliwie,adverbs,2.0
456,aggraver,napadać,verbs,1.1
457,opinion,przekonanie,nouns,3.95
458,football,zabawa,nouns,0.95
459,téléphone,komórka,nouns,5.55
460,entrer,wychodzić,verbs,0.45
461,prédire,zakładać,verbs,3.15
462,matrice,cząsteczka,nouns,0.3
463,langue,policzek,nouns,1.3
464,campus,uniwersytet,nouns,3.95
465,photophone,homofon,nouns,0.3
466,réduire,obniżać,verbs,4.85
467,bacon,fasola,nouns,0.85
468,psychologie,nauka,nouns,2.35
469,désirer,chcieć,verbs,5.5
470,côte,kanonierka,nouns,0.2
471,manuscrit,artykuł,nouns,1.85
472,cuillère,filiżanka,nouns,1.15
473,héros,bohaterka,nouns,4.75
474,nécessaire,ważny,adjectives,4.45
475,bois,polano,nouns,3.85
476,dictionnaire,definicja,nouns,2.25
477,apprendre,edukować,verbs,4.2
478,irresponsable,niedojrzały,adjectives,4.5
479,follement,smutno,adverbs,0.35
480,adjoint,funkcjonariusz,nouns,1.9
481,terrible,zły,adjectives,4.1
482,nature,flora,nouns,3.45
483,riz,kurczak,nouns,0.75
484,discrètement,oczywiście,adverbs,0.55
485,agressif,niegrzeczny,adjectives,2.35
486,plage,brzeg morski,nouns,4.2
487,câble,przewód,nouns,3.9
488,club,stowarzyszenie,nouns,4.45
489,mélanger,jeździć,verbs,0.1
490,ongle,głowa,nouns,0.75
491,apparaître,wychodzić,verbs,0.35
492,moteur,silnik,nouns,4.0
493,connu,popularny,adjectives,5.25
494,cours,żołądek,nouns,0.1
495,protéger,bronić,verbs,5.3
496,infection,fleksja,nouns,0.2
497,accord,pakt,nouns,5.2
498,précieux,leniwy,adjectives,0.1
499,rassembler,zbierać,verbs,5.75
500,plaider,zadowalać,verbs,0.15
501,détériorer,wycierać,verbs,0.4
502,milliardaire,bezdomny,nouns,0.75
503,cheval,pies,nouns,1.35
504,donner,kraść,verbs,0.7
505,terne,śmieszny,adjectives,0.25
506,armée,oddział,nouns,2.8
507,courbé,wygięty,adjectives,5.45
508,surtout,prawdziwie,adverbs,1.85
509,hashtag,temat,nouns,2.7
510,rassembler,uczęszczać,verbs,1.3
511,soleil couchant,sznurek,nouns,0.0
512,disparaître,kurczyć się,verbs,2.05
513,vêtement,płaszcz,nouns,3.05
514,soldat,pokój,nouns,0.85
515,vol,lotnictwo,nouns,2.4
516,lèvre,biodro,nouns,0.65
517,météo,fala,nouns,0.5
518,secrétaire,kobieta,nouns,1.7
519,cuisiner,smażyć,verbs,3.0
520,honteux,zmartwiony,adjectives,1.0
521,légion,armia,nouns,3.35
522,confiance,postawa,nouns,2.35
523,duché,księstwo,nouns,4.25
524,vache,koza,nouns,1.85
525,exiger,dowiadywać się,verbs,0.65
526,anniversaire,urodziny,nouns,2.4
527,bon,grzeczny,adjectives,2.0
528,veste,ubrania,nouns,2.8
529,généreusement,życzliwie,adverbs,2.45
530,débattre,debatować,verbs,4.35
531,poli,właściwy,adjectives,2.0
532,île,księżniczka,nouns,0.25
533,mal,okropny,adjectives,4.1
534,base-ball,braterstwo,nouns,0.2
535,équation,formuła,nouns,3.85
536,légal,dozwolony,adjectives,5.0
537,bouilli,gotowany,adjectives,3.85
538,dur,łatwy,adjectives,0.7
539,président,burmistrz,nouns,2.25
540,séparer,przyłączać,verbs,0.75
541,faire,konstruować,verbs,3.9
542,vinaigre,sałatka,nouns,1.05
543,dollar,ludzie,nouns,0.05
544,avec optimisme,możliwie,adverbs,0.8
545,traiter,płacić,verbs,1.15
546,raquette,hałas,nouns,0.25
547,emprunteur,kredyt,nouns,1.7
548,voler,nabyć,verbs,1.35
549,approuver,pozwalać,verbs,3.8
550,doux,elektryczny,adjectives,0.2
551,mort,tragedia,nouns,3.05
552,normalement,nienormalnie,adverbs,0.75
553,curieusement,inaczej,adverbs,1.75
554,supposer,przewidywać,verbs,3.33
555,âge,piękno,nouns,0.6
556,campement,domek,nouns,0.9
557,devenir,wydawać się,verbs,1.05
558,câble,kaplica,nouns,0.1
559,au fond,zupełnie,adverbs,1.3
560,propre,niechlujny,adjectives,0.75
561,champion,zwycięzca,nouns,5.05
562,cryptogramme,symbol,nouns,3.9
563,payer,traktować,verbs,1.15
564,extraverti,miły,adjectives,2.4
565,solitaire,biedny,adjectives,0.95
566,élastique,giętki,adjectives,5.0
567,négociation,dyplomacja,nouns,3.15
568,blé,zboże ,nouns,4.3
569,soulever,holować,verbs,1.9
570,arranger,ustalać,verbs,4.2
571,voiture,most,nouns,0.3
572,prison,wybór,nouns,0.2
573,blesser,upaść,verbs,0.95
574,cliquetis,hałas,nouns,3.75
575,caractère,doktor,nouns,0.0
576,savoir,dać,verbs,0.4
577,punir,uczyć,verbs,0.35
578,enjoué,szczęśliwy,adjectives,4.75
579,dériver,płynąć,verbs,2.8
580,impatient,zaniepokojony,adjectives,2.05
581,acquérir,ukraść,verbs,1.35
582,décider,ukazywać,verbs,0.8
583,magnitude,głębia,nouns,1.6
584,liqueur,stulecie,nouns,0.1
585,eau,koronacja,nouns,0.25
586,nier,dać,verbs,0.2
587,officiellement,znacząco,adverbs,1.15
588,libérer,naciskać,verbs,0.2
589,delta,morze,nouns,1.6
590,éléphant,kompas,nouns,0.0
591,queue,miska,nouns,0.05
592,schéma,pomysł,nouns,2.8
593,probablement,może,adverbs,4.8
594,neutre,niezdecydowany,adjectives,2.45
595,longévité,zespół,nouns,0.1
596,légende,morał,nouns,1.3
597,informer,polerować,verbs,0.1
598,critiquer,pchać,verbs,0.2
599,vallée,kanion,nouns,3.7
600,iris,acetylocholina,nouns,nan
601,national,znany,adjectives,1.05
602,névrose,umysł,nouns,1.15
603,unir,wiązać,verbs,4.05
604,engrais,wzrost,nouns,1.35
605,bacon,śniadanie,nouns,1.35
606,autobus,pojazd,nouns,3.7
607,échouage,szachy,nouns,1.95
608,tristement,szalenie,adverbs,0.35
609,symbole,kod,nouns,2.7
610,transparent,wskaźnik,nouns,0.1
611,appareil photo,kontynuacja,nouns,0.15
612,garçon,partner,nouns,1.65
613,se plaindre,kłócić się,verbs,1.8
614,spectacle,matematyk,nouns,0.1
615,logique,inteligencja,nouns,3.15
616,cône,filiżanka,nouns,0.3
617,croyance,pojęcie,nouns,2.25
618,entrée,przejście,nouns,1.65
619,fermement,miękko,adverbs,0.7
620,fenêtre,kostka,nouns,0.0
621,complètement,marginalnie,adverbs,0.95
622,rencontrer,pływać,verbs,0.3
623,heureux,rozzłoszczony,adjectives,0.75
624,paresseux,zajęty,adjectives,0.45
625,frapper,pociągać,verbs,0.55
626,profession,koledż,nouns,0.6
627,réduire,ograniczać,verbs,4.75
628,fête,maska,nouns,1.2
629,plaisir,piłka nożna,nouns,0.95
630,entreprise,biznes,nouns,4.25
631,étrange,dziwaczny,adjectives,5.8
632,évacuer,ustalać,verbs,0.2
633,mort,katastrofa,nouns,2.3
634,légèrement,kompletnie,adverbs,0.95
635,rétracter,przejść na emeryturę,verbs,1.65
636,archer,zwiadowca,nouns,1.85
637,ordinateur,maszyna,nouns,4.25
638,chat,zwięrzę domowe,nouns,3.7
639,pathogène,zarazek,nouns,3.85
640,rejoindre,uczestniczyć,verbs,2.7
641,propager,rozmazywać,verbs,4.2
642,fil,przędza,nouns,3.65
643,sauver,niszczyć,verbs,0.6
644,trouver,zniknąć,verbs,0.2
645,opposant,przeciwnik,nouns,5.45
646,traducteur,obcokrajowiec,nouns,1.0
647,découvrir,zdać sobie sprawę,verbs,3.55
648,juger,zeznawać,verbs,1.15
649,beau,wspaniały,adjectives,4.05
650,crédule,głupi,adjectives,3.15
651,évaluer,uczyć się,verbs,1.5
652,acquérir,znaleźć,verbs,2.2
653,coucher de soleil,wieczór,nouns,3.2
654,véridique,nieuczciwy,adjectives,0.5
655,légal,bezpieczny,adjectives,2.6
656,vêtement,kurtka,nouns,2.8
657,débattre,usprawiedliwiać,verbs,3.0
658,différer,zgadzać się,verbs,0.7
659,têtu,głupi,adjectives,1.3
660,jurer,obiecywać,verbs,4.95
661,laid,prymitywny,adjectives,1.05
662,bruyamment,cicho,adverbs,0.55
663,presser,uwalniać,verbs,0.2
664,cave,drzwi,nouns,0.7
665,fortement,oficjalnie,adverbs,0.55
666,découvrir,eksplorować,verbs,3.95
667,pâlir,erodować,verbs,0.9
668,essayer,przekonywać,verbs,1.15
669,reconnaître,mówić,verbs,0.5
670,justement,dojrzale,adverbs,1.6
671,écosystème,ekonomia,nouns,0.8
672,bruit,rakieta,nouns,0.25
673,chapeau,pudełko,nouns,0.75
674,emballage,port,nouns,0.5
675,centime,rozmiar,nouns,0.05
676,bain,pokój,nouns,0.85
677,maison,mieszkanie,nouns,4.4
678,chambre à coucher,łóżko,nouns,2.25
679,palais,wieżowiec,nouns,1.5
680,prépuce,obrzezanie,nouns,1.75
681,costume,bal,nouns,1.15
682,théorème,teoria,nouns,4.45
683,absorber,posiąść,verbs,1.15
684,affaire,firma,nouns,4.25
685,homme,wujek,nouns,2.15
686,ballon,siatkówka,nouns,1.75
687,protéine,uchwyt,nouns,0.1
688,principauté,ziemie książęce,nouns,4.25
689,obtenir,stracić,verbs,0.7
690,porte,podłoga,nouns,0.55
691,protéger,pomagać,verbs,3.0
692,plus tard,nigdy,adverbs,1.3
693,cabine,telefon,nouns,1.4
694,dépenser,oszczędzać,verbs,0.25
695,se dissiper,zniknąć,verbs,5.0
696,sujet,hasztag,nouns,2.7
697,château,ściana,nouns,0.7
698,paisiblement,dumnie,adverbs,0.45
699,terminer,rozwiązać,verbs,3.85
700,immature,nieodpowiedzialny,adjectives,4.5
701,avancer,promować,verbs,3.05
702,copain,towarzysz,nouns,4.9
703,approximativement,łatwo,adverbs,0.4
704,agriculture,roślina,nouns,1.1
705,métal,blacha,nouns,3.55
706,vin,alkohol,nouns,3.35
707,dieu,ojciec,nouns,2.5
708,bol,ogon,nouns,0.05
709,père,rodzic,nouns,4.95
710,chat,królik,nouns,1.5
711,apprécier,zabawiać,verbs,0.65
712,persuader,dążyć,verbs,1.3
713,boire,wymieszać,verbs,0.45
714,cinéma,popcorn,nouns,1.1
715,attendre,zostać,verbs,2.35
716,terrifiant,szalony,adjectives,1.5
717,activement,szczęśliwie,adverbs,0.5
718,renier,wyrzekać się,verbs,3.85
719,chaos,anarchia,nouns,4.55
720,sale,tani,adjectives,0.2
721,nécessiter,ustalać,verbs,0.45
722,orthodontiste,dentysta,nouns,4.5
723,radiateur,parasol,nouns,0.25
724,abordable,niedrogi,adjectives,5.75
725,président,uczeń,nouns,0.6
726,fier,biedny,adjectives,0.4
727,souris,kierownictwo,nouns,0.05
728,énorme,wielki,adjectives,5.25
729,cadre,hit,nouns,0.1
730,chauvin,uprzedzenie,nouns,0.95
731,polir,informować,verbs,0.1
732,orage,huragan,nouns,3.0
733,infirmier,naukowiec,nouns,0.7
734,doucement,twardo,adverbs,0.7
735,jambe,kończyna,nouns,4.4
736,pardonner,zapominać,verbs,2.75
737,singe,kampania,nouns,0.05
738,accomplir,stać się,verbs,2.05
739,mot,fraza,nouns,3.95
740,suivre,ścigać,verbs,3.0
741,perdre,gotować,verbs,0.05
742,jauge,samochód,nouns,0.35
743,princesse,wyspa,nouns,0.25
744,aller,wysyłać,verbs,0.45
745,jamais,później,adverbs,1.3
746,étoile,jasność,nouns,1.2
747,diplomatie,negocjacja,nouns,3.15
748,comprendre,pojmować,verbs,5.45
749,montre,spódnica,nouns,0.4
750,pomme de terre,masło,nouns,1.05
751,sorcier,kabel,nouns,0.0
752,coupable,uczciwy,adjectives,0.6
753,uniforme,nieukształtowany,adjectives,0.55
754,oublier,zatrzymywać,verbs,1.05
755,influencer,skłaniać,verbs,2.95
756,galerie,prawnik,nouns,0.05
757,complètement,wyłącznie,adverbs,2.7
758,voiture,ulica,nouns,0.8
759,vainqueur,mężczyzna,nouns,0.8
760,pistolet,ludzie,nouns,0.2
761,papier,karton,nouns,3.8
762,mépriser,nienawidzić,verbs,4.75
763,aviation,lot,nouns,2.4
764,généralement,szczerze,adverbs,0.5
765,autre,przeciwny,adjectives,2.05
766,adulte,opiekun,nouns,2.95
767,mériter,zarabiać,verbs,1.75
768,basket,medal,nouns,0.3
769,style,elegancja,nouns,4.7
770,football américain,piłka nożna,nouns,4.8
771,s'entraîner,powtarzać,verbs,3.75
772,bébé,córka,nouns,2.6
773,facilement,pobieżnie,adverbs,0.4
774,syntagme,słowo,nouns,3.95
775,rein,organ,nouns,3.85
776,faux,precyzyjny,adjectives,0.25
777,perspective,dystans,nouns,2.85
778,triomphe,zwycięstwo,nouns,5.85
779,nouveau,świeży,adjectives,4.25
780,lycée,zawód,nouns,0.6
781,livre,esej,nouns,1.05
782,mot,literatura,nouns,2.15
783,sale,klejący,adjectives,2.1
784,célébration,ceremonia,nouns,5.45
785,honneur,insygnia,nouns,2.1
786,exiger,argumentować,verbs,1.2
787,colonne vertébrale,ciało,nouns,1.5
788,gagner,zasługiwać,verbs,1.75
789,phonologie,ekran,nouns,0.05
790,ouvertement,ogromnie,adverbs,0.75
791,désordonné,czysty,adjectives,0.75
792,succès,rama,nouns,0.1
793,humide,klejący,adjectives,1.25
794,chien,koń,nouns,1.35
795,pacifiquement,chaotycznie,adverbs,0.5
796,bras,nadgarstek,nouns,1.75
797,effrayé,nieśmiały,adjectives,2.1
798,bon marché,tani,adjectives,5.75
799,apparaître,uczęszczać,verbs,1.35
800,pomme,dieta,nouns,0.65
801,rivière,morze,nouns,2.1
802,expulser,opuścić,verbs,2.0
803,repas,wieczerza,nouns,4.7
804,bowling,kręglarz,nouns,1.75
805,être d'accord,różnić się,verbs,0.7
806,ballon,ludzie,nouns,0.05
807,balle,rękawica,nouns,0.8
808,ciel,słońce,nouns,1.85
809,éduquer,uczyć się,verbs,4.2
810,paresseux,cenny,adjectives,0.1
811,faire plaisir,satysfakcjonować,verbs,4.85
812,interprète,piosenka,nouns,1.65
813,mot-clé,składnia,nouns,0.85
814,mouton,jagnię,nouns,4.4
815,gouvernement,jaszczurka,nouns,0.0
816,tacot,taxi,nouns,5.35
817,paix,szczęście,nouns,2.65
818,posséder,absorbować,verbs,1.15
819,exactement,dokładnie,adverbs,5.9
820,soir,zachód słońca,nouns,3.2
821,gagner,zrealizować,verbs,1.85
822,agité,młody,adjectives,1.0
823,chanter,unosić się,verbs,0.1
824,posséder,zachować,verbs,2.6
825,basilique,mozaika,nouns,0.6
826,terrasse,podłoga,nouns,2.5
827,mépriser,obciążać,verbs,0.9
828,imprimer,ignorować,verbs,0.1
829,concrètement,idealnie,adverbs,1.35
830,réprimander,rządać,verbs,1.15
831,queue,klif,nouns,0.05
832,croître,rozprzestrzeniać się,verbs,4.05
833,dépression,dolina,nouns,1.3
834,disque,komputer,nouns,1.8
835,réceptacle,mysz,nouns,0.1
836,profondément,znacząco,adverbs,2.8
837,violent,bierny,adjectives,0.35
838,os,zęby,nouns,2.6
839,poule,indyk,nouns,3.3
840,suite,kamera,nouns,0.15
841,divertir,lubić,verbs,0.65
842,beauté,sonet,nouns,0.5
843,fourmi,mucha,nouns,1.85
844,assister,przyjść,verbs,3.1
845,contrarié,zawstydzony,adjectives,1.0
846,verre,kryształ,nouns,2.75
847,abondance,mnóstwo,nouns,5.15
848,incroyable,brudny,adjectives,0.35
849,poignée,białko,nouns,0.1
850,organiser,stać się,verbs,0.2
851,alimentation,program,nouns,0.55
852,soigné,czysty,adjectives,5.35
853,surtout,głęboko,adverbs,0.55
854,reprocher,oskarżać,verbs,4.6
855,demander,ignorować,verbs,0.55
856,lanceur,kręglarstwo,nouns,1.75
857,mineur,istotny,adjectives,0.7
858,évêque,muzułmanin,nouns,0.85
859,porte,otwór drzwiowy,nouns,3.75
860,cathédrale,kościół,nouns,4.35
861,bagage,opłynięcie,nouns,0.5
862,malhonnête,zły,adjectives,2.9
863,reste,różnica,nouns,2.3
864,exactement,aktywnie,adverbs,0.55
865,émotion,nastrój,nouns,3.9
866,muscle,ramię,nouns,1.95
867,saisir,rozumieć,verbs,5.45
868,bourse d'étude,czesne,nouns,2.75
869,femme,sekretarka,nouns,1.7
870,choix,wybory,nouns,3.15
871,attraper,ścigać,verbs,1.3
872,marin,kapitan,nouns,3.2
873,parent,ojciec,nouns,4.95
874,attitude,pewność siebie,nouns,2.35
875,effrayé,podekscytowany,adjectives,0.9
876,paix,żołnierz,nouns,0.85
877,fenêtre,chmura,nouns,0.4
878,accuser,gardzić,verbs,0.9
879,se plaindre,przynieść,verbs,0.1
880,symbole,kryptogram,nouns,3.9
881,valeur,przekonanie,nouns,2.45
882,peut-être,prawdopodobnie,adverbs,4.9
883,rêve,niebo,nouns,0.4
884,recevoir,dać,verbs,0.95
885,médiocre,zły,adjectives,2.9
886,orthodontiste,doktor,nouns,3.55
887,apporter,narzekać,verbs,0.1
888,chaotiquement,pokojowo,adverbs,0.5
889,chiffon,ubrania,nouns,1.7
890,gin,alkohol,nouns,3.85
891,récemment,realistycznie,adverbs,0.15
892,bible,hymn,nouns,0.7
893,smartphone,ananas,nouns,0.0
894,vendre,iść,verbs,0.2
895,sauver,chronić,verbs,3.5
896,biologie,anatomia,nouns,2.85
897,papillon,róża,nouns,0.45
898,n'importe quand,czasem,adverbs,0.9
899,univers,niebo,nouns,2.35
900,sergent,pistolet,nouns,0.65
901,coton,sweter,nouns,1.35
902,vraiment,znacząco,adverbs,1.85
903,frites,kursor,nouns,0.1
904,source,gejzer,nouns,3.4
905,perceptible,oczywisty,adjectives,3.3
906,porte,bractwo,nouns,0.05
907,couverture,wichura,nouns,0.05
908,permis,legalny,adjectives,5.0
909,estomac,sypialnia,nouns,0.05
910,moniteur,ekran,nouns,5.3
911,acteur,telewizja,nouns,1.2
912,esclave,służący,nouns,3.85
913,magnitude,rozmiar,nouns,4.6
914,fleur,fiołek,nouns,3.6
915,magma,wulkan,nouns,2.15
916,sujet,książka,nouns,1.05
917,intelligent,przebiegły,adjectives,1.25
918,bière,alkohol,nouns,3.65
919,galaxie,astronom,nouns,1.5
920,étain,metal,nouns,3.55
921,tuyau,ogród,nouns,0.8
922,localiser,znaleźć,verbs,4.35
923,porte,kuchnia,nouns,0.55
924,université,kampus,nouns,3.95
925,radiateur,sensor,nouns,0.55
926,élection,wybór,nouns,3.15
927,rejeter,unikać,verbs,2.15
928,bain,trik,nouns,0.0
929,presser,przytulić,verbs,3.6
930,différer,kłocić się,verbs,2.15
931,droit,szkoła,nouns,0.95
932,rive,wybrzeże ,nouns,4.85
933,honnêtement,szczerze,adverbs,5.45
934,bonbon,cynamon,nouns,0.8
935,membre,noga,nouns,4.4
936,notifier,informować,verbs,5.8
937,château,rzeźbiarz,nouns,0.3
938,populaire,znany,adjectives,5.25
939,garçon,warunek,nouns,0.05
940,oncle,mężczyzna,nouns,2.15
941,rester,czekać,verbs,2.35
942,tempête,koc,nouns,0.05
943,cocktail,alkohol,nouns,3.1
944,mécanicien,robotnik,nouns,2.9
945,bureau,robotnik,nouns,0.6
946,longévité,kwiat,nouns,0.2
947,catastrophe,wypadek,nouns,4.65
948,agneau,owca,nouns,4.4
949,faire,zdarzyć się,verbs,1.15
950,meuble,łóżko,nouns,3.05
951,satisfaire,rozumieć,verbs,0.5
952,cathédrale,sufit,nouns,0.5
953,rabbin,nauczyciel,nouns,2.1
954,voiture,miernik,nouns,0.35
955,laver,płukać,verbs,4.1
956,feindre,wyobrażać sobie,verbs,1.8
957,fracasser,roztrzaskać,verbs,4.95
958,colère,szał,nouns,4.9
959,occupé,leniwy,adjectives,0.45
960,section,armia,nouns,2.8
961,interdire,zatrzymywać,verbs,2.05
962,croyance,kwiat,nouns,0.0
963,croix,mnich,nouns,1.15
964,aluminium,metal,nouns,2.85
965,éduquer,uczyć  ,verbs,5.1
966,taille,trik,nouns,0.0
967,étain,aluminium,nouns,2.65
968,sale,niesamowity,adjectives,0.35
969,innocent,wolny,adjectives,1.4
970,bizarrement,naturalnie,adverbs,0.75
971,dessin,zamieszki,nouns,0.15
972,significativement,głęboko,adverbs,2.8
973,stupide,pojętny,adjectives,0.75
974,falaise,ogon,nouns,0.05
975,joindre,dodać,verbs,3.65
976,heureux,wesoły,adjectives,4.75
977,paille,hymn,nouns,0.1
978,moissonneuse-batteuse,trzcina cukrowa,nouns,0.35
979,thé,cytryna,nouns,0.85
980,évident,zauważalny,adjectives,3.3
981,ordinaire,zimny,adjectives,0.2
982,calibre,parasol,nouns,0.05
983,mal,nieuczciwy,adjectives,2.9
984,comprendre,wiedzieć,verbs,2.95
985,guitare,skrzypce,nouns,2.25
986,homme,podejrzany,nouns,1.0
987,créer,nurkować,verbs,0.1
988,avocat,galeria,nouns,0.05
989,profondément,przeważnie,adverbs,0.55
990,altitude,konwersja,nouns,0.4
991,mois,sierpień,nouns,2.75
992,détruire,tworzyć,verbs,0.75
993,esprit,neuroza,nouns,1.15
994,réunir,gromadzić,verbs,5.75
995,corps,bielizna,nouns,1.0
996,chasser,śledzić,verbs,3.0
997,spécialement,znacząco,adverbs,2.55
998,désordonné,brzydki,adjectives,0.85
999,propre,schludny,adjectives,5.35
1000,idéalement,mechanicznie,adverbs,0.45
1001,gamin,córka,nouns,2.25
1002,adorer,podziwiać,verbs,3.7
1003,profondeur,wielkość,nouns,1.6
1004,récit,temat ,nouns,1.45
1005,sortie,prawo wyborcze,nouns,0.35
1006,suspect,mężczyzna,nouns,1.0
1007,écran,monitor,nouns,5.3
1008,télescope,burza mózgów,nouns,0.05
1009,être d'accord,akceptować,verbs,4.5
1010,vaste,wąski,adjectives,0.55
1011,sac,portmonetka,nouns,1.9
1012,avion,płachta,nouns,0.3
1013,vaste,duży,adjectives,2.85
1014,taille,żołądek,nouns,0.2
1015,jamais,chojnie,adverbs,0.05
1016,vache,bydło,nouns,4.5
1017,croyance,opinia,nouns,3.95
1018,instrument,skrzypce,nouns,3.9
1019,rigide,łatwy,adjectives,0.2
1020,épisode,rozdział,nouns,3.8
1021,emprunter,błagać,verbs,1.0
1022,faire,niszczyć,verbs,0.7
1023,suspecter,aresztować,verbs,1.4
1024,étranger,tłumacz,nouns,1.0
1025,passivement,niezawodnie,adverbs,0.45
1026,rejeter,obierać,verbs,0.75
1027,steak,mięso,nouns,4.45
1028,prévenir,zatrzymywać,verbs,0.9
1029,poursuivre,przekonywać,verbs,1.3
1030,exceptionnellement,dziwnie,adverbs,2.05
1031,créativement,początkowo,adverbs,0.35
1032,écrivain,dar,nouns,0.25
1033,bière,napój,nouns,3.35
1034,incroyablement,ciasno,adverbs,0.5
1035,organe,wątroba,nouns,3.35
1036,courroucé,niepewny,adjectives,0.55
1037,soleil,promień,nouns,3.05
1038,porter,erodować,verbs,0.15
1039,porte-monnaie,torebka,nouns,1.9
1040,bonheur,pokój,nouns,2.65
1041,faire,rezygnować,verbs,0.7
1042,inflexion,infekcja,nouns,0.2
1043,poignet,ramię,nouns,1.75
1044,participer,przyłączyć się,verbs,2.7
1045,ajouter,budować,verbs,1.2
1046,élève,prezydent,nouns,0.6
1047,proie,bóg,nouns,0.05
1048,taureau,cielę,nouns,2.55
1049,stupide,rzadki,adjectives,0.15
1050,voiture,automobil,nouns,5.7
1051,calmement,pokojowo,adverbs,4.15
1052,croyance,wrażenie,nouns,2.35
1053,ignorer,unikać,verbs,3.35
1054,patient,sesja,nouns,0.1
1055,venir,przybywać,verbs,4.75
1056,dominer,wygrać,verbs,2.85
1057,gosse,chłopiec,nouns,3.95
1058,doucement,łagodnie,adverbs,2.9
1059,nerf,trzewia,nouns,1.0
1060,facile,prosty,adjectives,5.6
1061,mélanger,pić,verbs,0.45
1062,corps,bark,nouns,1.6
1063,surtout,głównie,adverbs,5.1
1064,unique,przeciwny,adjectives,0.4
1065,penser,próbować,verbs,0.4
1066,facile,duży,adjectives,0.2
1067,enthousiasmé,wystraszony,adjectives,0.9
1068,attacher,złączyć,verbs,2.6
1069,génial,zły,adjectives,0.3
1070,démolir,rozwalić,verbs,4.9
1071,épouvantable,zły,adjectives,2.9
1072,se comporter,przestrzegać,verbs,3.1
1073,carte graphique,płyta matka,nouns,3.5
1074,richesse,prestiż,nouns,2.2
1075,sincèrement,uczciwie,adverbs,5.45
1076,fragile,oziębły,adjectives,0.35
1077,bétail,jogurt,nouns,0.3
1078,réservoir,samochód,nouns,0.9
1079,stupide,tępy,adjectives,5.75
1080,clé,dom ,nouns,0.85
1081,marine,armia,nouns,3.75
1082,modeste,giętki,adjectives,0.2
1083,joue,język,nouns,1.3
1084,héroïne,bohater,nouns,4.75
1085,grossier,krytyczny,adjectives,0.65
1086,thème,książka,nouns,0.65
1087,épaule,ramię,nouns,3.2
1088,organiser,organizować,verbs,4.2
1089,veine,ramię,nouns,0.8
1090,satisfaire,zgadzać się,verbs,1.55
1091,anormalement,normalnie,adverbs,0.75
1092,sérieusement,znacząco,adverbs,2.65
1093,système,wada,nouns,0.25
1094,fermer,wymiotować,verbs,0.05
1095,obéir,karać,verbs,1.2
1096,probablement,możlwie,adverbs,4.9
1097,déterminer,przewidywać,verbs,3.0
1098,bras,mięsień,nouns,1.95
1099,maladie,niebezpieczeństwo,nouns,0.85
1100,oeuvre,artysta ,nouns,1.75
1101,avoine,pole,nouns,1.55
1102,nuage,okno,nouns,0.4
1103,serviteur,niewolnik,nouns,3.85
1104,pistolet,sierżant,nouns,0.65
1105,facile,sztywny,adjectives,0.2
1106,prendre,posiąść,verbs,2.5
1107,personnel,prywatny,adjectives,5.4
1108,riz,chłopiec,nouns,0.05
1109,machine,komputer,nouns,4.25
1110,stylo,alfabet,nouns,0.6
1111,grossier,głośny,adjectives,1.3
1112,dent,młotek,nouns,0.0
1113,délicieux,wesoły,adjectives,1.25
1114,pot,urządzenie,nouns,0.1
1115,course,weekend,nouns,0.25
1116,commencer,startować,verbs,5.25
1117,légitime,nielegalny,adjectives,0.65
1118,assister,pojawić się,verbs,1.35
1119,épaule,ciało,nouns,1.6
1120,choisir,selekcjonować,verbs,5.6
1121,nuit,rozdział,nouns,0.1
1122,en phase terminale,inaczej,adverbs,0.3
1123,gaspiller,martwić,verbs,0.15
1124,ville,miasto,nouns,4.6
1125,échouer,przegrać,verbs,4.55
1126,chapelle,kabel,nouns,0.1
1127,stupide,ogromny,adjectives,0.65
1128,épée,tron,nouns,0.55
1129,incertain,mętny,adjectives,4.65
1130,café,ziarnko,nouns,0.9
1131,manifestement,dyskretnie,adverbs,0.55
1132,négliger,wyrzec się,verbs,1.55
1133,planète,księżyc,nouns,1.95
1134,récemment,ostatnio,adverbs,5.65
1135,semis,liść,nouns,0.8
1136,mer,tsunami,nouns,1.4
1137,cellule,pokój,nouns,2.9
1138,initialement,kreatywnie,adverbs,0.35
1139,alcool,zespół,nouns,0.15
1140,conquête,bitwa,nouns,3.05
1141,employé,wokalista,nouns,0.25
1142,matériel,futerał,nouns,1.2
1143,volley-ball,piłka,nouns,1.75
1144,pâturage,łąka,nouns,4.2
1145,thérapie,behawioryzm,nouns,1.95
1146,mal,straszny,adjectives,2.95
1147,incroyablement,wielce,adverbs,1.55
1148,émeute,rysunek,nouns,0.15
1149,perdre,zachować,verbs,0.75
1150,panier,piłka,nouns,0.95
1151,éroder,zezwalać,verbs,0.15
1152,vitesse,słup,nouns,0.0
1153,élever,pić,verbs,0.15
1154,éviter,odrzucić,verbs,2.15
1155,petit,karłowaty,adjectives,3.9
1156,personne,dolar,nouns,0.05
1157,pont,łódź,nouns,1.95
1158,résultat,poziom,nouns,2.55
1159,viande,bekon,nouns,4.1
1160,donner,kłaść,verbs,1.1
1161,timide,drogi,adjectives,0.1
1162,différence,reszta,nouns,2.3
1163,histoire,książka,nouns,2.75
1164,cesser,robić,verbs,0.7
1165,connu,zdrowy,adjectives,0.7
1166,arbre,łódź,nouns,0.3
1167,ronfler,budzić się,verbs,0.75
1168,évident,widoczny,adjectives,3.85
1169,grandement,poważnie,adverbs,2.65
1170,médecin,doktor,nouns,5.6
1171,modeste,czysty,adjectives,1.2
1172,chargeur,dysk,nouns,0.8
1173,fils,brat,nouns,1.65
1174,groupe,tłum,nouns,3.8
1175,huile,norka,nouns,0.1
1176,calme,neutralny,adjectives,1.75
1177,pollution,prezydent,nouns,0.35
1178,terne,ekscytujący,adjectives,0.3
1179,dense,tępy,adjectives,0.05
1180,ignorer,eksplorować,verbs,0.3
1181,archéologie,antropologia,nouns,2.15
1182,chapitre,wybór,nouns,0.55
1183,orchestre,zespół,nouns,3.65
1184,câble,czarodziej,nouns,0.0
1185,courir,jeździć,verbs,0.85
1186,céréale,pszenica,nouns,4.3
1187,niveau,wynik,nouns,2.55
1188,tapis,dom,nouns,0.75
1189,différemment,dziwacznie,adverbs,1.75
1190,amusement,gra,nouns,4.7
1191,autrefois,natychmiast,adverbs,0.75
1192,sûr,pewny siebie,adjectives,5.05
1193,approximativement,niecierpliwie,adverbs,1.0
1194,air,cząsteczka,nouns,1.45
1195,arrêter,ostrzegać,verbs,0.9
1196,vouloir,pożyczać,verbs,0.75
1197,vite,prędki,adjectives,5.33
1198,cristal,szkło,nouns,2.75
1199,essentiel,konieczny,adjectives,5.5
1200,professeur,nauczyciel,nouns,5.5
1201,objectif,zwycięzca,nouns,0.75
1202,pauvre,samotny,adjectives,0.95
1203,garçon,dziecko,nouns,3.65
1204,signe,symbol,nouns,5.6
1205,cérémonie,uroczystość,nouns,5.45
1206,homme,triumfator,nouns,0.8
1207,ronger,nosić,verbs,0.15
1208,voiture,czołg,nouns,0.9
1209,conseiller,sugerować,verbs,4.85
1210,réveiller,chrapać,verbs,0.75
1211,voiture,fabryka,nouns,0.65
1212,rétrécir,zniknąć,verbs,2.05
1213,s'échapper,umknąć,verbs,5.75
1214,envoyer,uczęszczać,verbs,0.25
1215,important,pomniejszy,adjectives,0.7
1216,dîner,kurczak,nouns,1.05
1217,idée,projekt,nouns,2.8
1218,parler,słyszeć,verbs,1.35
1219,viande,wołowina,nouns,3.95
1220,explorer,odkryć,verbs,3.95
1221,cruel,srogi,adjectives,4.0
1222,argumenter,argumentować,verbs,4.35
1223,assiette,miska,nouns,3.0
1224,mettre,dostać,verbs,0.25
1225,centime,ludzie,nouns,0.1
1226,viscosité,plusk,nouns,0.3
1227,accident,książka,nouns,0.3
1228,dîner,posiłek,nouns,4.7
1229,dentiste,ortodonta,nouns,4.5
1230,criquet,kibic,nouns,0.55
1231,pistolet,świt,nouns,0.05
1232,secourir,ratować,verbs,5.7
1233,oublier,uczyć się,verbs,0.75
1234,échec,szach,nouns,1.95
1235,autoroute,zadanie,nouns,0.1
1236,armure,tarcza,nouns,4.45
1237,centime,żona,nouns,0.1
1238,blanc,wąski,adjectives,0.05
1239,lézard,rząd,nouns,0.0
1240,arriver,odchodzić,verbs,0.2
1241,pardonner,akceptować,verbs,2.25
1242,permettre,iść,verbs,0.3
1243,fêter,zaskoczyć,verbs,0.7
1244,prétendre,kłamać,verbs,3.45
1245,ampoule,ilustracja,nouns,0.15
1246,coupable,zły,adjectives,2.35
1247,pousser,winić,verbs,0.2
1248,systématiquement,normalnie,adverbs,3.45
1249,capteur,kaloryfer,nouns,0.55
1250,science,psychologia,nouns,2.35
1251,livre,informacja,nouns,1.55
1252,se produire,robić,verbs,1.15
1253,mal,mierny,adjectives,2.9
1254,marque,klub,nouns,0.25
1255,journal,wanna,nouns,0.0
1256,mentir,oskarżać,verbs,0.5
1257,illégal,prawowity,adjectives,0.65
1258,gagnant,mistrz,nouns,5.05
1259,conduire,zatrzymywać,verbs,0.75
1260,admirer,uwielbiać,verbs,3.7
1261,croissance,nawóz,nouns,1.35
1262,gens,przyjęcie,nouns,0.85
1263,fraternité,drzwi,nouns,0.05
1264,église,katedra,nouns,4.35
1265,société,klub,nouns,4.45
1266,téléphone,budka,nouns,1.4
1267,pouffer,śmiać się,verbs,5.3
1268,inexactement,dokładnie,adverbs,0.75
1269,auxiliaire,pokojówka,nouns,2.0
1270,attendre,odchodzić,verbs,0.65
1271,alphabet,długopis,nouns,0.6
1272,capturer,naśladować,verbs,0.25
1273,cours,współbieżność,nouns,0.65
1274,verre,odznaka,nouns,0.3
1275,information,książka,nouns,1.55
1276,camion,samochód,nouns,3.5
1277,millionnaire,dolar,nouns,1.25
1278,sélectionner,wybierać,verbs,5.6
1279,aider,chronić,verbs,3.0
1280,svelte,smukły,adjectives,5.45
1281,pendre,kłaść,verbs,0.65
1282,important,konieczny,adjectives,4.45
1283,habit,szuflada,nouns,0.85
1284,cellule,areszt,nouns,3.75
1285,créer,rysować,verbs,2.4
1286,reconnaître,akceptować,verbs,5.0
1287,taille,cent,nouns,0.05
1288,pomme,sos,nouns,0.8
1289,échouer,polegać,verbs,0.2
1290,dîner,posiłek,nouns,3.9
1291,indépendamment,odpowiedzialnie,adverbs,1.1
1292,lune,planeta,nouns,1.95
1293,résoudre,skończyć,verbs,3.85
1294,alcool,whisky,nouns,3.3
1295,bruyant,niegrzeczny,adjectives,1.3
1296,effort,trudność,nouns,3.55
1297,stupide,łatwowierny,adjectives,3.15
1298,gros,szeroki,adjectives,2.85
1299,gâcher,śmierdzieć,verbs,0.7
1300,certainement,pewnie,adverbs,5.65
1301,verser,kapać,verbs,1.5
1302,étreindre,ściskać,verbs,3.6
1303,avant,po,adverbs,1.15
1304,passionnant,nudny,adjectives,0.3
1305,uniforme,robótka szydełkowa,nouns,0.05
1306,pesticide,szkodnik,nouns,1.8
1307,nier,unikać,verbs,0.75
1308,deux fois,zawsze,adverbs,0.8
1309,simple,łatwy,adjectives,5.6
1310,furieux,straszliwy,adjectives,1.5
1311,vérifier,powiedzieć,verbs,0.75
1312,juge,sędzia pokoju,nouns,4.4
1313,calmement,subtelnie,adverbs,2.0
1314,ordinaire,nieświadomy,adjectives,0.45
1315,pièce,budynek,nouns,1.25
1316,frapper,celować,verbs,2.15
1317,imiter,pojmać,verbs,0.25
1318,surprendre,celebrować,verbs,0.7
1319,arrêter,zabraniać,verbs,2.05
1320,assister,gromadzić się,verbs,1.3
1321,annoncer,proklamować,verbs,4.85
1322,table,zachód słońca,nouns,0.0
1323,petit déjeuner,bekon,nouns,1.35
1324,guitare,pstrąg,nouns,0.05
1325,permettre,erodować,verbs,0.15
1326,comportementalisme,terapia,nouns,1.95
1327,mentir,udawać,verbs,3.45
1328,arguer,rządać,verbs,1.2
1329,toujours,dwukrotnie,adverbs,0.8
1330,émotionnellement,smutno,adverbs,1.65
1331,ouverture,drzwi,nouns,3.75
1332,queue,tył,nouns,3.1
1333,subtilement,spokojnie,adverbs,2.0
1334,organe,nerka,nouns,3.85
1335,dieu,ofiara,nouns,0.05
1336,ruelle,miska,nouns,0.0
1337,parasite,pestycyd,nouns,1.8
1338,affaire,przemysł,nouns,2.6
1339,mordre,czytać,verbs,0.0
1340,intestin,nerw,nouns,1.0
1341,condensateur,dioda,nouns,1.2
1342,être d'accord,zadowalać,verbs,1.55
1343,admirablement,elegancko,adverbs,3.5
1344,activement,precyzyjnie,adverbs,0.55
1345,chiffre,liczba,nouns,4.9
1346,éléphant,dinozaur,nouns,1.1
1347,âme,brat,nouns,0.45
1348,couronne,klucz,nouns,0.1
1349,abaisser,redukować,verbs,4.85
1350,comprendre,odkryć,verbs,3.55
1351,mince,szczupły,adjectives,5.45
1352,décourager,zmartwić,verbs,1.85
1353,intelligemment,dojrzale,adverbs,3.15
1354,accomplir,wygrać,verbs,1.85
1355,ce soir,dzisiaj,adverbs,2.7
1356,tissu,len,nouns,3.75
1357,humeur,emocja,nouns,3.9
1358,fonction,kompilator,nouns,2.0
1359,contempler,myśleć,verbs,2.3
1360,attention,zainteresowanie,nouns,4.25
1361,mettre,dać,verbs,1.1
1362,visa,globalizm,nouns,0.6
1363,assister,wspomagać,verbs,5.2
1364,dessiner,tworzyć,verbs,2.4
1365,faire,zarabiać,verbs,0.75
1366,dur,okrutny,adjectives,4.0
1367,statue,rzeźba,nouns,5.15
1368,corruption,oszustwo,nouns,3.95
1369,activité,ruch,nouns,4.0
1370,enseigner,karać,verbs,0.35
1371,régime,jabłko,nouns,0.65
1372,mixte,stary,adjectives,0.1
1373,manteau,ubrania,nouns,3.05
1374,sortie,otwór drzwiowy,nouns,3.5
1375,agréable,towarzyski,adjectives,2.4
1376,parapluie,kaliber,nouns,0.05
1377,juger,oskarżać,verbs,3.7
1378,improbable,przyjazny,adverbs,0.05
1379,incroyablement,fantastycznie,adverbs,5.2
1380,gomme,mięta,nouns,0.65
1381,joindre,nabyć,verbs,0.7
1382,aujourd'hui,dzisiaj wieczorem,adverbs,2.7
1383,impeccable,czysty,adjectives,5.35
1384,terne,znudzony,adjectives,1.6
1385,survivre,żyć,verbs,3.75
1386,bras,ciało,nouns,1.95
1387,circoncision,napletek,nouns,1.75
1388,apprendre,zapominać,verbs,0.75
1389,nombre,cyfra,nouns,4.9
1390,abeille,królowa,nouns,1.4
1391,bouclier,puklerz,nouns,4.45
1392,commencer,iść,verbs,0.65
1393,idéalement,realistycznie,adverbs,1.35
1394,avalanche,śnieg,nouns,2.4
1395,idiot,dziecinny,adjectives,2.9
1396,rationaliser,argumentować,verbs,3.0
1397,apprendre,dezorientować,verbs,0.5
1398,sans abri,bilioner,nouns,0.75
1399,détruire,ratować,verbs,0.6
1400,jardin,wąż ogrodowy,nouns,0.8
1401,mûrement,bystrze,adverbs,3.15
1402,long,wąski,adjectives,0.95
1403,avion,odrzutowiec,nouns,4.2
1404,représenter,udawać,verbs,0.3
1405,luire,błyszczeć,verbs,5.15
1406,bateau,samochód,nouns,1.35
1407,statistique,tenis,nouns,0.3
1408,apparaître,stać się,verbs,1.45
1409,groupe,wytrzymałość,nouns,0.1
1410,tristement,emocjonalnie,adverbs,1.65
1411,confiserie,jabłko,nouns,1.1
1412,ancre,łódź,nouns,1.55
1413,tabouret,krzesło,nouns,3.65
1414,siècle,trunek,nouns,0.1
1415,moyen,regularny,adjectives,3.35
1416,feuille,siewka,nouns,0.8
1417,enfant,chłopiec,nouns,3.65
1418,discuter,tłumaczyć,verbs,2.45
1419,permettre,obalać,verbs,0.25
1420,comparer,analizować,verbs,3.85
1421,modeste,zawstydzony,adjectives,1.2
1422,laid,niechlujny,adjectives,0.85
1423,actuellement,delikatnie,adverbs,0.15
1424,ballon,działo,nouns,0.5
1425,informe,jednolity,adjectives,0.55
1426,attaque,przestępstwo,nouns,2.2
1427,hostilité,agresja,nouns,4.2
1428,camion,pakunek,nouns,0.6
1429,chaise,taboret,nouns,3.65
1430,abeille,insekt,nouns,3.2
1431,mère,przyjaciel,nouns,1.1
1432,éroder,blaknąć,verbs,0.9
1433,notifier,uznawać,verbs,0.85
1434,saluer,występować,verbs,0.15
1435,homme,braterstwo,nouns,1.45
1436,monstre,demon,nouns,4.45
1437,détruire,zabić,verbs,2.5
1438,ami,kumpel,nouns,5.05
1439,attirer,uderzyć,verbs,0.55
1440,lion,kot,nouns,2.75
1441,moteur,maszyna,nouns,3.85
1442,acétylcholine,tęczówka,nouns,nan
1443,significativement,specjalnie,adverbs,2.55
1444,partenaire,facet,nouns,2.3
1445,astuce,rozmiar,nouns,0.0
1446,copilote,glina,nouns,0.4
1447,demander,pomagać,verbs,0.6
1448,colonel,dentysta,nouns,0.25
1449,accident,katastrofa,nouns,4.65
1450,bataille,podbój,nouns,3.05
1451,sol,dach,nouns,1.25
1452,honnêtement,nigdy,adverbs,0.05
1453,bateau,motor,nouns,1.2
1454,trouver,nabyć,verbs,2.2
1455,apparemment,oczywiście,adverbs,2.85
1456,alcool,piwo,nouns,3.65
1457,campagne,małpa,nouns,0.05
1458,bateau,kotwica,nouns,1.55
1459,jument,koń,nouns,3.8
1460,soir,zmierzch,nouns,4.6
1461,volcan,magma,nouns,2.15
1462,lumière,klawiatura,nouns,0.1
1463,inhabituel,rzadki,adjectives,5.0
1464,bon,znany,adjectives,0.7
1465,laisser,zezwalać,verbs,5.2
1466,île,zadanie,nouns,0.05
1467,porte,obecność,nouns,0.15
1468,frère,syn,nouns,1.65
1469,trône,miecz,nouns,0.55
1470,repas,talia,nouns,0.2
1471,pacifiquement,spokojnie,adverbs,4.15
1472,soi,pewność siebie,nouns,1.35
1473,spécial,wartościowy,adjectives,2.95
1474,négativement,nienaturalnie,adverbs,0.8
1475,dinde,kura,nouns,3.3
1476,chaîne,zachód słońca,nouns,0.0
1477,registre,wypadek,nouns,0.3
1478,eau,sól,nouns,0.95
1479,pièce,łóżko,nouns,0.7
1480,bol,talerz,nouns,3.0
1481,marijuana,zioło,nouns,5.4
1482,laisser,pojawić się,verbs,0.35
1483,mathématicien,widowisko,nouns,0.1
1484,regarder,obserwować,verbs,5.15
1485,dur,przebiegły,adjectives,1.0
1486,garder,stracić,verbs,0.75
1487,matin,dzień,nouns,2.7
1488,urgence,wypadek,nouns,2.9
1489,supporter,krykiet,nouns,0.55
1490,chambre,żołądek,nouns,0.05
1491,tâche,kobieta,nouns,0.05
1492,duc,republika,nouns,0.3
1493,prison,cela,nouns,3.75
1494,société,biznes,nouns,2.4
1495,laisser,przybywać,verbs,0.2
1496,fracasser,demolować,verbs,4.9
1497,apporter,przywrócić,verbs,0.9
1498,tomber,boleć,verbs,0.95
1499,vêtement,sukno,nouns,1.7
1500,conscience,uwaga,nouns,3.05
1501,adulte,niedojrzały,adjectives,0.7
1502,citron,herbata,nouns,0.85
1503,recevoir,brać,verbs,2.45
1504,taxi,samochód,nouns,3.75
1505,couloir,korytarz,nouns,5.4
1506,goutter,nalewać,verbs,1.5
1507,marteau,zęby,nouns,0.0
1508,femme,słoma,nouns,0.0
1509,pistolet,notatnik,nouns,0.1
1510,bizarre,dziwny,adjectives,5.35
1511,animal,osoba,nouns,0.75
1512,merveilleux,rozkoszny,adjectives,3.5
1513,astuce,wanna,nouns,0.0
1514,disque,ładowarka,nouns,0.8
1515,agression,wrogość,nouns,4.2
1516,régime,sałatka,nouns,1.05
1517,parfois,pewnie,adverbs,0.65
1518,fièrement,pokojowo,adverbs,0.45
1519,tempête,chmura,nouns,1.45
1520,astronome,galaktyka,nouns,1.5
1521,obtenir,nabyć,verbs,4.95
1522,nuage,jezioro,nouns,0.6
1523,prétendre,wydawać się,verbs,1.55
1524,batterie,teatr,nouns,0.05
1525,vacances,kalendarz,nouns,1.65
1526,pacte,porozumienie,nouns,5.2
1527,neige,lawina,nouns,2.4
1528,groupe,orkiestra,nouns,3.65
1529,incroyable,zwykły,adjectives,0.7
1530,cannelle,cukierek,nouns,0.8
1531,gestion,mysz,nouns,0.05
1532,tricher,zwieść,verbs,4.3
1533,aller,podróżować,verbs,3.45
1534,accuser,osądzać,verbs,3.7
1535,port,opakowanie,nouns,0.5
1536,crier,wrzeszczeć,verbs,5.65
1537,hôpital,łóżko,nouns,0.95
1538,faute,system,nouns,0.25
1539,aube,pistolet,nouns,0.05
1540,chance,szczęście,nouns,3.35
1541,élève,student,nouns,5.1
1542,décider,wybierać,verbs,4.8
1543,secouer,zbierać,verbs,0.2
1544,permettre,aprobować,verbs,3.8
1545,suffrage,wyjście,nouns,0.35
1546,précisément,precyzyjnie,adverbs,5.9
1547,se ruer,śpieszyć się,verbs,5.15
1548,confortablement,łatwo,adverbs,2.0
1549,agréable,okrutny,adjectives,0.55
1550,corridor,hol,nouns,5.4
1551,canonnière,wybrzeże,nouns,0.2
1552,dinde,ptak,nouns,3.35
1553,agressif,wygięty,adjectives,0.0
1554,vallée,depresja,nouns,1.3
1555,oiseau,kura,nouns,3.05
1556,attraper,pojmać,verbs,5.7
1557,policier,polityk,nouns,0.85
1558,alcool,koktajl,nouns,3.1
1559,nécessaire,niezbędny,adjectives,5.5
1560,propre,nieskazitelny,adjectives,5.35
1561,facile,ciężki,adjectives,0.7
1562,prestige,bogactwo,nouns,2.2
1563,vérifier,uzasadniać,verbs,2.25
1564,déranger,urazić,verbs,2.35
1565,mouvement,aktywność,nouns,4.0
1566,vent,szkwał,nouns,3.7
1567,oiseau,indyk,nouns,3.35
1568,restaurer,przynieść,verbs,0.9
1569,manette,radar,nouns,0.1
1570,dense,twardy,adjectives,1.15
1571,curseur,frytki,nouns,0.1
1572,intérêt,uwaga,nouns,4.25
1573,tasse,słoik,nouns,2.1
1574,gentiment,chojnie,adverbs,2.45
1575,donner,zaprzeczać,verbs,0.2
1576,maintenant,tutaj,adverbs,1.5
1577,portable,telefon,nouns,5.55
1578,sacre,woda,nouns,0.25
1579,crucial,ważny,adjectives,5.55
1580,facile,giętki,adjectives,1.1
1581,grand,giętki,adjectives,0.15
1582,écran,fonologia,nouns,0.05
1583,clarifier,definiować,verbs,4.2
1584,fourrure,pistolet,nouns,0.05
1585,chanson,wykonawca,nouns,1.65
1586,classe,chaos,nouns,0.2
1587,honteux,skromny,adjectives,1.2
1588,lac,chmura,nouns,0.6
1589,dangereusement,ostrożnie,adverbs,0.4
1590,alcool,wino,nouns,3.35
1591,immédiatement,raz,adverbs,0.75
1592,blesser,dokuczać,verbs,2.5
1593,examiner,zbadać,verbs,3.55
1594,penser,decydować,verbs,2.4
1595,poulet,ryż,nouns,0.75
1596,certain,nerwowy,adjectives,0.15
1597,reconnaître,powiadamiać,verbs,0.85
1598,atteindre,próbować,verbs,0.9
1599,bras,bark,nouns,3.2
1600,globalisation,wiza,nouns,0.6
1601,confondre,uczyć się,verbs,0.5
1602,officier,deputowany,nouns,1.9
1603,cerise,truskawka,nouns,2.6
1604,monde,glob,nouns,4.65
1605,cuisiner,stracić,verbs,0.05
1606,faible,silny,adjectives,0.7
1607,tombeur,facet,nouns,1.4
1608,voiture,taksówka,nouns,3.75
1609,nouveau,nieużywany,adjectives,4.85
1610,lampe,dżin,nouns,1.25
1611,effrayé,niepewny,adjectives,1.5
1612,ami,matka,nouns,1.1
1613,arrière-plan,tapeta,nouns,3.3
1614,apporter,przyjść,verbs,0.5
1615,mélanger,łączyć,verbs,4.85
1616,masque,impreza,nouns,1.2
1617,ouvrier,pracodawca,nouns,1.35
1618,sujet,opowieść,nouns,1.45
1619,anormalement,negatywnie,adverbs,0.8
1620,formule,rejestr,nouns,1.35
1621,boîtier,elektryczność,nouns,0.65
1622,pont,mysz,nouns,0.05
1623,calmement,stanowczo,adverbs,0.85
1624,saisir,satysfakcjonować,verbs,0.5
1625,coopérer,uczestniczyć,verbs,3.55
1626,organiser,zbierać,verbs,2.0
1627,hésitant,gniewny,adjectives,0.55
1628,gagner,robić,verbs,0.75
1629,défendre,chronić,verbs,5.3
1630,observer,oglądać,verbs,5.15
1631,organiser,wymagać,verbs,0.45
1632,fille,dzieciak,nouns,2.25
1633,détruire,robić,verbs,0.7
1634,sérieusement,pasywnie,adverbs,0.45
1635,passivement,cicho,adverbs,1.45
1636,malhonnête,prawdomówny,adjectives,0.5
1637,surface,narożnik,nouns,0.8
1638,satisfaire,zadowalać,verbs,4.85
1639,rejeter,wycofać,verbs,3.1
1640,boeuf,mięso,nouns,3.95
1641,ballon,kula,nouns,2.7
1642,créer,niszczyć,verbs,0.75
1643,incliner,wpłynąć,verbs,2.95
1644,canne à sucre,konsorcjum,nouns,0.35
1645,épicé,dobry,adjectives,0.4
1646,étaler,rozsmarować,verbs,4.2
1647,renoncer,tłumić,verbs,1.8
1648,maladie,rak,nouns,4.1
1649,registre,formuła,nouns,1.35
1650,combattre,gryźć,verbs,1.35
1651,criminalité,atak,nouns,2.2
1652,audacieux,dumny,adjectives,2.0
1653,se dépêcher,śpieszyć,verbs,5.15
1654,étroit,szeroki,adjectives,0.55
1655,tuer,niszczyć,verbs,2.5
1656,bulle,mydliny,nouns,2.1
1657,douche,klasztor,nouns,0.1
1658,massif,astronomiczny,adjectives,2.75
1659,cheval,klacz,nouns,3.8
1660,boîte,kapelusz,nouns,0.75
1661,athlète,biegacz,nouns,3.2
1662,saison,zima,nouns,3.6
1663,uniformément,czasem,adverbs,0.35
1664,sincèrement,zwykle,adverbs,0.5
1665,bourrasque,wiatr,nouns,3.7
1666,défilé,tłum ,nouns,2.4
1667,août,miesiąc,nouns,2.75
1668,bonheur,powodzenie,nouns,3.35
1669,président,zanieczyszczenie,nouns,0.35
1670,lutter,przejąć,verbs,0.4
1671,chapitre,epizod,nouns,3.8
1672,pull-over,bawełna,nouns,1.35
1673,deviner,irytować,verbs,0.3
1674,fort,dumny,adjectives,1.3
1675,sculpteur,posiadłość,nouns,0.3
1676,confiant,pewny,adjectives,5.05
1677,indice,słowo,nouns,1.25
1678,frais,szeroki,adjectives,0.15
1679,inquiet,niecierpliwy,adjectives,2.05
1680,molécule,atom,nouns,3.7
1681,disparaître,znikać,verbs,5.0
1682,frais de scolarité,stypendium,nouns,2.75
1683,haïr,gardzić,verbs,4.75
1684,porte,brama,nouns,4.4
1685,poulain,koń,nouns,3.85
1686,argent,perła,nouns,0.9
1687,élégance,styl,nouns,4.7
1688,démon,potwór,nouns,4.45
1689,grandement,oficjalnie,adverbs,1.15
1690,occasion,pens,nouns,0.2
1691,télescope,krzesło,nouns,0.2
1692,heureux,obłąkany,adjectives,0.65
1693,paire,dwójka,nouns,5.45
1694,fermement,spokojnie,adverbs,0.85
1695,estomac,talia,nouns,0.2
1696,président,aparat,nouns,0.05
1697,bon marché,brudny,adjectives,0.2
1698,localement,oczywiście,adverbs,0.15
1699,toit,okno,nouns,1.05
1700,marine,wyspa,nouns,0.7
1701,naturellement,nienaturalnie,adverbs,0.75
1702,réalisateur,kinematografia,nouns,1.75
1703,prêtre,bóg,nouns,1.35
1704,allée,przedpokój,nouns,1.65
1705,présence,zwycięzca,nouns,0.3
1706,pluie,mżawka,nouns,4.15
1707,automobile,samochód,nouns,5.7
1708,image,odbicie,nouns,3.55
1709,national,duży,adjectives,0.15
1710,musulman,biskup,nouns,0.85
1711,scientifique,pielęgniarka,nouns,0.7
1712,aéroport,kawałek,nouns,0.1
1713,trou,żona,nouns,0.1
1714,détester,krytykować,verbs,2.25
1715,échapper,znaleźć,verbs,0.3
1716,sauvegarder,zbierać,verbs,3.95
1717,paille,żona,nouns,0.0
1718,cancer,choroba,nouns,4.1
1719,élire,odrzucić,verbs,0.75
1720,rencontrer,odchodzić,verbs,0.35
1721,avocat,prawnik,nouns,4.4
1722,pauvre,dumny,adjectives,0.4
1723,taquiner,ranić,verbs,2.5
1724,faucon,ptak,nouns,3.85
1725,salle de cours,hol,nouns,0.8
1726,fantastiquement,niesamowicie,adverbs,5.2
1727,rare,egzotyczny,adjectives,4.55
1728,annoncer,deklarować,verbs,5.4
1729,voiture,ciężarówka,nouns,3.5
1730,cruel,miły,adjectives,0.55
1731,saisir,dążyć,verbs,0.4
1732,sable,stopa,nouns,0.3
1733,juriste,adwokat,nouns,4.4
1734,pardonner,rozumieć,verbs,2.4
1735,emploi,narzędzie,nouns,0.75
1736,structure,topologia,nouns,3.15
1737,garçon,dziecko,nouns,3.95
1738,définition,słownik,nouns,2.25
1739,promenade,podróż,nouns,4.5
1740,sentir,psuć,verbs,0.7
1741,plaider,pytać,verbs,2.25
1742,content,obłąkany,adjectives,0.65
1743,enterrer,umrzeć,verbs,1.75
1744,souris,pojemnik,nouns,0.1
1745,turbine,motor,nouns,4.0
1746,appartement,meble,nouns,1.3
1747,bois,polano,nouns,4.15
1748,reine,pszczoła,nouns,1.4
1749,île,marynarka,nouns,0.7
1750,cuit,zagotowany,adjectives,3.85
1751,fâché,gwałtowny,adjectives,2.35
1752,disparaître,znaleźć,verbs,0.2
1753,personne,zwierzę,nouns,0.75
1754,étreindre,tulić,verbs,5.35
1755,flexible,wielki,adjectives,0.15
1756,biologiste,mikroskop,nouns,1.4
1757,ouvrier,aparat,nouns,0.2
1758,prudemment,ostrożnie,adverbs,3.8
1759,évidemment,pobieżnie,adverbs,0.55
1760,rare,tępy,adjectives,0.15
1761,accord,dziura,nouns,0.0
1762,recueillir,trząść,verbs,0.2
1763,accomplir,osiągnąć,verbs,5.3
1764,mordre,walczyć,verbs,1.35
1765,docteur,ortodonta,nouns,3.55
1766,charbon,węgiel drzewny,nouns,4.25
1767,passif,gwałtowny,adjectives,0.35
1768,vélo,skóra,nouns,0.2
1769,flexible,elastyczny,adjectives,5.0
1770,crayon,opowieść,nouns,0.25
1771,penser,dowiadywać się,verbs,0.8
1772,pomme,światło słoneczne,nouns,0.35
1773,date,data,nouns,2.4
1774,fourrure,kobieta,nouns,0.25
1775,sel,woda,nouns,0.95
1776,cerveau,umysł,nouns,3.75
1777,battre en retraite,zstępować,verbs,1.05
1778,emploi,kierownictwo,nouns,1.5
1779,programme,jedzenie,nouns,0.55
1780,terne,ostry,adjectives,0.05
1781,merveilleux,piękny,adjectives,4.05
1782,revêtement,rower,nouns,0.2
1783,artificiel,fałszywy,adjectives,4.5
1784,frigide,kruchy,adjectives,0.35
1785,soigneusement,niebezpiecznie,adverbs,0.4
1786,fureur,gniew,nouns,4.9
1787,violent,radykalny,adjectives,2.65
1788,promouvoir,awansować,verbs,3.05
1789,aller,zezwalać,verbs,0.3
1790,dispositif,garnek,nouns,0.1
1791,liberté,oaza,nouns,0.5
1792,rondin,drewno,nouns,3.85
1793,remuer,wymieszać,verbs,4.2
1794,liste,ciąg,nouns,2.35
1795,ami,nauczyciel,nouns,0.8
1796,perdre,nawalić,verbs,4.55
1797,comprendre,wybaczać,verbs,2.4
1798,ananas,smartfon,nouns,0.0
1799,carte,brydż,nouns,0.75
1800,mot,wskazówka,nouns,1.25
1801,parapluie,grzejnik,nouns,0.25
1802,astronomique,ogromny,adjectives,2.75
1803,vivre,przeżyć,verbs,3.75
1804,satisfaire,prosić,verbs,0.15
1805,libre,niewinny,adjectives,1.4
1806,sol,pokład,nouns,2.5
1807,énerver,zgadywać,verbs,0.3
1808,se renseigner,myśleć,verbs,0.8
1809,probablement,naprawdę,adverbs,1.75
1810,briller,świecić,verbs,5.15
1811,tennis,statystyka,nouns,0.3
1812,estomac,żyła,nouns,0.8
1813,boussole,słoń,nouns,0.0
1814,circumnavigation,bagaż,nouns,0.5
1815,devenir,zrealizować,verbs,2.05
1816,arrêter,jechać,verbs,0.75
1817,violette,kwiat,nouns,3.6
1818,molécule,matryca,nouns,0.3
1819,impatiemment,pobieżnie,adverbs,1.0
1820,carré,mapa,nouns,0.4
1821,anatomie,biologia,nouns,2.85
1822,siroter,pić,verbs,4.25
1823,légèrement,jasno,adverbs,0.45
1824,victoire,triumf,nouns,5.85
1825,politicien,policjant,nouns,0.85
1826,heureux,zadowolony,adjectives,5.0
1827,autruche,sad,nouns,0.05
1828,victime,telefon,nouns,0.1
1829,mûrement,słusznie,adverbs,1.6
1830,bol,zaułek,nouns,0.0
1831,bruine,deszcz,nouns,4.15
1832,main,nadgarstek,nouns,2.55
1833,demander,prosić,verbs,2.25
1834,défendre,zabić,verbs,0.8
1835,épicé,słaby,adjectives,0.1
1836,lit,meble,nouns,3.05
1837,politicien,prezydent,nouns,3.9
1838,fait,wgląd,nouns,1.3
1839,se disputer,narzekać,verbs,1.8
1840,armée,legion,nouns,3.35
1841,débattre,przekonywać,verbs,3.4
1842,électricité,futerał,nouns,0.65
1843,enquêter,badać,verbs,3.55
1844,large,świeży,adjectives,0.15
1845,jet,samolot,nouns,4.2
1846,notifier,ukazywać,verbs,1.35
1847,ère,dekada,nouns,2.85
1848,menace,niebezpieczeństwo,nouns,5.7
1849,reflet,wizerunek,nouns,3.55
1850,incertain,przestraszony,adjectives,1.5
1851,sincèrement,poważnie,adverbs,2.05
1852,banquier,prawnik,nouns,1.1
1853,moteur,łódź,nouns,1.2
1854,coûteux,nieśmiały,adjectives,0.1
1855,fraternité,mężczyźni,nouns,1.45
1856,étranger,obcy,nouns,4.1
1857,timide,przestraszony,adjectives,2.1
1858,laisser,wędrować,verbs,0.6
1859,wagon,pojemnik,nouns,0.25
1860,beurre,ziemniak,nouns,1.05
1861,jeune,szczęśliwy,adjectives,0.5
1862,vague,niejasny,adjectives,4.65
1863,haut,piąty,adjectives,0.15
1864,devenir,organizować,verbs,0.2
1865,hurler,kłócić się,verbs,2.6
1866,sévèrement,zasadniczo,adverbs,0.65
1867,collecter,oszczędzać,verbs,3.95
1868,enseigner,edukować,verbs,5.1
1869,typhon,cyklon,nouns,4.65
1870,municipalité,miasteczko,nouns,4.6
1871,accident,awaria,nouns,2.9
1872,étouffer,spalić,verbs,0.45
1873,ordinateur,dysk,nouns,1.8
1874,bateau,drzewo,nouns,0.3
1875,furieux,szczęśliwy,adjectives,0.65
1876,acier,stop ,nouns,2.9
1877,voyage,wycieczka,nouns,4.5
1878,accepter,zgądzać się,verbs,4.5
1879,accomplir,pozdrawiać,verbs,0.15
1880,saisir,czytać,verbs,0.95
1881,malin,inteligentny,adjectives,4.95
1882,mélanger,mieszać,verbs,4.2
1883,président,polityk,nouns,3.9
1884,lisse,ostry,adjectives,1.0
1885,source,pudełko,nouns,0.0
1886,anxieux,wystraszony,adjectives,3.65
1887,voler,dać,verbs,0.7
1888,faible,pikantny,adjectives,0.1
1889,chercher,wędrować,verbs,1.75
1890,jeu,trik,nouns,1.7
1891,offenser,obrazić,verbs,4.85
1892,précieux,specjalny,adjectives,2.95
1893,évidemment,najwyraźniej,adverbs,2.85
1894,boeuf,koń,nouns,2.0
1895,foie,organ,nouns,3.35
1896,lard,mięso,nouns,4.1
1897,maison,klucz,nouns,0.85
1898,terminer,rywalizować,verbs,0.15
1899,boire,wznosić,verbs,0.15
1900,orteil,palec,nouns,4.2
1901,chanteur,personel,nouns,0.25
1902,collecter,organizować,verbs,2.0
1903,errer,odchodzić,verbs,0.6
1904,mosaïque,bazylika,nouns,0.6
1905,vendre,przypominać,verbs,0.2
1906,tâche,szosa,nouns,0.1
1907,mal,niemoralny,adjectives,3.7
1908,cheville,okno,nouns,0.0
1909,tour,dzwon,nouns,1.05
1910,grossièrement,oczywiście,adverbs,0.55
1911,grand,ogromny,adjectives,5.25
1912,normalement,rutynowo,adverbs,3.45
1913,parcourir,wędrować,verbs,3.4
1914,devoir,pożyczyć,verbs,1.75
1915,outil,praca,nouns,0.75
1916,télévision,komunikacja,nouns,1.9
1917,état,dom ,nouns,0.05
1918,puéril,niemądry,adjectives,2.9
1919,gant,piłka,nouns,0.8
1920,gestion,administracja,nouns,4.35
1921,histoire,piosenka,nouns,1.4
1922,chambre à coucher,rower,nouns,0.05
1923,grandement,niewiarygodnie,adverbs,1.55
1924,quotidiennement,normalnie,adverbs,2.0
1925,communication,język,nouns,3.15
1926,estomac,kurs,nouns,0.1
1927,flexible,skromny,adjectives,0.2
1928,donner,wiedzieć,verbs,0.4
1929,cuisine,drzwi,nouns,0.55
1930,concrètement,niedawno,adverbs,0.15
1931,connu,narodowy,adjectives,1.05
1932,décider,myśleć,verbs,2.4
1933,liberté,swoboda,nouns,4.55
1934,tranquillement,bezpiecznie,adverbs,2.0
1935,père,mężczyzna,nouns,2.8
1936,stupide,niemądry,adjectives,5.35
1937,arrêter,podejrzewać,verbs,1.4
1938,contraire,unikatowy,adjectives,0.4
1939,brûler,udusić,verbs,0.45
1940,gravité,meteor,nouns,0.85
1941,essayer,myśleć,verbs,0.4
1942,professeur,przyjaciel,nouns,0.8
1943,réfuter,zezwalać,verbs,0.25
1944,définir,wyjaśniać,verbs,4.2
1945,hiver,pora roku,nouns,3.6
1946,condition,pakt,nouns,1.95
1947,armée,marynarka,nouns,3.75
1948,fleur,wytrzymałość,nouns,0.2
1949,copain,przyjaciel,nouns,5.05
1950,maire,prezydent,nouns,2.25
1951,aller,wchodzić,verbs,3.05
1952,devoir,wchodzić,verbs,0.15
1953,partenaire,chłopiec,nouns,1.65
1954,sénat,konstytucja,nouns,1.65
1955,donner,wyrzec się,verbs,0.15
1956,effrayé,nerwowy,adjectives,1.65
1957,rappeler,sprzedawać,verbs,0.2
1958,dent,kość,nouns,2.6
1959,couple,para,nouns,5.45
1960,oiseau,jastrząb,nouns,3.85
1961,soleil,jabłko,nouns,0.35
1962,choix,żyła,nouns,0.25
1963,diode,kondensator,nouns,1.2
1964,mortellement,szczęśliwie,adverbs,0.3
1965,style,moda,nouns,4.55
1966,mécaniquement,idealnie,adverbs,0.45
1967,appartement,dom,nouns,4.4
1968,déterminer,ewakuować,verbs,0.2
1969,livrer,brać,verbs,0.6
1970,facilement,swobodnie,adverbs,2.0
1971,silencieusement,pasywnie,adverbs,1.45
1972,homme,wojownik,nouns,1.8
1973,article,manuskrypt,nouns,1.85
1974,beauté,wiek,nouns,0.6
1975,grossièrement,marginalnie,adverbs,1.2
1976,fou,zadowolony,adjectives,0.65
1977,paille,zadanie,nouns,0.0
1978,journaliste,poeta,nouns,1.15
1979,marrant,smutny,adjectives,0.6
1980,chaos,lekcja,nouns,0.2
1981,dire,weryfikować,verbs,0.75
1982,tsunami,morze,nouns,1.4
1983,vieux,świeży,adjectives,0.15
1984,salade,dieta,nouns,1.05
1985,chimie,teoria,nouns,1.3
1986,ouvrier,mechanik,nouns,2.9
1987,purgatoire,zaświaty,nouns,2.55
1988,jeans,kobieta,nouns,0.05
1989,polyèdre,aktor,nouns,0.0
1990,recevoir,akceptować,verbs,2.4
1991,brut,brzydki,adjectives,1.05
1992,canyon,dolina,nouns,3.7
1993,radical,gwałtowny,adjectives,2.65
1994,bible,książka,nouns,3.45
1995,larme,oko,nouns,1.2
1996,catastrophe,śmierć,nouns,2.3
1997,globe,świat,nouns,4.65
1998,cytoplasme,cyfra,nouns,0.0
1999,repas,kolacja,nouns,3.9
2000,événement,kwestarz,nouns,1.15
2001,langage,komunikacja,nouns,3.15
2002,haricot,kawa ,nouns,0.9
2003,critiquer,nienawidzić,verbs,2.25
2004,rivage,plaża,nouns,4.2
2005,téléphone,ofiara,nouns,0.1
2006,honteux,pomyślny,adjectives,0.45
2007,oublier,wybaczać,verbs,2.75
2008,shérif,gliniarz,nouns,3.8
2009,livrer,akceptować,verbs,0.55
2010,chanson,ballada,nouns,4.25
2011,témoigner,osądzać,verbs,1.15
2012,animal de compagnie,kot,nouns,3.7
2013,débattre,różnić się,verbs,2.15
2014,frais,stary,adjectives,0.15
2015,baignoire,żona,nouns,0.05
2016,littérature,słowo,nouns,2.15
2017,artiste,dzieło sztuki,nouns,1.75
2018,criminel,przestępca,nouns,5.1
2019,condamner,odrzucić,verbs,3.2
2020,réduire,przemoczyć,verbs,0.05
2021,lapin,kot,nouns,1.5
2022,apprendre,ewaluować,verbs,1.5
2023,boeuf,bydło,nouns,4.0
2024,parent,dorosły,nouns,3.05
2025,boisson,piwo,nouns,3.35
2026,rapide,pośpieszny,adjectives,5.15
2027,évidemment,lokalnie,adverbs,0.15
2028,condition,chłopiec,nouns,0.05
2029,vouloir,pragnąć,verbs,5.5
2030,toit,podłoga,nouns,1.25
2031,fortuit,nieoczekiwany,adjectives,5.55
2032,instamment,szybko,adverbs,4.3
2033,veine,wybór,nouns,0.25
2034,illustration,pęcherz,nouns,0.15
2035,laisser,wchodzić,verbs,0.45
2036,tableau,lista,nouns,2.35
2037,fleur,przekonanie,nouns,0.0
2038,plafond,katedra,nouns,0.5
2039,meuble,mieszkanie,nouns,1.3
2040,réussir,zrealizować,verbs,5.3
2041,dissertation,książka,nouns,1.05
2042,assister,argumentować,verbs,0.55
2043,poule,ptak,nouns,3.05
2044,robotique,symulacja,nouns,1.2
2045,déraisonnablement,niesprawiedliwie,adverbs,2.2
2046,taxi,taksówka,nouns,5.35
2047,distance,perspektywa,nouns,2.85
2048,littérature,książka,nouns,3.4
2049,pièce,lotnisko,nouns,0.1
2050,positivement,prawdopodobnie,adverbs,1.75
2051,bal,kostium,nouns,1.15
2052,chenille,jedwabnik,nouns,3.25
2053,pont,karta,nouns,0.75
2054,quitter,eksmitować,verbs,2.0
2055,ministère,sułtan,nouns,0.65
2056,essuyer,pogorszyć się,verbs,0.4
2057,servante,pomocnik,nouns,2.0
2058,gestion,praca,nouns,1.5
2059,lit,kanapa,nouns,3.5
2060,gens,pistolet,nouns,0.2
2061,lèvre,usta,nouns,3.95
2062,hanche,warga,nouns,0.65
2063,danse,sukienka,nouns,0.45
2064,obéir,zachowywać się,verbs,3.1
2065,nager,spotykać,verbs,0.3
2066,couvrir,zakopać,verbs,3.0
2067,prendre,otrzymywać,verbs,2.45
2068,microscope,biolog,nouns,1.4
2069,enjoué,rozkoszny,adjectives,1.25
2070,ballon,kosz,nouns,0.95
2071,centime,okazja,nouns,0.2
2072,légion,dostojeństwo,nouns,2.1
2073,persévérance,siła,nouns,3.05
2074,dirigeant,król,nouns,5.2
2075,rondin,drewno,nouns,4.15
2076,posséder,brać,verbs,2.5
2077,chef,menadżer,nouns,4.35
2078,assister,wysyłać,verbs,0.25
2079,désavouer,dać,verbs,0.15
2080,simplement,najwyraźniej,adverbs,1.4
2081,incurvé,zakrzywiony,adjectives,5.45
2082,éblouir,zezować,verbs,0.15
2083,papier peint,tło,nouns,3.3
2084,chalet,pole,nouns,0.9
2085,intelligence,logika,nouns,3.15
2086,persil,babeczka,nouns,0.3
2087,menu,zamówienie,nouns,1.65
2088,cyclone,tajfun,nouns,4.65
2089,gagner,dominować,verbs,2.85
2090,attention,świadomość,nouns,3.05
2091,commande,menu,nouns,1.65
2092,venir,uczęszczać,verbs,3.1
2093,lit,pokój,nouns,0.7
2094,rythme,arytmetyka,nouns,0.1
2095,feu,apokalipsa,nouns,1.4
2096,normalement,codziennie,adverbs,2.0
2097,paracétamol,bronchit,nouns,1.0
2098,fraternité,baseball,nouns,0.2
2099,corps,ramię,nouns,1.95
2100,bouche,warga,nouns,3.95
2101,couloir,klasa,nouns,0.8
2102,gagnant,cel,nouns,0.75
2103,accuser,winić,verbs,4.6
2104,principalement,nieuleczalnie,adverbs,0.0
2105,fraude,przestępstwo,nouns,4.4
2106,insensé,szalony,adjectives,5.45
2107,évidemment,pewnie,adverbs,4.05
2108,bras,gałęź,nouns,0.95
2109,enseignant,instruktor,nouns,5.5
2110,allée,hol,nouns,3.35
2111,frustration,gniew,nouns,3.85
2112,penser,kontemplować,verbs,2.3
2113,crépuscule,wieczór,nouns,4.6
2114,violent,miękki,adjectives,0.65
2115,expliquer,wyjaśniać,verbs,5.7
2116,insulter,urazić,verbs,4.85
2117,mélodie,muzyka,nouns,4.5
2118,ballade,piosenka ,nouns,4.25
2119,froid,zwyczajny,adjectives,0.2
2120,formule,równanie,nouns,3.85
2121,livre,opowieść,nouns,2.75
2122,maison,dywan,nouns,0.75
2123,sournois,pojętny,adjectives,1.25
2124,rejeter,potępić,verbs,3.2
2125,tranchant,gładki,adjectives,1.0
2126,geyser,źródło,nouns,3.4
2127,application,galaktyka,nouns,0.1
2128,corps,klatka piersiowa,nouns,2.15
2129,violon,instrument,nouns,3.9
2130,mourir,pochować,verbs,1.75
2131,livre,biblia,nouns,3.45
2132,couloir,przejście,nouns,3.35
2133,compilateur,podprogram,nouns,2.0
2134,mode,styl,nouns,4.55
2135,sûrement,czasem,adverbs,0.65
2136,étui,narzędzia,nouns,1.2
2137,sûrement,oczywiście,adverbs,4.05
2138,herbe,marihuana,nouns,5.4
2139,prairie,pastwisko,nouns,4.2
2140,venir,przynieść,verbs,0.5
2141,portable,pistolet,nouns,0.1
2142,muffin,pietruszka,nouns,0.3
2143,flexible,łatwy,adjectives,1.1
2144,chanson,opowieść,nouns,1.4
2145,coucher de soleil,stół,nouns,0.0
2146,siroter,przełykać,verbs,1.55
2147,population,ludzie,nouns,4.45
2148,éviter,ignorować,verbs,3.35
2149,sentiment,intuicja,nouns,4.05
2150,hymne,słoma,nouns,0.1
2151,pacte,warunek,nouns,1.95
2152,appareil photo,prezydent,nouns,0.05
2153,aller,zaczynać,verbs,0.65
2154,nain,przymały,adjectives,3.9
2155,carte,kwadrat,nouns,0.4
2156,grossièrement,niezawodnie,adverbs,0.55
2157,fatigué,nudny,adjectives,0.95
2158,poète,dziennikarz,nouns,1.15
2159,truite,gitara,nouns,0.05
2160,foule,grupa,nouns,3.8
2161,siffler,zatrzymywać,verbs,0.3
2162,calendrier,święto,nouns,1.65
2163,frire,gotować,verbs,3.0
2164,stupide,uparty,adjectives,1.3
2165,adversaire,oponent,nouns,5.45
2166,briser,rozwalić,verbs,4.95
2167,mouiller,redukować,verbs,0.05
2168,rire,chichotać,verbs,5.3
2169,errer,włóczyć się,verbs,3.4
2170,laisser,czekać,verbs,0.65
2171,mal,straszliwy,adjectives,2.9
2172,alcool,jałowcówka,nouns,3.85
2173,femme,dziura,nouns,0.1
2174,bétail,krowa,nouns,4.5
2175,mal,winny,adjectives,2.35
2176,arrêter,gwizdać,verbs,0.3
2177,honnête,winny,adjectives,0.6
2178,peuple,balon,nouns,0.05
2179,délicieux,wspaniały,adjectives,3.5
2180,père,bóg,nouns,2.5
2181,jeu,zabawa,nouns,4.7
2182,tour,gra,nouns,1.7
2183,basket,baseball,nouns,2.4
2184,ignorer,drukować,verbs,0.1
2185,pointeur,slajd,nouns,0.1
2186,bras,żyła,nouns,0.8
2187,conduire,tasować,verbs,0.1
2188,rejoindre,przyłączać,verbs,2.6
2189,topologie,struktura,nouns,3.15
2190,étrange,osobliwy,adjectives,5.35
2191,genou,kość,nouns,2.05
2192,donner,pożyczać,verbs,1.8
2193,personne,populacja,nouns,4.45
2194,veau,byk,nouns,2.55
2195,coureur,atleta,nouns,3.2
2196,nerf,ciało,nouns,1.0
2197,lâche,giętki,adjectives,1.35
2198,voiture,łódź,nouns,1.35
2199,doucement,głośno,adverbs,0.55
2200,viser,uderzyć,verbs,2.15
2201,gros,łatwy,adjectives,0.2
2202,fête,ludzie,nouns,0.85
2203,communication,telewizja,nouns,1.9
2204,houille,węgiel,nouns,4.25
2205,brin,nić,nouns,3.65
2206,devenir,robić,verbs,0.65
2207,acquérir,złączyć,verbs,0.7
2208,chapitre,noc,nouns,0.1
2209,récipient,wóz,nouns,0.25
2210,contraire,inny,adjectives,2.05
2211,clé,korona ,nouns,0.1
2212,fermement,niewiarygodnie,adverbs,0.5
2213,strictement,kompletnie,adverbs,2.7
2214,métal,aluminium,nouns,2.85
2215,noyer,ratować,verbs,0.75
2216,syntaxe,hasło,nouns,0.85
2217,femme,cent,nouns,0.1
2218,germe,patogen,nouns,3.85
2219,portail,drzwi,nouns,4.4
2220,homme,ojciec,nouns,2.8
2221,triste,dumny,adjectives,0.65
2222,perspicacité,fakt,nouns,1.3
2223,menthe,guma,nouns,0.65
2224,piston,silnik,nouns,2.6
2225,précisément,niedokładnie,adverbs,0.75
2226,offenser,naprzykrzać się,verbs,2.35
2227,savoir,rozumieć,verbs,2.95
2228,vin,trunek,nouns,3.2
2229,étroit,biały,adjectives,0.05
2230,boîte,źródło,nouns,0.0
2231,exiger,ganić,verbs,1.15
2232,appareil photo,robotnik,nouns,0.2
2233,câliner,przytulić,verbs,5.35
2234,transporter,podnieść,verbs,1.9
2235,étroit,długi,adjectives,0.95
2236,mettre,wisieć,verbs,0.65
2237,coin,obszar,nouns,0.8
2238,tranchant,tępy,adjectives,0.05
2239,développer,rosnąć,verbs,4.05
2240,explorer,ignorować,verbs,0.3
2241,triste,śmieszny,adjectives,0.6
2242,foule,parada,nouns,2.4
2243,femme,dżinsy,nouns,0.05
2244,parfois,kiedykolwiek,adverbs,0.9
2245,musée,mennica,nouns,0.05
2246,pont,samochód,nouns,0.3
2247,liqueur,wino,nouns,3.2
2248,étroit,szczupły,adjectives,2.8
2249,nécessiteux,bezradny,adjectives,2.15
2250,attacher,jednoczyć,verbs,4.05
2251,loucher,razić,verbs,0.15
2252,bain,balon,nouns,0.1
2253,tasse,łyżka,nouns,1.15
2254,flexible,luźny,adjectives,1.35
2255,vélo,sypialnia,nouns,0.05
2256,théorie,hipoteza,nouns,4.65
2257,corps,nerw,nouns,1.0
2258,fleur,cebulka,nouns,2.2
2259,fille,niemowlę,nouns,2.6
2260,vomir,zamykać,verbs,0.05
2261,taille,posiłek,nouns,0.2
2262,chasser,złapać,verbs,1.3
2263,tuer,walczyć,verbs,1.55
2264,idiot,tępy,adjectives,5.35
2265,imprévu,nieprzewidziany,adjectives,5.55
2266,frire,zagotować,verbs,2.75
2267,code,symbol,nouns,2.7
2268,impuissant,potrzebujący,adjectives,2.15
2269,hymne,podbój,nouns,0.4
2270,chat,lew,nouns,2.75
2271,montagne,półka (skalna),nouns,2.2
2272,délinquant,kryminalista,nouns,5.1
2273,injustement,nierozsądnie,adverbs,2.2
2274,chirurgie,serce,nouns,1.05
2275,guerrier,mężczyzna,nouns,1.8
2276,promettre,przysięgać,verbs,4.95
2277,philosophe,wyścigi,nouns,0.15
2278,chasser,szukać,verbs,2.3
2279,ver à soie,gąsienica,nouns,3.25
2280,compter,nawalić,verbs,0.2
2281,garçon,ryż,nouns,0.05
2282,sonnet,piękno,nouns,0.5
2283,personne,cent,nouns,0.1
2284,sauce,jabłko,nouns,0.8
2285,force,moc,nouns,5.05
2286,sale,wąski,adjectives,0.1
2287,dieu,duch,nouns,2.55
2288,ajouter,złączyć,verbs,3.65
2289,épée,środowisko,nouns,0.05
2290,pièce,cela,nouns,2.9
2291,blesser,atakować,verbs,2.4
2292,mature,wyrafinowany,adjectives,1.45
2293,humilier,pocieszać,verbs,0.45
2294,pièce,wanna,nouns,0.85
2295,chaise,teleskop,nouns,0.2
2296,vieux,mieszany,adjectives,0.1
2297,construire,tworzyć,verbs,4.65
2298,film,ekranizacja,nouns,5.2
2299,champ,owies,nouns,1.55
2300,sophistiqué,dojrzały,adjectives,1.45
2301,fiablement,pobieżnie,adverbs,0.55
2302,ballon,wanna,nouns,0.1
2303,jouer,kłócić się,verbs,0.7
2304,arriver,przyjść,verbs,4.75
2305,déni,wyznanie,nouns,1.0
2306,poulet,kolacja,nouns,1.05
2307,os,kolano,nouns,2.05
2308,intelligence,mądrość,nouns,4.35
2309,atteindre,powieść się,verbs,3.9
2310,sauver,topić,verbs,0.75
2311,préjudice,szowinista,nouns,0.95
2312,élégamment,pięknie,adverbs,3.5
2313,verger,struś,nouns,0.05
2314,justifier,weryfikować,verbs,2.25
2315,neuropsychologie,parapsychologia,nouns,1.85
2316,entrer,iść,verbs,3.05
2317,réussir,osiągnąć,verbs,3.9
2318,rester,zatrzymywać,verbs,1.4
2319,fenêtre,dach,nouns,1.05
2320,alliage,stal,nouns,2.9
2321,irrégulièrement,zwykle,adverbs,0.75
2322,frais,nowy,adjectives,4.25
2323,entrant,towarzyski,adjectives,0.7
2324,colère,frustracja,nouns,3.85
2325,mal,świetny,adjectives,0.3
2326,paume,palec,nouns,1.8
2327,impression,przekonanie,nouns,2.35
2328,œil,łza,nouns,1.2
2329,plante,rolnictwo,nouns,1.1
2330,gorge,język,nouns,1.65
2331,porte,piwnica,nouns,0.7
2332,ciel,wrzechświat,nouns,2.35
2333,nuage,burza,nouns,1.45
2334,cognac,alkohol,nouns,3.45
2335,recevoir,kupować,verbs,0.95
2336,discrètement,grzecznie,adverbs,1.75
2337,ennuyeux,zmęczony,adjectives,0.95
2338,subtilement,głośno,adverbs,0.65
2339,cheval,źrebak,nouns,3.85
2340,carton,papier,nouns,3.8
2341,hôtel,mieszkanie,nouns,1.9
2342,queue,rozdział,nouns,0.0
2343,porter,przynieść,verbs,3.05
2344,fraude,korupcja,nouns,3.95
2345,accepter,uznawać,verbs,5.0
2346,cigare,pudełko,nouns,0.7
2347,femme,wanna,nouns,0.05
2348,vendre,pożyczać,verbs,0.6
2349,mine,skała,nouns,1.3
2350,ouvrier,biuro,nouns,0.6
2351,colline,klif,nouns,2.55
2352,sûr,legalny,adjectives,2.6
2353,stupide,gęsty,adjectives,0.05
2354,agresser,drażnić,verbs,1.1
2355,doux,gwałtowny,adjectives,0.65
2356,décennie,era,nouns,2.85
2357,tuyau,samochód,nouns,0.35
2358,confiance,własna osoba,nouns,1.35
2359,entendre,mówić,verbs,1.35
2360,supplier,pożyczać,verbs,1.0
2361,yaourt,bydło,nouns,0.3
2362,soustraire,stracić,verbs,1.85
2363,livre,temat,nouns,1.05
2364,ciel,marzenie,nouns,0.4
2365,simulation,robotyka,nouns,1.2
2366,météore,grawitacja,nouns,0.85
2367,rue,samochód,nouns,0.8
2368,bocal,filiżanka,nouns,2.1
2369,film,nihilizm,nouns,0.15
2370,étroit,brudny,adjectives,0.1
2371,type,partner,nouns,2.3
2372,sculpture,statua,nouns,5.15
2373,trouver,uciec,verbs,0.3
2374,long métrage,film,nouns,5.2
2375,fuir,uciec,verbs,5.75
2376,porter,drzeć,verbs,0.1
2377,bateau,pokład,nouns,1.95
2378,descendre,wycofywać się,verbs,1.05
2379,crochet,mundur,nouns,0.05
