ID,HEB,RUS,PoS,score
1,לצבוט,бить,verbs,0.6
2,מידה,величина,nouns,4.35
3,לסחור,продавать,verbs,4.45
4,קסנופוביה,расизм,nouns,2.65
5,מוגן,утомительный,adjectives,0.1
6,ליידע,полировать,verbs,0.0
7,מחלה,жар,nouns,1.6
8,להעמיד פנים,лгать,verbs,3.15
9,מבחן,суд,nouns,1.15
10,אישי,интимный,adjectives,4.35
11,מנעול,ключ,nouns,1.2
12,כעס,настроение,nouns,1.05
13,להתחתן,присоединиться,verbs,0.55
14,צר,широкий,adjectives,0.55
15,להכות,целиться,verbs,0.55
16,מטוס,аэропорт,nouns,1.25
17,גדה,побережье,nouns,3.05
18,מיותר,необходимый,adjectives,0.6
19,להגן,помогать,verbs,2.05
20,טבק,сигарета,nouns,1.75
21,לחוץ,расслабленный,adjectives,0.55
22,סכנה,угроза,nouns,4.45
23,לעיתים רחוקות,часто,adverbs,0.6
24,להפציר,умолять,verbs,4.25
25,לכסות,маскировать,verbs,3.0
26,סוכר,мед,nouns,1.5
27,לאשר,говорить,verbs,0.8
28,אמן,искусства,nouns,1.35
29,להינות,ненавидеть,verbs,0.2
30,תסכול,злость,nouns,2.55
31,מקצב,стих,nouns,1.75
32,ציוויליזציה,образ жизни,nouns,0.85
33,פגישה,пациент,nouns,0.7
34,סקי,сноуборд,nouns,2.45
35,מכונית,карета,nouns,1.45
36,בסיס,ступня,nouns,0.55
37,להקטין,пропитывать,verbs,0.25
38,חילוניות,религия,nouns,0.8
39,עיר,городок,nouns,3.4
40,שחקן כדורת,боулинг,nouns,2.45
41,שכר לימוד,стипендия,nouns,1.05
42,להפריך,разрешать,verbs,0.15
43,לחבק,душить,verbs,0.65
44,בעדינות,громко,adverbs,0.2
45,מטאטא,пыль,nouns,1.3
46,דלת,братство,nouns,0.0
47,להסביר,обсуждать,verbs,1.2
48,עצבני,беспокойный,adjectives,2.1
49,גמיש,крупный,adjectives,0.1
50,לנער,собирать,verbs,0.1
51,מטורף,сумасшедший,adjectives,5.15
52,ספורטאי,бегун,nouns,2.15
53,מוכר,хороший,adjectives,0.5
54,מוות,трагедия,nouns,2.15
55,חול,ступня,nouns,0.25
56,בשר,стейк,nouns,3.85
57,מזג אוויר,волна,nouns,0.55
58,בקול רם,тонко,adverbs,0.2
59,צינור,сад,nouns,1.0
60,מתוחכם,зрелый,adjectives,0.75
61,להיכחד,пропадать,verbs,4.95
62,לתפוס,выпускать,verbs,0.55
63,גיטרה,барабан,nouns,1.5
64,חום,грипп,nouns,1.3
65,בוודאי,благоразумно,adverbs,0.35
66,תחתית,верх,nouns,0.65
67,פופקורן,кино,nouns,1.05
68,סופר,читатель,nouns,1.0
69,כהונה,султан,nouns,0.55
70,כיכר,карта,nouns,0.8
71,פעמיים,множественный,adverbs,0.75
72,להסכים,принимать,verbs,2.55
73,לנשל,запускать,verbs,0.5
74,משוגע,счастливый,adjectives,0.5
75,הומופון,фотофон,nouns,0.6
76,ללכוד,брать,verbs,1.05
77,דת,секулярист,nouns,0.8
78,עסק,компания,nouns,3.4
79,מכונית,шланг,nouns,0.65
80,להשתתף,присоединяться,verbs,1.95
81,לקחת,получать,verbs,1.3
82,סוללה,театр,nouns,0.0
83,עצרת,сбор,nouns,4.7
84,אומלל,рассерженный,adjectives,0.7
85,דגנים,пшеница,nouns,3.0
86,לפגוע,оскорблять,verbs,3.4
87,ילד,взрослый,nouns,1.1
88,כומר,пророк,nouns,1.5
89,מוות,погребение,nouns,1.8
90,יוצר,создатель,nouns,4.65
91,דעה,выбор,nouns,1.2
92,יריב,противник,nouns,3.65
93,חוף,море,nouns,1.75
94,שפה,бедро,nouns,1.0
95,מנוע,поршень,nouns,1.75
96,פרופסור,студент,nouns,0.95
97,מונוקלטורה,сельское хозяйство,nouns,0.8
98,פרטי,общественный,adjectives,0.5
99,יקר ערך,священный,adjectives,2.2
100,לקפוא,дрожать,verbs,1.6
101,תלמיד,учащийся,nouns,5.3
102,חלון,дверь,nouns,1.05
103,ענק,большой,adjectives,4.65
104,חוף,пляж,nouns,2.75
105,להתעלם,распечатать,verbs,0.1
106,קריקט,сторонник,nouns,0.3
107,בשלווה,хаотично,adverbs,0.3
108,אישה,задача,nouns,0.0
109,מסודר,беспорядочный,verbs,0.5
110,מכונית,танк,nouns,1.45
111,סופר,композитор,nouns,1.35
112,מטרה,стрела,nouns,1.25
113,חזק,гордый,adjectives,0.65
114,לסמוך,провалиться,verbs,0.2
115,לקטוף,выбирать,verbs,0.6
116,וריד,желудок,nouns,0.7
117,רהיט,квартира,nouns,0.95
118,לסדר,нуждаться,verbs,0.15
119,פה,губа,nouns,1.35
120,מס,доход,nouns,0.95
121,מפה,площадь,nouns,0.8
122,צמד,чета,nouns,5.4
123,ביישן,дорогой,adjectives,0.05
124,בקר,йогурт,nouns,0.65
125,להסביר,доказывать,verbs,2.35
126,עמלה,платеж,nouns,3.45
127,שופט,суд,nouns,1.65
128,ספרה,число,nouns,4.9
129,ספר,литература,nouns,2.1
130,בטוח,нервный,adjectives,0.2
131,דיודה,конденсатор,nouns,1.65
132,סטודנט,профессор,nouns,0.95
133,שותף,мальчик,nouns,0.9
134,לאפשר,разъедать,verbs,0.05
135,מפתח,замок,nouns,1.2
136,להושיע,спасать,verbs,5.0
137,לעיתים קרובות,редко,adverbs,0.6
138,להצביע,выбирать,verbs,3.6
139,מיטה,спальня,nouns,1.45
140,לקבל,оставаться,verbs,0.35
141,אקדח,шалость,nouns,0.15
142,ראש,ступня,nouns,0.85
143,לרוץ,ездить,verbs,0.7
144,רוח,бог,nouns,1.6
145,מנגינה,ритм,nouns,3.15
146,מצחיק,скучный,adjectives,0.5
147,טיפש,упрямый,adjectives,0.75
148,מטומטם,умный,adjectives,0.5
149,רגל,песок,nouns,0.25
150,היגיון,интеллект,nouns,2.55
151,גשם,изморось,nouns,2.0
152,בשר,бутерброд,nouns,0.9
153,פרק,выбор,nouns,0.4
154,הפוך,уникальный,adjectives,0.3
155,מדינה,дом,nouns,0.9
156,סמל,знак,nouns,4.6
157,מחברת,пистолет,nouns,0.0
158,פתוגן,микроб,nouns,3.85
159,דיונה,пустыня,nouns,2.1
160,שוטר,политик,nouns,0.45
161,סופר,роман,nouns,1.25
162,מכוער,беспорядочный,adjectives,0.65
163,מילה,литература,nouns,1.3
164,כבש,ягненок,nouns,3.25
165,לחפש,странствовать,verbs,1.3
166,דודה,племянник,nouns,1.05
167,ללכת,посылать,verbs,0.4
168,באופן מקומי,очевидно,adverbs,0.1
169,סוסון,конь,nouns,2.35
170,בוגר,изысканный,adjectives,0.75
171,פרה,скот,nouns,3.2
172,לפגוע,пинать,verbs,1.85
173,גוף,желудок,nouns,1.7
174,זול,доступный,adjectives,2.35
175,שיעור,значение,nouns,0.7
176,מצלמה,линза,nouns,1.45
177,ילד,рис,nouns,0.2
178,מפולת שלגים,снег,nouns,1.75
179,כבד,орган,nouns,1.8
180,ליצור,представлять,verbs,1.05
181,בגדים,шкаф,nouns,0.9
182,ויכוח,соглашение,nouns,0.75
183,חדש,старый,adjectives,0.6
184,עשב,марихуана,nouns,2.65
185,כיף,футбол,nouns,0.95
186,צורה,мода,nouns,0.7
187,להפוך,завершать,verbs,0.6
188,באופן שלילי,неестественно,adverbs,0.65
189,להתעלם,покидать,verbs,0.7
190,כריך,обед,nouns,1.35
191,להחליף,восстанавливать,verbs,2.0
192,ראש,плечо,nouns,1.0
193,חופש,свобода,nouns,5.8
194,ג'ין,алкоголь,nouns,2.15
195,מערכת אקולוגית,экономика,nouns,0.85
196,עצב,тело,nouns,0.8
197,להצליח,проваливать,verbs,0.5
198,חדש,старый,adjectives,0.5
199,קר,обычный,adjectives,0.2
200,בערך,грубо,adverbs,1.2
201,מיץ,молоко,nouns,0.85
202,קישוט,конверт,nouns,0.3
203,דביק,мокрый,adjectives,0.95
204,ליפול,ушибить,verbs,1.2
205,בלון,народ,nouns,0.1
206,אירוסין,кольцо,nouns,1.7
207,סמסטר,срок,nouns,2.15
208,בחירה,глава,nouns,0.4
209,לדרג,отмечать,verbs,2.0
210,אח,мальчик,nouns,1.9
211,גדול,огромный,adjectives,4.9
212,לשכנע,пытаться,verbs,0.85
213,לאחרונה,теперь,adverbs,0.7
214,ליצור,рисовать,verbs,1.5
215,שמיים,солнце,nouns,1.2
216,ללחוץ,освобождать,verbs,0.45
217,איבר,печень,nouns,1.8
218,אפס,бесконечность,nouns,0.8
219,עוצמה,сила,nouns,4.55
220,להכחיש,лгать,verbs,1.25
221,גיטרה,форель,nouns,0.05
222,אגם,облако,nouns,0.55
223,גבעה,утес,nouns,2.25
224,נשמה,брат,nouns,0.6
225,כרגע,деликатно,adverbs,0.0
226,זווית,изгиб,nouns,2.7
227,לקחת,доставлять,verbs,0.7
228,להתפעל,обожать,verbs,3.85
229,הגדרה,словарь,nouns,2.0
230,מחלה,рак,nouns,2.0
231,ספה,стул,nouns,1.65
232,נושא,история,nouns,1.05
233,חסר צורה,аморфный,adjectives,4.55
234,זרוע,колено,nouns,1.1
235,אשליה,реальность,nouns,0.8
236,להתחזות,изображать,verbs,3.5
237,להסכים,спорить,verbs,0.55
238,חד,мягкий,adjectives,0.45
239,כותנה,свитер,nouns,1.05
240,דם,плоть,nouns,1.3
241,רע,нечестный,adjectives,1.05
242,צמיגות,всплеск,nouns,0.45
243,סיגר,трубка,nouns,2.45
244,טלסקופ,мозговой штурм,nouns,0.0
245,חשמלית,поезд,nouns,2.15
246,אוטובוס,таксомотор,nouns,1.55
247,נכס,акции,nouns,2.6
248,רחב,узкий,adjectives,0.55
249,תמונה,идея,nouns,1.3
250,צדק,суд,nouns,1.95
251,לרכב,бежать,verbs,0.7
252,כפפה,мяч,nouns,0.55
253,ביולוג,микроскоп,nouns,1.1
254,מעבר,коридор,nouns,4.15
255,שוקולד,пирог,nouns,0.9
256,סנט,конституция,nouns,0.85
257,להטריח,обострять,verbs,0.15
258,כלי,скрипка,nouns,1.95
259,טלויזיה,кино,nouns,2.7
260,עצם,колено,nouns,1.35
261,מולקולה,воздух,nouns,1.25
262,להאמין,принимать,verbs,1.15
263,ים,река,nouns,1.5
264,לשים,получать,verbs,0.55
265,נסיכה,невеста,nouns,0.9
266,נדיר,необычный,adjectives,4.05
267,הלילה,завтра,adverbs,0.75
268,מכונית,грузовик,nouns,2.7
269,אך ורק,полностью,adverbs,1.5
270,נוכחות,победитель,nouns,0.05
271,לדבר,шептать,verbs,1.7
272,לחפש,находить,verbs,1.4
273,וידוי,отрицание,nouns,0.4
274,באופן לא הוגן,довольно,adverbs,0.6
275,באופן סביל,надёжно,adverbs,0.5
276,לעזוב,забирать,verbs,0.2
277,לקחת,завладевать,verbs,2.3
278,לרמות,обманывать,verbs,4.9
279,עצום,большой,adjectives,4.9
280,לדחות,избегать,verbs,1.05
281,ספר,эссе,nouns,1.7
282,מבוגר,ребенок,nouns,1.1
283,לפרוש,уходить,verbs,3.65
284,לפעמים,конечно,adverbs,0.2
285,מפתח,дом,nouns,1.05
286,מצומצם,скудный,adjectives,1.55
287,לאשר,уведомлять,verbs,0.95
288,שקיעה,рассвет,nouns,1.3
289,כף,чашка,nouns,1.15
290,לעולם לא,отрицательный,adjectives,1.9
291,בוודאי,иногда,adverbs,0.2
292,ממתק,корица,nouns,0.8
293,שותף,парень,nouns,1.55
294,לנסות,убеждать,verbs,0.85
295,לנהוג,останавливаться,verbs,0.5
296,בטבעיות,неестественно,adverbs,0.5
297,בדיה,биография,nouns,0.9
298,מכונית,завод,nouns,0.65
299,ללמוד,спутывать,verbs,0.3
300,עכבר,управление,nouns,0.35
301,מחוץ לנישואין,неприличный,adjectives,0.15
302,נחמד,жестокий,adjectives,0.4
303,פוסטר,бумага,nouns,2.2
304,לחבר,отделять,verbs,0.5
305,שמחה,умиротворенность,nouns,1.4
306,מעלית,коробка,nouns,0.65
307,הליום,воздух,nouns,1.75
308,חבר,гость,nouns,1.65
309,להשאיר,достигать,verbs,0.35
310,לנגב,ухудшать,verbs,0.0
311,משמח,восхитительный,adjectives,3.3
312,קדוש,драгоценный,adjectives,2.2
313,המשך,камера,nouns,0.0
314,חכם,тупой,adjectives,0.65
315,בעיקרון,вполне,adverbs,0.85
316,שונה,обычный,adjectives,0.5
317,תובנה,факт,nouns,2.65
318,בת,отец,nouns,1.15
319,קרסול,локоть,nouns,1.25
320,כסף,бриллиант,nouns,0.95
321,פעם אחת,немедленно,adverbs,0.25
322,ביתן,хижина,nouns,3.5
323,להפציר,угождать,verbs,0.8
324,שדה תעופה,кусок,nouns,0.1
325,לחנוק,жечь,verbs,0.35
326,לשלם,лечить,verbs,0.3
327,כף רגל,база,nouns,0.55
328,קבר,перезахоронения,nouns,1.5
329,לחפש,спрашивать,verbs,1.35
330,מלגה,обучение,nouns,1.05
331,רציני,смешной,adjectives,0.5
332,לבחור,хотеть,verbs,0.95
333,רגיל,обычный,adjectives,5.8
334,תאריך,календарь,nouns,1.6
335,לדכא,подбодрять,verbs,0.55
336,נפש,невроз,nouns,0.7
337,ברונכיטיס,ацетаминофен,nouns,1.05
338,בחוזקה,твердо,adverbs,2.25
339,צלב,монах,nouns,1.35
340,בחשאי,очевидно,adverbs,0.35
341,גבול,рубеж,nouns,4.35
342,סיפור,книга,nouns,1.65
343,פחם,рашкуль,nouns,1.15
344,בקרוב,немедленно,adverbs,1.9
345,להכריע,душить,verbs,0.6
346,מצחיק,печальный,adjectives,0.5
347,רחב,узкий,adjectives,0.55
348,קצין,лейтенант,nouns,2.2
349,לקבל,посылать,verbs,0.5
350,נייר,дерево,nouns,1.1
351,סיפור,тема,nouns,1.05
352,כבד,груженный,adjectives,2.0
353,קרב,завоевание,nouns,1.9
354,מיץ,ложка,nouns,0.4
355,בגדים,пальто,nouns,1.8
356,פסנתר,гармония,nouns,0.75
357,וויסקי,шампанское,nouns,1.6
358,קרושה,форма,nouns,0.35
359,מכה,рамка,nouns,0.0
360,עיתון,известие,nouns,1.4
361,מעולה,плохой,adjectives,0.45
362,וריד,рука,nouns,0.95
363,ממשלה,ящерица,nouns,0.05
364,לקנות,платить,verbs,1.8
365,להזניח,отрекаться,verbs,0.5
366,לשיר,плавать,verbs,0.25
367,קרן,барабан,nouns,0.8
368,ענן,погода,nouns,1.0
369,עצב,счастье,nouns,0.6
370,להחמיר,беспокоить,verbs,0.15
371,אלומיניום,металл,nouns,2.0
372,לאפשר,идти,verbs,0.15
373,ללכת,путешествовать,verbs,2.15
374,לשלוט,побеждать,verbs,1.35
375,קל,гибкий,adjectives,1.65
376,קומבינציה,соединение,nouns,2.75
377,לרכוש,брать,verbs,1.5
378,לאומי,большой,adjectives,0.4
379,דין,магистрат,nouns,1.8
380,לסגת,поглощать,verbs,0.2
381,בייקון,завтрак,nouns,1.1
382,לאפות,жарить,verbs,1.75
383,עובד,офис,nouns,1.05
384,להגביל,уменьшить,verbs,2.1
385,אל,дьявол,nouns,1.1
386,רגשית,грустно,adverbs,0.85
387,לשלב,комбинировать,verbs,4.0
388,לרצות,ладить,verbs,1.15
389,שריפה,апокалипсис,nouns,1.05
390,לעשות,становиться,verbs,0.75
391,אי,задача,nouns,0.0
392,להאשים,лгать,verbs,0.5
393,משימה,автострада,nouns,0.1
394,לתעב,обвинять,verbs,0.55
395,טבע,флора,nouns,2.6
396,לשוטט,странствовать,verbs,4.35
397,להרשות,давать,verbs,2.15
398,כדור,корзина,nouns,0.9
399,ביקורתי,грубый,adjectives,0.75
400,כלה,принцесса,nouns,0.9
401,גלקסי,приложение,nouns,0.6
402,לרצות,удовлетворять,verbs,2.8
403,בזהירות,внимательно,adverbs,3.1
404,פקעת,цветок,nouns,1.25
405,לבן,узкий,adjectives,0.0
406,לרצות,желать,verbs,4.85
407,אלכוהול,бренди,nouns,2.35
408,נורא,прекрасный,adjectives,0.4
409,מלחין,писатель,nouns,1.35
410,לנחש,раздражать,verbs,0.05
411,תשלום,гонорар,nouns,3.45
412,נוסחה,журнал,nouns,0.4
413,ארנב,кот,nouns,0.8
414,מנוע,лодка,nouns,1.1
415,פרפסיכולוגיה,нейропсихология,nouns,1.4
416,לצמצם,спускаться,verbs,0.9
417,באושר,смертельно,adverbs,0.25
418,להוסיף,умножать,verbs,0.8
419,לולאה,пояс,nouns,1.1
420,להצטרף,покидать,verbs,0.5
421,בייקון,мясо,nouns,2.4
422,מכתב,абзац,nouns,1.25
423,ספר,библия,nouns,1.6
424,לקבל,доставлять,verbs,0.6
425,דם,вирус,nouns,0.95
426,שלג,снежный обвал,nouns,1.75
427,סרט,кинолента,nouns,3.75
428,לדשדש,ездить,verbs,0.5
429,לשרבט,записывать,verbs,2.5
430,מילון,слово,nouns,1.35
431,להרוג,бороться,verbs,0.65
432,להופיע,покидать,verbs,0.35
433,אבא,мать,nouns,1.75
434,הערכה,честь,nouns,4.2
435,למצוא,исчезать,verbs,0.5
436,להרוג,душить,verbs,2.35
437,לרוב,нерегулярно,adverbs,0.5
438,אישה,мужчина,nouns,1.0
439,טהור,скромный,adjectives,0.8
440,כעס,ярость,nouns,4.7
441,זרוע,тело,nouns,1.3
442,מכוסה,непокрытый,adjectives,0.55
443,ממתק,яблоко,nouns,1.0
444,גלוי,неизвестный,adjectives,0.65
445,עלה,дерево,nouns,1.3
446,בשר,говядина,nouns,2.55
447,גייזר,весна,nouns,0.1
448,צמא,голодный,adjectives,1.3
449,קופסה,сигара,nouns,0.8
450,להופיע,приветствовать,verbs,0.85
451,לספוג,уменьшить,verbs,0.25
452,להתחרות,заканчивать,verbs,0.1
453,להוכיח,объяснять,verbs,2.35
454,למשוך,толкать,verbs,0.8
455,מציאה,пенни,nouns,0.35
456,שוביניסט,предубеждение,nouns,1.95
457,אופנה,форма,nouns,0.7
458,פעולה,алгебра,nouns,0.5
459,גב,тело,nouns,1.5
460,קיץ,зима,nouns,0.95
461,מצחיק,серьезный,adjectives,0.5
462,לשנוא,критиковать,verbs,0.65
463,ברנדי,вино,nouns,1.8
464,ספר,авария,nouns,0.0
465,לקבור,умереть,verbs,1.0
466,בגאווה,мирно,adverbs,0.1
467,כינור,инструмент,nouns,1.95
468,לחי,язык,nouns,1.15
469,מותן,трапеза,nouns,0.4
470,אל,отец,nouns,0.85
471,ספסל,стул,nouns,2.15
472,מצביע,слайд,nouns,0.2
473,רעיון,образ,nouns,1.3
474,להכות,смешивать,verbs,0.1
475,אדם,животное,nouns,1.1
476,קרדיגן,рубашка,nouns,1.35
477,לרצות,выбирать,verbs,0.95
478,מגדל,колокол,nouns,0.9
479,להתווכח,требовать,verbs,0.85
480,זרוע,шея,nouns,0.9
481,גיטרה,скрипка,nouns,1.45
482,מהירות,пост,nouns,0.3
483,לספוג,отделяться,verbs,0.2
484,חדר שינה,кровать,nouns,1.45
485,משוגע,ужасный,adjectives,0.55
486,לילה,рассвет,nouns,1.1
487,באופן לא הוגן,необоснованно,adverbs,1.55
488,משעמם,посредственный,adjectives,1.75
489,לחם,сыр,nouns,0.75
490,מיליונר,доллар,nouns,1.2
491,מנזר,душ,nouns,0.0
492,אגם,болото,nouns,0.95
493,לעולם לא,честно говоря,adverbs,0.0
494,לשלוט,останавливать,verbs,0.55
495,הקפת כדור הארץ,багаж,nouns,0.6
496,לחפש,просить,verbs,0.65
497,מדע,психология,nouns,1.8
498,לחזור,практиковаться,verbs,1.25
499,שיח,цветок,nouns,1.75
500,לדעת,понимать,verbs,1.55
501,להצדיע,выступать,verbs,0.85
502,תמים,свободный,adjectives,0.1
503,פעמון,дверь,nouns,1.05
504,חרדל,зерно,nouns,1.4
505,משונה,странный,adjectives,4.85
506,לצרוך,устраивать,verbs,0.15
507,להפתיע,праздновать,verbs,0.75
508,משרה,скорость,nouns,0.3
509,זיהום,президент,nouns,0.05
510,אורח,друг,nouns,1.65
511,מכללה,класс,nouns,1.15
512,ללכת,входить,verbs,0.8
513,קרח,вода,nouns,2.4
514,אזור,угол,nouns,0.65
515,דם,мозг,nouns,1.0
516,קהה,острый,adjectives,0.85
517,חצוף,критичный,adjectives,0.75
518,תמיד,дважды,adverbs,0.5
519,בייסבול,баскетбол,nouns,1.6
520,תנאי,пакт,nouns,1.7
521,בנחישות,плотно,adverbs,2.25
522,מורה,ученик,nouns,1.2
523,לקבל,отвергать,verbs,0.25
524,לרדוף,следовать,verbs,2.35
525,לעזוב,оставаться,verbs,0.5
526,גבר,воин,nouns,1.6
527,שנייה,минута,nouns,1.7
528,הנהלה,мышь,nouns,0.35
529,ביולוגיה,анатомия,nouns,2.25
530,שבוע,выходной,nouns,1.15
531,ענן,окно,nouns,0.5
532,טייס,водитель,nouns,2.05
533,לאסוף,сохранять,verbs,2.1
534,עצם,рука,nouns,1.1
535,חבר,парень,nouns,1.7
536,שחקנית,актер,nouns,3.0
537,עוני,богатство,nouns,0.6
538,לחשוד,арестовывать,verbs,0.55
539,דביק,грязный,adjectives,1.35
540,מיכל,мышь,nouns,0.0
541,לא הוגן,жестокий,adjectives,1.4
542,חולצה,кардиган,nouns,1.35
543,לילה,день,nouns,0.6
544,ממוצע,обычный,adjectives,2.7
545,מהנה,радостный,adjectives,3.3
546,צמחייה,природа,nouns,2.6
547,חיוני,необходимый,adjectives,4.3
548,להאמין,знать,verbs,0.7
549,עצבני,уверенный,adjectives,0.2
550,להיכנס,идти,verbs,0.8
551,לשמור,давать,verbs,0.4
552,לגלות,происходить,verbs,0.4
553,לבכות,реветь,verbs,4.65
554,להיפגש,плавать,verbs,0.05
555,צנום,худенький,adjectives,4.05
556,מנוע,мотор,nouns,5.45
557,מטר,дюйм,nouns,1.6
558,קשה,прочный,adjectives,3.8
559,רגל,рука,nouns,1.25
560,רזה,стройный,adjectives,4.05
561,סופר,дар,nouns,1.05
562,לשלוח,приносить,verbs,0.7
563,תא,запирание,nouns,1.15
564,עונה,зима,nouns,1.7
565,עץ,бумага,nouns,1.1
566,ספר,информация,nouns,1.4
567,אנשים,ружье,nouns,0.35
568,רעיון,план,nouns,1.95
569,אוגוסט,месяц,nouns,2.5
570,להיווצר,начинать,verbs,1.15
571,לעזוב,входить,verbs,0.45
572,מכריע,важный,adjectives,3.3
573,עיתונאי,поэт,nouns,1.15
574,דוכס,республика,nouns,0.6
575,ברך,рука,nouns,1.1
576,להישאר,покидать,verbs,0.5
577,כלב,кошка,nouns,0.95
578,לסיים,решать,verbs,1.75
579,לדרוש,спорить,verbs,0.85
580,זוג,пара,nouns,5.4
581,להתחזות,воображать,verbs,1.55
582,לברוח,находить,verbs,0.4
583,אכזרי,милый,adjectives,0.4
584,כסף,зарплата,nouns,3.2
585,זעיר,значительный,adjectives,0.5
586,מושחת,плохой,adjectives,2.2
587,כבל,волшебник,nouns,0.15
588,בעל ערך,особый,adjectives,2.6
589,מבוגר,родитель,nouns,1.8
590,בחוכמה,зрело,adverbs,0.75
591,דם,тело,nouns,1.0
592,לסגת,удаляться,verbs,3.65
593,שמח,радостный,adjectives,4.85
594,גוף,нерв,nouns,0.8
595,צוואר,рука,nouns,0.9
596,מסע,поездка,nouns,4.25
597,גס,уродливый,adjectives,1.35
598,מלאך,демон,nouns,0.75
599,בשלווה,спокойно,adverbs,5.0
600,עין,слеза,nouns,1.25
601,זיהום,сгибание,nouns,0.05
602,כוכב,астероид,nouns,1.95
603,חוף,риф,nouns,1.45
604,להתחיל,происходить,verbs,1.15
605,תעלול,ружье,nouns,0.15
606,נזק,боль,nouns,1.55
607,שפך,море,nouns,0.85
608,סוף שבוע,гонка,nouns,0.05
609,להאמין,чувствовать,verbs,1.2
610,אסון,авария,nouns,3.95
611,להשאיל,держать,verbs,0.65
612,אלגברה,операция,nouns,0.5
613,שיר,баллада,nouns,3.85
614,זכות בחירה,выход,nouns,0.0
615,פרק,ночь,nouns,0.05
616,תעלול,ванна,nouns,0.0
617,ברוגע,решительно,adverbs,0.4
618,כבד,легкое,nouns,1.1
619,דמדומים,вечер,nouns,3.2
620,ספירה,мяч,nouns,2.2
621,ליצור,делать,verbs,4.0
622,לשקם,ремонтировать,verbs,3.85
623,לגנוב,покупать,verbs,0.35
624,אישה,джинсы,nouns,0.45
625,חיידק,патогенный микроорганизм,nouns,3.85
626,בית משפט,судья,nouns,1.65
627,לחלק,объединять,verbs,0.55
628,למכור,торговать,verbs,4.45
629,כנראה,возможно,adverbs,4.0
630,שלב,гол,nouns,0.45
631,לשלוט,выигрывать,verbs,1.65
632,מזוייף,настоящий,adjectives,0.65
633,כנסייה,собор,nouns,4.0
634,שקיעה,вечер,nouns,2.15
635,שלום,счастье,nouns,1.4
636,מבוגר,младенец,nouns,1.1
637,שרפרף,стул,nouns,3.1
638,בחירות,выбор,nouns,2.65
639,חשוב,решающий,adjectives,3.3
640,צי,армия,nouns,2.9
641,תפוד,масло,nouns,0.8
642,להרוס,создавать,verbs,0.55
643,מאוד,невероятно,adverbs,0.4
644,ללכת,продавать,verbs,0.45
645,גברים,братство,nouns,0.7
646,להגיע,идти,verbs,1.25
647,הפוך,другой,adjectives,0.9
648,מאוד,ярко,adverbs,0.75
649,לחנוק,обнимать,verbs,0.65
650,מעוקל,прямой,adjectives,0.55
651,לקרוא,укусить,verbs,0.0
652,מודעות,внимание,nouns,1.15
653,כוס,кувшин,nouns,1.7
654,לגדל,поднимать,verbs,1.55
655,מטרייה,калибр,nouns,0.3
656,להגן,убивать,verbs,0.4
657,כלכלה,экосистема,nouns,0.85
658,ידית,белок,nouns,0.0
659,שעון,юбка,nouns,0.35
660,סערה,туча,nouns,1.7
661,צוואר,кость,nouns,0.75
662,פאי,шоколад,nouns,0.9
663,שגרתי,обычный,adjectives,5.8
664,להתדרדר,протирать,verbs,0.0
665,דרום,север,nouns,0.95
666,תה,лимон,nouns,0.9
667,יוגורט,коро́ва,nouns,0.65
668,קצר,длинный,adjectives,0.55
669,לנסות,думать,verbs,0.4
670,בקלות,ярко,adverbs,0.4
671,כוכב,планета,nouns,3.25
672,אשראי,заёмщик,nouns,1.7
673,סוס,собака,nouns,0.8
674,להקשיב,слышать,verbs,3.35
675,לחשוב,обосновывать,verbs,1.5
676,קערה,хвост,nouns,0.0
677,מדליה,тренери,nouns,0.65
678,אריג,одежда,nouns,1.95
679,לבעוט,ушибить,verbs,1.85
680,רעיה,цент,nouns,0.0
681,לטעון,жаловаться,verbs,1.3
682,פסגה,низ,nouns,0.65
683,פח,металл,nouns,1.65
684,לחיות,выживать,verbs,2.25
685,אמא,подруга,nouns,1.05
686,חוקה,император,nouns,0.5
687,תותח,ружье,nouns,2.3
688,מזכירה,женщина,nouns,1.05
689,מסכן,гордый,adjectives,0.15
690,שולחן,закат,nouns,0.0
691,במהירות,срочно,adverbs,3.35
692,קשה,простой,adjectives,0.4
693,להפסיד,проваливать,verbs,2.3
694,להצדיק,думать,verbs,1.5
695,בינוני,плохой,adjectives,0.95
696,בשר,бекон,nouns,2.4
697,היום,сегодня ночью,adverbs,1.5
698,בקבוק,банка,nouns,2.15
699,בטן,курс,nouns,0.1
700,קשה,легкий,adjectives,0.55
701,שמיים,вселенная,nouns,1.6
702,זול,грязный,adjectives,0.4
703,לאמת,обосновывать,verbs,2.8
704,להניח,давать,verbs,0.75
705,אמונה,цветок,nouns,0.05
706,קיר,кирпич,nouns,1.35
707,הר געש,магма,nouns,1.65
708,שחיתות,мошенничество,nouns,2.85
709,מידע,энтропия,nouns,0.85
710,סילון,самолет,nouns,1.45
711,יקר,стеснительный,adjectives,0.05
712,פרווה,норка,nouns,2.5
713,המנון,солома,nouns,0.0
714,לדחוף,тянуть,verbs,0.8
715,חוקי,безопасный,adjectives,1.05
716,צמח,сельское хозяйство,nouns,1.25
717,בסיס,кислота,nouns,0.65
718,תיבה,будка,nouns,3.55
719,דלת,коридор,nouns,1.05
720,משעמם,смешной,adjectives,0.5
721,פעילות,игра,nouns,2.35
722,ילדותי,взрослый,adjectives,0.55
723,פורל,гитара,nouns,0.05
724,דולר,миллионер,nouns,1.2
725,לריב,противоречить,verbs,1.0
726,מחבט,мяч,nouns,1.25
727,בינוני,скучный,adjectives,1.75
728,הדגמה,волдырь,nouns,0.0
729,לתאר,уведомлять,verbs,0.45
730,גרון,язык,nouns,0.95
731,להצליח,побеждать,verbs,1.95
732,טיפול,бихевиоризм,nouns,0.9
733,בקול רם,безумно,adverbs,0.35
734,לנחור,проснуться,verbs,0.6
735,רגיל,странный,adjectives,0.55
736,שמיכה,шторм,nouns,0.4
737,מוסיקה,мелодия,nouns,3.85
738,בניין,комната,nouns,1.1
739,להסביר,прояснять,verbs,3.6
740,אמא,опекунша,nouns,0.8
741,שטיח,дом,nouns,0.9
742,מעולה,ужасный,adjectives,0.4
743,חלש,мощный,adjectives,0.55
744,פוליטיקאי,президент,nouns,2.2
745,ריאה,печень,nouns,1.1
746,שקיעה,строка,nouns,0.0
747,לערבב,пить,verbs,0.5
748,להשאיל,хотеть,verbs,0.1
749,להבחין,слышать,verbs,1.7
750,אחות,брат,nouns,2.15
751,מנייה,актив,nouns,2.6
752,נהר,море,nouns,1.5
753,ים,цунами,nouns,1.1
754,אלכוהול,коктейль,nouns,2.1
755,לקבוע,предсказывать,verbs,1.05
756,לסגור,срыгивать,verbs,0.05
757,חולי,инфекция,nouns,2.55
758,שעועית,рис,nouns,1.05
759,לספוג,иметь,verbs,0.3
760,פשוט,видимо,adverbs,1.0
761,מושב,наклон,nouns,0.05
762,חוטא,святой,nouns,0.6
763,קהל,орава,nouns,4.2
764,אורז,боб,nouns,1.05
765,לגמוע,глотать,verbs,2.85
766,שמח,рассерженный,adjectives,0.55
767,מרתף,дверь,nouns,0.75
768,רגש,страсть,nouns,2.7
769,מכונית,подъемник,nouns,0.8
770,זכוכית,хрусталь,nouns,2.55
771,צר,широкий,adjectives,0.55
772,רכבת,трамвай,nouns,2.15
773,אצבע,ладонь,nouns,1.35
774,ביתן,коттедж,nouns,4.25
775,קצב,мелодия,nouns,3.15
776,התעמלות,фехтование,nouns,0.85
777,אינטליגנציה,проницательность,nouns,2.1
778,פשוט,трудный,adjectives,0.4
779,עובדה,суть,nouns,2.65
780,משועמם,скучный,adjectives,2.2
781,נוקשה,легкий,adjectives,0.4
782,תהילה,богатство,nouns,1.35
783,להצליח,пытаться,verbs,1.0
784,מלך,правитель,nouns,4.15
785,ספר,история,nouns,1.65
786,ברך,кость,nouns,1.35
787,קורא,писатель,nouns,1.0
788,נמלה,пчела,nouns,1.0
789,מטען,кругосветное плавание,nouns,0.6
790,מנהיג,руководитель,nouns,3.7
791,אקדח,мех,nouns,0.05
792,אסטרונום,галактика,nouns,1.5
793,מצלמה,президент,nouns,0.15
794,רעיון,мнение,nouns,2.35
795,פה,зуб,nouns,1.25
796,ביתן,лагерь,nouns,1.25
797,אופניים,спальня,nouns,0.15
798,שיניים,молоток,nouns,0.05
799,לחקות,захватить,verbs,0.15
800,עבודת יד,традиция,nouns,0.9
801,לשכוח,знать,verbs,0.55
802,חבילה,грузовик,nouns,0.5
803,חוקי,допущенный,adjectives,3.55
804,לטאה,правительство,nouns,0.05
805,להפריד,прикреплять,verbs,0.5
806,שופט,судья,nouns,1.8
807,תזמורת,парад,nouns,1.45
808,להרגיש,верить,verbs,1.2
809,חדשות,редакционный,nouns,1.35
810,מכונית,автострада,nouns,1.25
811,אמא,жена,nouns,2.2
812,פשע,мошенничество,nouns,2.1
813,מתכת,олово,nouns,1.65
814,ישן,свежий,adjectives,0.55
815,תמונה,отражение,nouns,1.85
816,ברוגע,мирно,adverbs,5.0
817,תוקפנות,враждебность,nouns,4.7
818,דקה,секунда,nouns,1.7
819,רועש,грубый,adjectives,0.9
820,קנקן,бутылка,nouns,2.15
821,אמיתי,фальшивый,adjectives,0.65
822,חולדה,мышь,nouns,2.3
823,סאטירה,миф,nouns,0.9
824,למצוא,обнаруживать,verbs,4.4
825,לשאוף,предрешать,verbs,0.1
826,להניח,вешать,verbs,0.8
827,נרגש,испуганный,adjectives,0.7
828,ארכיבישוף,епископ,nouns,2.9
829,ליידע,сообщать,verbs,4.8
830,קלף,бридж,nouns,1.2
831,לעזוב,прибывать,verbs,0.45
832,רופא,полковник,nouns,0.3
833,אף,рот,nouns,1.0
834,חריף,слабый,adjectives,0.1
835,טלויזיה,актер,nouns,1.15
836,לשוחח,объяснять,verbs,1.2
837,לתת,одалживать,verbs,1.9
838,גשם,морось,nouns,3.7
839,סילבוס,экзамен,nouns,0.8
840,גמיש,движимый,adjectives,1.05
841,סטייק,курятина,nouns,1.55
842,מתנגד,соперник,nouns,3.65
843,גודל,глубина,nouns,1.55
844,חסר ביטחון,нуждающийся,adjectives,0.65
845,אגודל,ноготь,nouns,1.5
846,הונאה,коррупция,nouns,2.85
847,רומן,писатель,nouns,1.25
848,מוט,занавеска,nouns,1.1
849,בוגר,незрелый,adjectives,0.55
850,לקבל,отказывать,verbs,0.45
851,אלכוהול,пиво,nouns,2.2
852,משוגע,больной,adjectives,1.35
853,אינטימי,личный,adjectives,4.35
854,שיבולת שועל,поле,nouns,1.4
855,גרף,диаграмма,nouns,4.15
856,תשלום,примечание,nouns,0.0
857,לעזוב,отходить,verbs,3.0
858,לטייל,лазить,verbs,1.2
859,אצן,спортсмен,nouns,2.15
860,ללחוש,говорить,verbs,1.7
861,לגנוב,давать,verbs,0.4
862,סיגריה,табак,nouns,1.75
863,ביושר,искренне,adverbs,4.9
864,רופא,ортодонт,nouns,4.95
865,להתמוסס,плавиться,verbs,1.85
866,באמת,совершенно,adverbs,1.7
867,לרכוש,получать,verbs,2.08
868,חוזה,соглашение,nouns,4.85
869,לבחוש,встряхивать,verbs,1.8
870,מנצח,чемпион,nouns,4.2
871,לרחף,петь,verbs,0.25
872,יד,ступня,nouns,0.85
873,מבחן,учебный план,nouns,0.8
874,עוגן,лодка,nouns,1.15
875,נורא,счастливо,adverbs,0.25
876,לאמת,говорить,verbs,0.7
877,באדיבות,мило,adverbs,4.15
878,תקופה,семестр,nouns,2.15
879,לחנך,учить,verbs,3.4
880,לבזבז,беспокоиться,verbs,0.1
881,קורה,древесина,nouns,2.5
882,בעצם,обязательно,adverbs,0.75
883,צנוע,пристыженный,adjectives,1.2
884,להפסיק,делать,verbs,0.45
885,סוודר,хлопок,nouns,1.05
886,לשפוט,обвинять,verbs,2.75
887,להתכנס,посещать,verbs,1.0
888,הודו,курица,nouns,1.3
889,צופר,автомобиль,nouns,1.1
890,טרי,старый,adjectives,0.55
891,מורה,раввин,nouns,1.7
892,יופי,возраст,nouns,0.8
893,להגיד,напоминать,verbs,1.35
894,זחל,шелкопряд,nouns,2.6
895,באופן אידיאלי,реалистично,adverbs,0.7
896,קבל,диод,nouns,1.65
897,רעד,землетрясение,nouns,1.75
898,לימון,яблоко,nouns,1.4
899,לאשר,принимать,verbs,3.45
900,צבא,флот,nouns,2.9
901,מוזר,обычный,adjectives,0.55
902,סופני,в основном,adverbs,0.15
903,להתווכח,убеждать,verbs,2.55
904,זרע,мельница,nouns,0.95
905,חג,календарь,nouns,1.15
906,עליון,пятый,adjectives,0.25
907,לגלות,осознавать,verbs,2.0
908,סוס,кобыла,nouns,3.85
909,להבין,слушать,verbs,1.2
910,לבנות,создавать,verbs,3.7
911,חימום מחדש,прогрев,nouns,3.1
912,מאמץ,трудность,nouns,2.1
913,לחזות,определять,verbs,1.05
914,מעסיק,работник,nouns,1.25
915,תקרה,пол,nouns,0.9
916,ג'ויסטיק,радар,nouns,0.35
917,מובך,счастливый,adjectives,0.05
918,לדאוג,тратить,verbs,0.1
919,לעקל,стараться,verbs,0.1
920,בבית,далеко,adverbs,0.65
921,קתדרלה,церковь,nouns,4.0
922,קורה,дерево,nouns,2.7
923,תא,телефон,nouns,0.75
924,בושה,печаль,nouns,0.9
925,לפזול,пялиться,verbs,1.1
926,המון,толпа,nouns,4.2
927,למשוך,ударять,verbs,0.45
928,רובה,пушка,nouns,2.3
929,גדול,национальный,adjectives,0.4
930,לדעת,понимать,verbs,1.95
931,להקשיב,говорить,verbs,0.65
932,הכרחי,неотъемлемый,adjectives,4.3
933,כיסא,табуретка,nouns,3.1
934,להביא,посылать,verbs,0.7
935,אבן,дерево,nouns,0.5
936,אחוה,мужчины,nouns,0.7
937,מטומטם,глупый,adjectives,4.1
938,לעדכן,информировать,verbs,4.8
939,להתכווץ,расти,verbs,0.65
940,עצוב,гордый,adjectives,0.3
941,כן,виноватый,adjectives,0.3
942,מנצח,кандидат,nouns,1.0
943,חרב,трон,nouns,0.4
944,שיעורי בית,сочинение,nouns,1.9
945,נושא,книга,nouns,0.82
946,להפסיד,получать,verbs,0.4
947,ללכוד,подражать,verbs,0.15
948,לתת,отказывать,verbs,0.1
949,צוות,вокалист,nouns,0.05
950,טייס משנה,кокпит,nouns,0.9
951,לעיתים קרובות,иногда,adverbs,1.25
952,להסריח,понюхать,verbs,0.65
953,עוף,рис,nouns,0.85
954,קמפוס,университет,nouns,1.9
955,ייחודי,противоположный,adjectives,0.3
956,בערך,очевидно,adverbs,0.4
957,שיניים,рот,nouns,1.25
958,פרח,луковица,nouns,1.25
959,ראש,президент,nouns,1.45
960,מילת מפתח,синтаксис,nouns,0.6
961,ילד,мальчик,nouns,3.1
962,חתול,лев,nouns,1.35
963,מתון,острый,adjectives,0.45
964,תג,стекло,nouns,0.2
965,מדוייק,неправильный,adjectives,0.5
966,כיסא,кровать,nouns,0.7
967,קרטון,бумага,nouns,2.65
968,ערמומי,ненадёжный,adjectives,2.1
969,תחזית,облако,nouns,1.0
970,להראות,становиться,verbs,0.65
971,באופן מציאותי,идеально,adverbs,0.7
972,בעדינות,теперь,adverbs,0.0
973,מכולה,бутылка,nouns,0.5
974,שטח,зона,nouns,4.25
975,במאי,кинематография,nouns,1.2
976,מחלבה,мед,nouns,0.35
977,קפה,боб,nouns,1.1
978,משחק,сноровка,nouns,1.2
979,לחשוק,хотеть,verbs,4.85
980,מעיל,одежда,nouns,1.73
981,שלג,лёд,nouns,2.6
982,תפוח,солнце,nouns,0.0
983,לרצות,умолять,verbs,0.8
984,להיכשל,полагаться,verbs,0.2
985,שיכור,трезвый,adjectives,0.55
986,אינסוף,ноль,nouns,0.8
987,בבטחה,счастливо,adverbs,0.35
988,בשקט,естественно,adverbs,0.25
989,בלבול,истерика,nouns,1.55
990,אופניים,автомобиль,nouns,1.25
991,סיגר,пачка,nouns,0.8
992,שארית,разница,nouns,1.75
993,המון,парад,nouns,1.6
994,עז,корова,nouns,1.1
995,להקה,спиртное,nouns,0.15
996,דלת,ворота,nouns,3.95
997,דירה,мебель,nouns,0.95
998,לעיתים רחוקות,никогда,adverbs,1.45
999,זר,пришелец,nouns,2.7
1000,הברה,лемма,nouns,0.95
1001,הבדל,остаток,nouns,1.75
1002,להביא,приходить,verbs,0.55
1003,לעולם לא,редко,adverbs,1.45
1004,לייבב,плакать,verbs,4.65
1005,כף,сок,nouns,0.4
1006,מטרה,поиск,nouns,1.05
1007,דלת,окно,nouns,1.05
1008,שקיעה,стол,nouns,0.0
1009,מרפק,кость,nouns,1.4
1010,להתווכח,обсуждать,verbs,2.55
1011,גלובליזם,виза,nouns,0.55
1012,לקבל,принимать,verbs,3.0
1013,תא,кабинка,nouns,3.55
1014,נפלא,потрясающий,adjectives,4.85
1015,להסכים,получать,verbs,3.0
1016,שריף,полицейский,nouns,4.4
1017,להרים,тащить,verbs,1.3
1018,מטוס,простынь,nouns,0.0
1019,למנות,избирать,verbs,1.25
1020,כפל,деление,nouns,1.3
1021,קושי,усилие,nouns,2.1
1022,מרוץ,философ,nouns,0.0
1023,מלח,вода,nouns,0.75
1024,סירה,палуба,nouns,1.6
1025,מילה,словарь,nouns,1.35
1026,אלסטי,гибкий,adjectives,4.9
1027,בבטחה,тайно,adverbs,0.45
1028,מעיל,свитер,nouns,1.6
1029,חלבון,ручка,nouns,0.0
1030,מים,коронация,nouns,0.05
1031,משפט,проверка,nouns,1.15
1032,יין,бренди,nouns,1.8
1033,כיתה,колледж,nouns,1.15
1034,רשמית,сильно,adverbs,0.2
1035,טיעון,критика,nouns,1.35
1036,קל,трудный,adjectives,0.57
1037,חץ,мишень,nouns,1.25
1038,ידיד,приятель,nouns,4.2
1039,נסיכה,король,nouns,1.45
1040,למות,распадаться,verbs,0.65
1041,להעריץ,восхищаться,verbs,3.85
1042,קל,большой,adjectives,0.35
1043,גודש,множество,nouns,4.05
1044,חור,жена,nouns,0.0
1045,שדה תעופה,самолет,nouns,1.25
1046,סירה,мотор,nouns,1.1
1047,בלדה,песня,nouns,3.85
1048,רע,посредственный,adjectives,0.95
1049,דלת,проем,nouns,2.9
1050,מבנה,топология,nouns,2.6
1051,לדכא,проваливать,verbs,0.45
1052,לאחר מכן,никогда,adverbs,0.35
1053,שורש,трава,nouns,1.0
1054,ציון,школа,nouns,1.25
1055,לצלול,создавать,verbs,0.1
1056,בוודאי,грубо,adverbs,0.4
1057,מהומה,рисование,nouns,0.1
1058,לשלם,купить,verbs,1.8
1059,ברור,заметный,adjectives,2.95
1060,לציית,наказывать,verbs,0.5
1061,לוחמנות,бой,nouns,2.55
1062,להתחיל,идти,verbs,0.3
1063,רעידת אדמה,тремор,nouns,1.75
1064,לא צפוי,неожиданный,adjectives,5.5
1065,חדר,здание,nouns,1.1
1066,בולט,очевидный,adjectives,2.95
1067,עצלן,драгоценный,adjectives,0.0
1068,פאסיבי,агрессивный,adjectives,0.35
1069,גבר,охранник,nouns,0.85
1070,מקלחת,монастырь,nouns,0.0
1071,אקזוטי,редкий,adjectives,4.85
1072,להודיע,провозглашать,verbs,4.55
1073,אנשים,население,nouns,3.05
1074,רגיל,невежественный,adjectives,0.1
1075,כלייה,орган,nouns,2.15
1076,לגלם,притворяться,verbs,3.5
1077,קמפיין,обезьяна,nouns,0.0
1078,בשמחה,активно,adverbs,0.35
1079,להקטין,сжиматься,verbs,3.1
1080,אקדח,сержант,nouns,0.6
1081,מפוחד,неуверенный,adjectives,1.35
1082,אח,человек,nouns,0.6
1083,מובך,расстроенный,adjectives,1.0
1084,שמח,рассерженный,adjectives,0.5
1085,בן,ребенок,nouns,3.1
1086,זנב,затылок,nouns,0.9
1087,נסיכה,бисквит,nouns,0.0
1088,כאוס,урок,nouns,0.2
1089,מאמן,игрок,nouns,0.95
1090,מלוכלך,удивительный,adjectives,0.15
1091,גמור,совершенный,adjectives,2.75
1092,מינק,масло,nouns,0.35
1093,מוטציה,социобиология,nouns,0.65
1094,פסגה,бок,nouns,0.45
1095,הסכם,прореха,nouns,0.0
1096,כבידה,метеор,nouns,0.6
1097,משונה,необычный,adjectives,3.75
1098,טיפשי,тупой,adjectives,4.0
1099,מרוץ,выходные,nouns,0.05
1100,שיעור,беспорядок,nouns,0.2
1101,לבשל,потерять,verbs,0.0
1102,סוללה,энергия,nouns,1.95
1103,להאשים,толкать,verbs,0.2
1104,בקוצר רוח,грубо,adverbs,0.55
1105,לארגן,становиться,verbs,0.7
1106,קדוש,грешник,nouns,0.6
1107,באדיבות,щедро,adverbs,2.35
1108,חמישי,первый,adjectives,0.25
1109,מידע,книга,nouns,1.4
1110,לחם,мука,nouns,1.4
1111,אופנה,стиль,nouns,3.25
1112,אלון,клен,nouns,1.4
1113,אלפבית,ручка,nouns,0.65
1114,סטטיסטיקה,теннис,nouns,0.1
1115,לצמוח,сжиматься,verbs,0.65
1116,טפטוף,дождь,nouns,3.7
1117,סיפון,судно,nouns,1.6
1118,סוציוביולוגיה,мутант,nouns,0.65
1119,חרד,испуганный,adjectives,4.25
1120,לארגן,устраивать,verbs,4.75
1121,העולם הבא,чистилище,nouns,1.95
1122,בטבעיות,тихо,adverbs,0.25
1123,שלום,солдат,nouns,0.7
1124,סיוף,гимнастика,nouns,0.85
1125,מטאור,сила тяжести,nouns,0.6
1126,שד,ангел,nouns,0.75
1127,כוח,мощь,nouns,4.55
1128,לבחור,назначать,verbs,1.25
1129,רצועה,износоустойчивость,nouns,0.1
1130,שריר,язык,nouns,1.1
1131,מעסיק,работник,nouns,1.25
1132,מונית,автомобиль,nouns,2.75
1133,להשפיל,утешать,verbs,0.4
1134,מכרה,камень,nouns,0.9
1135,חקלאות,растение,nouns,1.25
1136,להתחנן,просить,verbs,3.95
1137,שביל,тоннель,nouns,1.2
1138,מלוכלך,липкий,adjectives,1.35
1139,ביישן,напуганный,adjectives,1.15
1140,לנשל,давать,verbs,0.45
1141,קהל,группа,nouns,3.1
1142,בועה,пена,nouns,1.85
1143,צנצנת,чашка,nouns,1.7
1144,מנהל,глава,nouns,3.7
1145,שחקן,телевидение,nouns,1.15
1146,יום,рассвет,nouns,1.55
1147,תפוח,диета,nouns,0.8
1148,אחרת,терминально,adverbs,0.15
1149,תאורמה,теория,nouns,1.45
1150,ליקר,век,nouns,0.0
1151,חצי אי,остров,nouns,1.95
1152,פסל,статуя,nouns,4.0
1153,עכבר,крыса,nouns,2.3
1154,מהיר,скорый,adjectives,5.05
1155,עייף,скучный,adjectives,0.75
1156,להזכיר,забывать,verbs,0.5
1157,מבולגן,уродливый,adjectives,0.65
1158,נווה מדבר,свобода,nouns,0.35
1159,שמחה,печаль,nouns,0.6
1160,תרנגולת,индейка,nouns,1.3
1161,רדיאטור,датчик,nouns,0.6
1162,מנטה,жвачка,nouns,0.75
1163,נבט,лист,nouns,1.35
1164,לדחות,заканчивать,verbs,0.4
1165,ג'ינס,женщина,nouns,0.45
1166,יין,алкоголь,nouns,2.1
1167,סירה,дерево,nouns,0.85
1168,הנהלה,работа,nouns,1.25
1169,מורכב,легкий,adjectives,0.55
1170,לציית,слушать,verbs,2.3
1171,ספרה,цитоплазма,nouns,0.25
1172,לשון,горло,nouns,0.95
1173,אפליקציה,галакси,nouns,0.6
1174,מתוק,электрический,adjectives,0.0
1175,ניטרלי,спокойный,adjectives,1.8
1176,למכור,продаваться,verbs,0.45
1177,מצעד,толпа,nouns,1.6
1178,כעס,досада,nouns,2.55
1179,לאומי,известный,adjectives,0.65
1180,לימודים,класс,nouns,1.25
1181,לתת,вкладывать,verbs,0.75
1182,לבקש,искать,verbs,0.65
1183,להביא,жаловаться,verbs,0.1
1184,לאתר,находить,verbs,4.4
1185,עיתון,информация,nouns,1.85
1186,חלון,облако,nouns,0.5
1187,לסלוח,забывать,verbs,1.55
1188,טלויזיה,коммуникация,nouns,2.05
1189,צעיר,неугомонный,adjectives,0.65
1190,הדיינות,дипломатия,nouns,1.85
1191,באופן פסיבי,активно,adverbs,0.3
1192,עצלן,занятый,adjectives,0.45
1193,אומללות,отчаяние,nouns,2.35
1194,דולר,народ,nouns,0.05
1195,לפנות,покидать,verbs,0.8
1196,לרעוד,замерзать,verbs,1.6
1197,עשור,век,nouns,0.95
1198,היגיון,арифметика,nouns,1.25
1199,להמתין,покидать,verbs,0.3
1200,כיסא,телескоп,nouns,0.15
1201,כדורעף,мяч,nouns,1.65
1202,בעיקר,терминально,adverbs,0.15
1203,באופן ידידותי,навряд ли,adverbs,0.0
1204,גיל,красота,nouns,0.8
1205,עסוק,ленивый,adjectives,0.45
1206,מאמר מערכת,новости,nouns,1.35
1207,היסטוריוגרף,историк,nouns,3.0
1208,תחתית,бок,nouns,1.05
1209,כרס,брюшко,nouns,4.7
1210,תפוח,лимон,nouns,1.4
1211,להפציר,просить,verbs,3.75
1212,בליץ,атака,nouns,3.3
1213,להפסיק,начинать,verbs,0.55
1214,יוצר,автор,nouns,4.2
1215,בחוזקה,официально,adverbs,0.2
1216,לאבד,готовить,verbs,0.0
1217,אחווה,бейсбол,nouns,0.55
1218,להתפלל,общаться,verbs,0.8
1219,כיתה,коридор,nouns,0.8
1220,מוסלמי,епископ,nouns,0.8
1221,חגורה,петля,nouns,1.1
1222,לחמניה,принцесса,nouns,0.0
1223,לשכוח,узнавать,verbs,0.55
1224,טרי,новый,adjectives,3.45
1225,כניסה,выход,nouns,2.15
1226,טבעת,помолвка,nouns,1.7
1227,לכאורה,просто,adverbs,1.0
1228,סנט,народ,nouns,0.65
1229,בינוני,незначительный,adjectives,1.85
1230,מזוייף,искусственный,adjectives,3.75
1231,לרדת,уменьшаться,verbs,0.9
1232, קפלה,кабель,nouns,0.0
1233,עצם,лодыжка,nouns,1.5
1234,איש,подозреваемый,nouns,0.5
1235,יופי,сонет,nouns,0.25
1236,עצם,шея,nouns,0.75
1237,לחלוטין,минимально,adverbs,0.45
1238,שמש,небо,nouns,1.2
1239,להבין,знать,verbs,1.95
1240,לאבד,находить,verbs,0.5
1241,טלה,овца,nouns,3.25
1242,קל,жесткий,adjectives,0.4
1243,ספר,тема,nouns,0.82
1244,חדש,новый,adjectives,2.7
1245,מסך,монитор,nouns,4.3
1246,להתחבק,прижиматься,verbs,3.15
1247,לצעוק,вопить,verbs,4.8
1248,להבין,обнаруживать,verbs,2.0
1249,מייפל,дуб,nouns,1.4
1250,להרשות,опровергать,verbs,0.15
1251,גבינה,хлеб,nouns,0.75
1252,להתכנס,встречаться,verbs,4.25
1253,ציפורן,кисть,nouns,1.2
1254,מועסק,работодатель,nouns,1.25
1255,זיהום,болезнь,nouns,2.75
1256,אקדח,рассвет,nouns,0.0
1257,בחירה,тюрьма,nouns,0.35
1258,וקטור,матрица,nouns,2.05
1259,בגסות,приблизительно,adverbs,1.2
1260,דרך,действие,nouns,1.35
1261,לעזור,ассистировать,verbs,5.3
1262,חשבון,ритм,nouns,0.2
1263,פיל,компас,nouns,0.0
1264,דבורה,насекомое,nouns,1.95
1265,מנצח,человек,nouns,0.85
1266,למנוע,отвергать,verbs,1.05
1267,זמר,штат сотрудников,nouns,0.05
1268,גוף,рука,nouns,1.3
1269,רטוב,липкий,adjectives,0.95
1270,וויסקי,джин,nouns,2.55
1271,לקבל,рекомендовать,verbs,0.8
1272,מצוין,плохой,adjectives,0.45
1273,פוטבול,футбол,nouns,2.75
1274,עמוד,абзац,nouns,1.55
1275,לבקש,умолять,verbs,3.95
1276,לב,операция,nouns,0.85
1277,עייף,голодный,adjectives,0.7
1278,לשמוע,воспринимать,verbs,1.7
1279,מקלדת,свет,nouns,0.0
1280,להתחיל,прекращать,verbs,0.55
1281,גוף,позвоночник,nouns,1.5
1282,שמיכה,дерево,nouns,0.15
1283,באופן לא סדיר,обычно,adverbs,0.5
1284,לשון,мускул,nouns,1.1
1285,אנשים,партия,nouns,1.45
1286,משימה,примечание,nouns,0.7
1287,קדרות,керамика,nouns,3.95
1288,פרוזדור,класс,nouns,0.8
1289,אמבטיה,спальня,nouns,0.9
1290,גשש,лучник,nouns,0.4
1291,לנצח,завершать,verbs,1.1
1292,להיפגש,собираться,verbs,4.25
1293,באופטימיות,возможно,adverbs,0.85
1294,לנסוג,покидать,verbs,3.0
1295,ללא הגיון,несправедливо,adverbs,1.55
1296,לאמוד,анализировать,verbs,2.85
1297,שפה,рот,nouns,1.35
1298,חתול,собака,nouns,0.95
1299,נשיא,загрязнение,nouns,0.05
1300,עקומה,угол,nouns,2.7
1301,לעקוב,гнаться,verbs,2.35
1302,מקהלה,церковь,nouns,1.4
1303,אבקן,опыление,nouns,1.65
1304,רע,безнравственный,adjectives,2.2
1305,אזור,область,nouns,4.4
1306,הצגה,математик,nouns,0.05
1307,הסכמה,спор,nouns,0.75
1308,להתעלם,забывать,verbs,1.75
1309,זכות,правосудие,nouns,1.1
1310,לסייע,помогать,verbs,5.3
1311,האבקה,тычинка,nouns,1.65
1312,תחזית,облачность,nouns,1.25
1313,לשקר,обвинять,verbs,0.5
1314,מאפין,петрушка,nouns,0.5
1315,דמעה,глаз,nouns,1.25
1316,יקום,небо,nouns,1.6
1317,חוש,интуиция,nouns,4.2
1318,אבץ,золото,nouns,1.0
1319,להצליח,достигать,verbs,2.45
1320,מחבר,создатель,nouns,4.2
1321,עכבר,кошка,nouns,1.05
1322,מאהב,спутник,nouns,1.7
1323,אשם,плохой,adjectives,0.65
1324,בעצב,эмоционально,adverbs,0.85
1325,משעמם,захватывающий,adjectives,0.5
1326,מזיק,пестицид,nouns,1.05
1327,מוזר,необычный,adjectives,4.45
1328,מערכת,вина,nouns,0.25
1329,מהיר,скоростной,adjectives,4.6
1330,ערמומי,странный,adjectives,1.0
1331,לעצור,подозревать,verbs,0.55
1332,בטן,вена,nouns,0.7
1333,לשפוט,давать показания,verbs,0.55
1334,באופן מדהים,значительно,adverbs,0.4
1335,בטיחות,комфорт,nouns,0.75
1336,עמק,река,nouns,0.95
1337,מכונית,велосипед,nouns,1.25
1338,כלא,выбор,nouns,0.35
1339,מסיבה,маска,nouns,0.8
1340,לרכוש,находить,verbs,1.0
1341,לרוב,искренне,adverbs,0.1
1342,כדורגל,развлечение,nouns,0.95
1343,אנשים,шар,nouns,0.1
1344,חסר בית,миллиардер,nouns,0.5
1345,שקרן,плохой,adjectives,1.05
1346,עצוב,ужасный,adjectives,1.0
1347,סוסה,лошадь,nouns,3.85
1348,בעוני,смиренно,adverbs,0.25
1349,סוכרוז,углевод,nouns,2.0
1350,ילד,солдат,nouns,0.95
1351,כחול,красный,adjectives,0.8
1352,סמל,достоинство,nouns,0.8
1353,חברותי,приятный,adjectives,3.5
1354,להסיק,решать,verbs,1.2
1355,עצם,зубы,nouns,1.45
1356,להריח,вонять,verbs,0.65
1357,אינטליגנציה,навык,nouns,1.0
1358,עריסה,кровать,nouns,4.15
1359,יד,палец,nouns,1.35
1360,זיהום,атмосфера,nouns,0.7
1361,מדהים,обычный,adjectives,0.5
1362,לדון,спорить,verbs,2.55
1363,דמוקרטיה,монархия,nouns,0.85
1364,שלג,шторм,nouns,1.55
1365,לגרור,поднимать,verbs,1.3
1366,תודעה,мозги,nouns,2.1
1367,לנבוע,открывать,verbs,0.4
1368,רחוב,автомобиль,nouns,0.95
1369,קפלה,шпиль,nouns,1.65
1370,בצדקנות,зрело,adverbs,0.55
1371,נשק,шлем,nouns,1.3
1372,למחוץ,обнимать,verbs,0.5
1373,חדר שינה,желудок,nouns,0.05
1374,מסודר,беспорядочный,adjectives,0.65
1375,מכונה,двигатель,nouns,2.2
1376,כניסה,дверь,nouns,2.9
1377,סיר,прибор,nouns,0.75
1378,חבר,наставник,nouns,1.4
1379,פרווה,ружье,nouns,0.05
1380,מילה,ключ,nouns,0.4
1381,רגל,конечность,nouns,2.95
1382,סדין,самолет,nouns,0.0
1383,גרגיר,горчица,nouns,1.4
1384,צר,белый,adjectives,0.0
1385,ירך,губа,nouns,1.0
1386,אינץ',ярд,nouns,1.75
1387,מנורה,джинн,nouns,0.55
1388,לבקר,ненавидеть,verbs,0.65
1389,לנסות,достигать,verbs,1.35
1390,מסיכה,вечеринка,nouns,0.8
1391,להופיע,становиться,verbs,0.4
1392,מעורפל,неясный,adjectives,3.95
1393,אלכוהול,вино,nouns,2.1
1394,פיכח,рациональный,adjectives,2.1
1395,גודל,трюк,nouns,0.05
1396,ראוי,официальный,adjectives,0.65
1397,לא חוקי,законный,adjectives,0.6
1398,בטן,тело,nouns,1.7
1399,בד,одежда,nouns,1.85
1400,זיהום,заболевание,nouns,2.55
1401,טייס,полицейский,nouns,0.6
1402,מכשיר,кастрюля,nouns,0.75
1403,קרמיקה,глиняная посуда,nouns,3.95
1404,אנדרטה,скульптура,nouns,4.0
1405,קשיח,твердый,adjectives,3.8
1406,בנדיבות,осторожно,adverbs,0.45
1407,לשלוח,посещать,verbs,0.55
1408,לשכוח,игнорировать,verbs,1.75
1409,גדול,легкий,adjectives,0.35
1410,טייפון,циклон,nouns,3.95
1411,למכור,занимать,verbs,0.75
1412,רשמית,важно,adverbs,0.85
1413,ציפור,индейка,nouns,2.0
1414,לתת,держать,verbs,0.4
1415,תולעת,вредоносные программы,nouns,1.35
1416,מטרייה,нагреватель,nouns,0.55
1417,חליל,музыка,nouns,1.15
1418,להשיג,приобретать,verbs,2.55
1419,חקר דגלים,флаг,nouns,1.35
1420,לא אמין,коварный,adjectives,2.1
1421,לעזוב,встретить,verbs,0.35
1422,למצוא,убегать,verbs,0.4
1423,להסתכל,искать,verbs,1.5
1424,חיבור,книга,nouns,1.7
1425,לדרוש,выговаривать,verbs,1.25
1426,לגחך,смеяться,verbs,4.35
1427,להשתתף,высказываться,verbs,0.6
1428,לשמור,отстаивать,verbs,4.15
1429,סגנון,мода,nouns,3.25
1430,להכות,привлекать,verbs,0.45
1431,סירה,якорь,nouns,1.15
1432,להעניש,подчиниться,verbs,0.5
1433,סוס,бык,nouns,1.2
1434,מילון,толкование,nouns,2.0
1435,חזק,слабый,adjectives,0.55
1436,חתן,невеста,nouns,1.35
1437,מרפק,лодыжка,nouns,1.25
1438,להביא,нести,verbs,2.1
1439,לחבק,выжимать,verbs,0.5
1440,מעונן,прогноз,nouns,1.25
1441,ניקוד,уровень,nouns,0.45
1442,לעזור,защищать,verbs,2.05
1443,הערה,задание,nouns,0.7
1444,סיפון,пол,nouns,1.75
1445,עריסה,колыбель,nouns,4.2
1446,זמר,актер,nouns,1.4
1447,יארד,дюйм,nouns,1.75
1448,דיאטה,яблоко,nouns,0.8
1449,ערמומי,умный,adjectives,2.15
1450,לדכא,огорчать,verbs,0.45
1451,אלים,мягкий,adjectives,0.35
1452,חוזה,условие,nouns,1.7
1453,חזק,могущественный,adjectives,4.55
1454,מלך,непотизм,nouns,0.75
1455,להיעלם,исчезать,verbs,4.95
1456,שיר,ритм,nouns,1.75
1457,להתייפח,плакать,verbs,4.6
1458,מעלית,автомобиль,nouns,0.8
1459,ספה,бейсбол,nouns,0.1
1460,ללמוד,забывать,verbs,0.55
1461,בענווה,гордо,adverbs,0.6
1462,רע,потрясающий,adjectives,0.45
1463,פרקליט,банкир,nouns,1.0
1464,סופית,иначе,adverbs,0.15
1465,משימה,остров,nouns,0.0
1466,פרספקטיבה,расстояние,nouns,1.3
1467,מחנה,домик,nouns,1.25
1468,לפזר,мазать,verbs,2.8
1469,להציל,защищать,verbs,1.8
1470,פעמון,башня,nouns,0.9
1471,טניס,статистика,nouns,0.1
1472,מספר,цифра,nouns,4.9
1473,טוב,известный,adjectives,0.5
1474,בוודאי,очевидно,adverbs,3.05
1475,לקבל,соглашаться,verbs,2.55
1476,תנועה,действие,nouns,2.55
1477,לקבל,ловить,verbs,0.75
1478,משוגע,несчастный,adjectives,0.7
1479,כביש,шоссе,nouns,4.4
1480,חודש,август,nouns,2.5
1481,לשמור,оставаться,verbs,0.95
1482,לאחרונה,реалистично,adverbs,0.1
1483,בלון,ванна,nouns,0.05
1484,עמוד,слово,nouns,1.0
1485,לשמור,занимать,verbs,0.65
1486,הצלחה,победа,nouns,4.15
1487,מטומטם,сообразительный,adjectives,0.65
1488,להטריד,обижать,verbs,1.15
1489,מבצע,песня,nouns,0.95
1490,מדריך,учитель,nouns,4.6
1491,מיומנות,ум,nouns,1.0
1492,כבד,большой,adjectives,1.6
1493,קערה,дорожка,nouns,0.0
1494,מפוחד,нервный,adjectives,1.25
1495,להתקדם,продвигать,verbs,1.7
1496,עצם,локоть,nouns,1.4
1497,קופסה,источник,nouns,0.0
1498,ענן,озеро,nouns,0.55
1499,לצעוד,стоять,verbs,0.75
1500,אבא,сын,nouns,1.45
1501,דירה,гостиница,nouns,1.2
1502,ספר,статья,nouns,1.5
1503,שוטר,шериф,nouns,4.4
1504,טרף,бог,nouns,0.2
1505,הופעה,камея,nouns,0.05
1506,כרגע,на днях,adverbs,0.7
1507,תמוה,ненормальный,adjectives,3.75
1508,מכונית,судно,nouns,1.1
1509,לנדוד,бродить,verbs,4.35
1510,בקר,мясо,nouns,2.55
1511,תחביר,заглавное слово,nouns,0.6
1512,זנב,миска,nouns,0.0
1513,עץ,одеяло,nouns,0.15
1514,חלק,аэропорт,nouns,0.1
1515,מטוס,джет,nouns,1.45
1516,כוס,ложка,nouns,1.15
1517,מועדון,марка,nouns,0.0
1518,בשקט,пассивно,adverbs,1.4
1519,ספר,текст,nouns,2.3
1520,בעדינות,любезно,adverbs,0.45
1521,מסך,фонология,nouns,0.15
1522,עץ,лист,nouns,1.3
1523,ארוך,короткий,adjectives,0.55
1524,לחפש,смотреть,verbs,1.5
1525,לדמיין,притворяться,verbs,1.55
1526,להכחיש,избежать,verbs,0.7
1527,לעזוב,странствовать,verbs,0.9
1528,ספרות,книга,nouns,2.1
1529,חשמלי,механический,adjectives,0.8
1530,חיסכון,бережливый человек,nouns,1.0
1531,חדר שינה,велосипед,nouns,0.15
1532,לסמן,оценивать,verbs,2.0
1533,ניטרלי,нерешительный,adjectives,1.0
1534,מלכה,пчела,nouns,1.3
1535,פרטי,личный,adjectives,4.6
1536,פה,нос,nouns,1.0
1537,מנהרה,дорожка,nouns,1.2
1538,רעיה,дыра,nouns,0.0
1539,כיסא,диван,nouns,1.65
1540,תקשורת,телевидение,nouns,2.05
1541,תקרה,собор,nouns,0.55
1542,דלת,пол,nouns,0.8
1543,מגמה,вулкан,nouns,1.65
1544,רופא,ортодонт,nouns,2.3
1545,להגן,защищать,verbs,4.15
1546,כדור,костюм,nouns,0.7
1547,בזהירות,опасно,adverbs,0.55
1548,באופן אמין,грубо,adverbs,0.25
1549,לקלוט,понять,verbs,3.2
1550,תסריטאי,телевидение,nouns,1.15
1551,דיאטה,салат,nouns,1.05
1552,מיטה,кроватка,nouns,4.15
1553,פחית,бутылка,nouns,1.45
1554,גאווה,радость,nouns,1.75
1555,נוחות,безопасность,nouns,0.75
1556,תפוח,сладость,nouns,1.0
1557,לגדול,расширяться,verbs,3.7
1558,פשתן,ткань,nouns,2.25
1559,צמיחה,удобрение,nouns,0.75
1560,לצוד,искать,verbs,1.75
1561,יציאה,проход,nouns,2.15
1562,נסיבות,ситуация,nouns,4.15
1563,עורלה,обрезание,nouns,2.25
1564,נמרצות,точно,adverbs,0.65
1565,להתרכבל,обнимать,verbs,3.15
1566,להתרחב,расти,verbs,3.7
1567,סרט,нигилизм,nouns,0.15
1568,להצטרף,жениться,verbs,0.55
1569,סמל,код,nouns,1.75
1570,להרהר,думать,verbs,4.85
1571,רב,наставник,nouns,1.7
1572,ספינת תותחים,берег,nouns,0.7
1573,מוטל,гостиница,nouns,4.3
1574,שחר,ружье,nouns,0.0
1575,קסדה,оружие,nouns,1.3
1576,קוף,кампания,nouns,0.0
1577,מפעל,автомобиль,nouns,0.65
1578,מלך,принц,nouns,1.8
1579,להתעורר,храпеть,verbs,0.6
1580,להשיג,получать,verbs,1.55
1581,כובע,пальто,nouns,0.9
1582,סמטה,шар,nouns,0.0
1583,להמיס,растворяться,verbs,1.85
1584,כדור,перчатка,nouns,0.55
1585,ליצור,разрушать,verbs,0.55
1586,לשלב,бить,verbs,0.1
1587,זרוע,мускул,nouns,1.25
1588,ליצור,нырять,verbs,0.1
1589,מנצח,присутствие,nouns,0.05
1590,עבריין,преступник,nouns,5.2
1591,לחלוטין,в принципе,adverbs,0.85
1592,פילוסוף,разгон,nouns,0.0
1593,כישלון,банкротство,nouns,2.15
1594,בנייה,разрушение,nouns,0.65
1595,הערה,оплата,nouns,0.0
1596,דרך,манера,nouns,4.15
1597,סביבה,меч,nouns,0.2
1598,חשמל,ящик,nouns,0.5
1599,להפוך,казаться,verbs,0.53
1600,להציל,выручать,verbs,5.0
1601,נדיב,приятный,adjectives,1.6
1602,טקס,праздник,nouns,3.5
1603,גלקסיה,астроном,nouns,1.5
1604,רגיל,холодный,adjectives,0.2
1605,לדעת,забывать,verbs,0.55
1606,נחש,ящерица,nouns,1.45
1607,שוטר,штурман,nouns,0.6
1608,איחוד,сумма,nouns,2.45
1609,נהר,поток,nouns,1.8
1610,אורח חיים,цивилизация,nouns,0.85
1611,אכסניה,мотель,nouns,4.3
1612,לצחוק,хихикать,verbs,4.35
1613,אישה,муж,nouns,1.2
1614,פרי הדר,апельсин,nouns,3.55
1615,כביש מהיר,дорога,nouns,4.4
1616,לעמוד,ходить,verbs,0.75
1617,להחזיר,заменять,verbs,2.0
1618,אינץ',метр,nouns,1.6
1619,אבק,метла,nouns,1.3
1620,להגן,сохранять,verbs,1.8
1621,מעולה,прекрасный,adjectives,4.75
1622,אקדח,народ,nouns,0.35
1623,מנהל,босс,nouns,5.05
1624,לקבוע,эвакуировать,verbs,0.2
1625,לחשוב,спрашивать,verbs,0.95
1626,עץ,бревно,nouns,2.5
1627,בזוי,презрительный,adjectives,3.8
1628,שמפניה,пиво,nouns,1.65
1629,גבר,дядя,nouns,1.8
1630,בלתי אפשרי,возможный,adjectives,0.65
1631,לנשל,отрекаться,verbs,2.7
1632,לשחרר,ловить,verbs,0.55
1633,באופן שגרתי,обычно,adverbs,4.35
1634,אגורה,сделка,nouns,0.35
1635,קליבר,зонтик,nouns,0.3
1636,בבגרות,праведно,adverbs,0.55
1637,אנטומיה,биология,nouns,2.25
1638,אור,яблоко,nouns,0.0
1639,אננס,смартфон,nouns,0.0
1640,ירח,планета,nouns,2.25
1641,חשוב,действительно,adverbs,0.5
1642,אב,бог,nouns,0.85
1643,טלפון סללורי,ананас,nouns,0.0
1644,לגלם,имитировать,verbs,4.4
1645,תיאוריה,химия,nouns,0.65
1646,עץ,ванна,nouns,0.1
1647,לקנות,воровать,verbs,0.35
1648,זעיר,огромный,adjectives,0.5
1649,עושר,слава,nouns,1.35
1650,בקר,корова,nouns,3.2
1651,באולינג,игрок в боулинг,nouns,2.45
1652,מקהלה,певец,nouns,1.6
1653,חדשות,сплетня,nouns,2.3
1654,מינט,музей,nouns,0.2
1655,גרון,нос,nouns,1.05
1656,לאחד,делить,verbs,0.55
1657,מנגינה,музыка,nouns,3.85
1658,ערפל,облако,nouns,1.98
1659,חופש,оазис,nouns,0.35
1660,תוקפני,изогнутый,adjectives,0.05
1661,בן,отец,nouns,1.3
1662,עובד,механик,nouns,1.85
1663,גבה,глаз,nouns,1.0
1664,עבודה,инструмент,nouns,0.8
1665,זריז,быстрый,adjectives,4.6
1666,תרשים,график,nouns,4.15
1667,חברה,культура,nouns,1.2
1668,נורמלי,необычный,adjectives,0.5
1669,לדעת,верить,verbs,0.7
1670,אכזרי,жесткий,adjectives,1.85
1671,לחלוק,соглашаться,verbs,0.55
1672,מלך,принцесса,nouns,1.45
1673,אטמוספירה,загрязнение,nouns,0.7
1674,גישה,уверенность,nouns,1.15
1675,תאונה,бедствие,nouns,3.95
1676,דם,вена,nouns,2.5
1677,מטריצה,молекула,nouns,0.6
1678,אסטרואיד,звезда,nouns,1.95
1679,צנוע,чистый,adjectives,0.8
1680,מסיבה,электорат,nouns,1.45
1681,לשנוא,наслаждаться,verbs,0.2
1682,מצפן,слон,nouns,0.0
1683,משרד,работник,nouns,1.05
1684,מוכר,популярный,adjectives,4.35
1685,לפתור,заканчивать,verbs,1.75
1686,פסיקה,разбирательство,nouns,1.8
1687,גף,нога,nouns,2.95
1688,מטבע,оплата,nouns,1.5
1689,הרבה,дважды,adverbs,0.75
1690,יען,плодовый сад,nouns,0.1
1691,כתף,голова,nouns,1.0
1692,פתיל,пряжа,nouns,4.0
1693,דשן,развитие,nouns,0.75
1694,נינוח,напряжённый,adjectives,0.55
1695,ארוך,узкий,adjectives,1.05
1696,ילדותי,безрассудный,adjectives,1.85
1697,מלאכותי,фальшивый,adjectives,3.75
1698,תפוז,цитрус,nouns,3.55
1699,שער,дверь,nouns,3.95
1700,גיבורה,герой,nouns,3.1
1701,באופן מסוכן,внимательно,adverbs,0.55
1702,לאפשר,разрешать,verbs,4.95
1703,מוח,нерв,nouns,0.85
1704,עכבר,палуба,nouns,0.45
1705,כבוד,почтение,nouns,4.2
1706,לחנוק,сокрушать,verbs,0.6
1707,נחמד,дружелюбный,adjectives,3.5
1708,לספק,понимать,verbs,0.35
1709,חודשי,еженедельный,adjectives,0.9
1710,להתכווץ,исчезать,verbs,1.35
1711,לתשאל,искать,verbs,1.35
1712,להתעלם,обращаться,verbs,0.35
1713,מפורסם,известный,adjectives,4.35
1714,סולטן,министерство,nouns,0.55
1715,מסודר,чистый,adjectives,3.4
1716,חוקי,нелегальный,adjectives,0.6
1717,ענן,буря,nouns,1.7
1718,חד,гладкий,adjectives,0.5
1719,דירה,дом,nouns,4.3
1720,להסכים,противоречить,verbs,0.55
1721,בנדיבות,любезно,adverbs,2.35
1722,השתקפות,образ,nouns,1.85
1723,לסיים לימודים,заканчивать,verbs,1.95
1724,אנשים,цент,nouns,0.65
1725,להתחנן,просить,verbs,4.25
1726,צריף,домик,nouns,3.5
1727,גמיש,свободный,adjectives,1.25
1728,שיר,исполнитель,nouns,0.95
1729,להלוות,задолжать,verbs,1.5
1730,מבצר,стена,nouns,1.0
1731,חיטה,злак,nouns,3.0
1732,יקר ערך,ленивый,adjectives,0.0
1733,איחוד,комбинация,nouns,2.75
1734,לגמרי,чисто,adverbs,1.5
1735,אלים,радикальный,adjectives,1.2
1736,נייד,гибкий,adjectives,1.05
1737,לחבוט,ущипнуть,verbs,0.6
1738,נייר,плакат,nouns,2.2
1739,טיפשי,ребячливый,adjectives,1.85
1740,אי,принцесса,nouns,0.3
1741,בישוף,мусульман,nouns,0.8
1742,יצירתי,инновационный,adjectives,3.3
1743,נוצרי,протестант,nouns,2.15
1744,זכוכית,значок,nouns,0.2
1745,קרב,воинственность,nouns,2.55
1746,שסתום,мотор,nouns,1.75
1747,לנסות,преуспевать,verbs,1.0
1748,פרפר,роза,nouns,0.55
1749,לשכוח,помнить,verbs,0.5
1750,ספרות,слово,nouns,1.3
1751,סימולציה,робототехника,nouns,1.05
1752,תיבה,лифт,nouns,0.65
1753,מיתוס,сатира,nouns,0.9
1754,לצייר,создавать,verbs,1.5
1755,חיה,человек,nouns,1.1
1756,להתחלף,изменять,verbs,2.3
1757,חלום,небо,nouns,0.6
1758,סמל,криптограмма,nouns,1.65
1759,להחליט,думать,verbs,1.35
1760,דינוזאור,слон,nouns,0.8
1761,להשוות,анализировать,verbs,2.6
1762,כועס,счастливый,adjectives,0.5
1763,לדעת,давать,verbs,0.2
1764,בגדים,пиджак,nouns,1.65
1765,בחור,друг,nouns,1.7
1766,תגמול,оплата,nouns,4.25
1767,נוירוזה,разум,nouns,0.7
1768,מכללה,профессия,nouns,0.95
1769,אח,сестра,nouns,2.15
1770,כבש,скот,nouns,2.9
1771,רעיה,солома,nouns,0.1
1772,נוזל,сопло,nouns,0.45
1773,רגיל,потрясающий,adjectives,0.5
1774,לווה,кредит,nouns,1.7
1775,נוקשה,ранимый,adjectives,0.3
1776,מצב,обстоятельство,nouns,4.15
1777,חורף,лето,nouns,0.95
1778,למסור,брать,verbs,0.7
1779,אחו,пастбище,nouns,2.15
1780,מכונית,такси,nouns,2.75
1781,מודרני,старинный,adjectives,0.55
1782,בהרס,мирно,adverbs,0.3
1783,שלג,погода,nouns,1.05
1784,פיקח,хитрый,adjectives,2.15
1785,כלי,работа,nouns,0.8
1786,לרדוף,убеждать,verbs,0.8
1787,התזה,вязкость,nouns,0.45
1788,לקשור,объединять,verbs,3.15
1789,להתפורר,умереть,verbs,0.65
1790,לנשום,задыхаться,verbs,0.75
1791,ייתכן,наверное,adverbs,4.0
1792,לצחוק,плакать,verbs,0.45
1793,קולונל,дантист,nouns,0.3
1794,אחר,противолежащий,adjectives,0.9
1795,חתול,кролик,nouns,0.8
1796,מכונית,гудок,nouns,1.1
1797,להבין,прощать,verbs,1.6
1798,מטוס,вертолет,nouns,2.15
1799,גאה,высокомерный,adjectives,3.2
1800,לתקשר,молиться,verbs,0.8
1801,ביצה,озеро,nouns,0.95
1802,תאגיד,предприятие,nouns,3.35
1803,מטומטם,интеллектуальный,adjectives,0.5
1804,לסדר,собирать,verbs,2.15
1805,שחר,день,nouns,1.55
1806,מתון,средний,adjectives,1.85
1807,בשמחה,безопасно,adverbs,0.35
1808,לערב,включают,verbs,2.8
1809,לברך,встречать,verbs,1.4
1810,יום,утро,nouns,1.65
1811,לקצור,получать,verbs,2.35
1812,שומרת,мать,nouns,0.8
1813,מאמנים,медаль,nouns,0.65
1814,עסק,промышленность,nouns,1.8
1815,לתת,отрекаться,verbs,0.45
1816,סמטה,улица,nouns,3.15
1817,ליקר,группа,nouns,0.15
1818,זעם,злость,nouns,4.7
1819,צפון,юг,nouns,0.95
1820,לפגוע,упускать,verbs,0.5
1821,אשמה,система,nouns,0.25
1822,דוד,кузен,nouns,2.25
1823,תינוק,взрослый,nouns,1.1
1824,חיל הים,остров,nouns,0.55
1825,בוודאי,явно,adverbs,3.2
1826,גבר,женщина,nouns,1.0
1827,לקבל,верить,verbs,1.15
1828,עט,алфавит,nouns,0.65
1829,כבל,часовня,nouns,0.0
1830,תרנגולת,ужин,nouns,0.7
1831,קוסם,кабель,nouns,0.15
1832,לשחוק,носить,verbs,0.25
1833,לבנות,разрушать,verbs,0.5
1834,היסטוריון,историограф,nouns,3.0
1835,ישר,нечестный,adjectives,0.5
1836,לרצות,занимать,verbs,0.1
1837,להונות,мошенничать,verbs,4.9
1838,לבלבל,учить,verbs,0.3
1839,מטומטם,дурацкий,adjectives,4.0
1840,בייסבול,братство,nouns,0.55
1841,אריה,кот,nouns,1.35
1842,וריד,сосуд,nouns,2.5
1843,בפתיחות,массивно,adverbs,0.45
1844,זריז,скоростной,adjectives,5.05
1845,בחור,бабник,nouns,1.25
1846,לשמור,коллекционировать,verbs,2.1
1847,להקשיב,понимать,verbs,1.2
1848,חדר שינה,ванная,nouns,0.9
1849,ברצינות,искренне,adverbs,0.75
1850,כדור,волейбол,nouns,1.65
1851,לבלוע,пить,verbs,1.7
1852,קוד,символ,nouns,1.75
1853,עתיק,современный,adjectives,0.55
1854,רחב,большой,adjectives,1.8
1855,לחקות,изображать,verbs,4.4
1856,לבשל,микшировать,verbs,0.85
1857,כביש,автомобиль,nouns,1.25
1858,אוויר,молекула,nouns,1.25
1859,להעניש,учить,verbs,0.5
1860,באופן אמין,пассивно,adverbs,0.5
1861,תחליף,обмен,nouns,4.25
1862,לבקש,молиться,verbs,2.2
1863,חדר,ванна,nouns,1.4
1864,תחבולן,стратег,nouns,2.65
1865,ענן,дымка,nouns,2.1
1866,מוח,разум,nouns,2.1
1867,בורות,ум,nouns,0.7
1868,פרווה,женщина,nouns,0.4
1869,עץ,лодка,nouns,0.85
1870,גשר,автомобиль,nouns,0.6
1871,לתקן,восстановить,verbs,3.85
1872,להיפגש,приветствовать,verbs,1.4
1873,גמיש,эластичный,adjectives,4.9
1874,להסכים,угождать,verbs,1.15
1875,לשיר,смеяться,verbs,0.45
1876,צריח,часовня,nouns,1.65
1877,בקבוק,контейнер,nouns,0.5
1878,שקופית,указатель,nouns,0.2
1879,גב,шея,nouns,1.5
1880,אופניים,кожа,nouns,0.1
1881,מעורבב,комбинированный,adjectives,3.65
1882,צר,тонкий,adjectives,2.85
1883,זנב,глава,nouns,0.3
1884,נקי,беспорядочный,adjectives,0.45
1885,ישן,смешанный,adjectives,0.0
1886,אסון,смерть,nouns,1.75
1887,שיפוע,сиденье,nouns,0.05
1888,ילד,брат,nouns,1.9
1889,חבר,друг,nouns,4.2
1890,לטייל,ходить,verbs,2.15
1891,הסכם,пакт,nouns,4.85
1892,מים,засуха,nouns,0.6
1893,יהלום,деньги,nouns,0.95
1894,טלפון,потерпевший,nouns,0.15
1895,להקטין,ограничивать,verbs,2.1
1896,להרוס,строить,verbs,0.5
1897,להרוג,защищать,verbs,0.4
1898,בערך,нетерпеливо,adverbs,0.55
1899,אסטרטג,комбинатор,nouns,2.65
1900,מצעד,оркестр,nouns,1.45
1901,דק,узкий,adjectives,2.85
1902,איריס,ацетилхолин,nouns,0.3
1903,רדאר,джойстик,nouns,0.35
1904,קשת,следопыт,nouns,0.4
1905,עין,бровь,nouns,1.0
1906,שקרן,правдивый,adjectives,0.5
1907,עושר,бедность,nouns,0.6
1908,קומביין,сахарный тростник,nouns,0.35
1909,כיסא,скамейка,nouns,2.15
1910,אמבטיה,кухня,nouns,1.1
1911,פרק,конец,nouns,0.3
1912,מולקולה,матрица,nouns,0.6
1913,רעיה,ванна,nouns,0.05
1914,אבא,родитель,nouns,3.6
1915,להקשיב,узнавать,verbs,1.15
1916,תוכנית,питание,nouns,0.5
1917,מוות,бедствие,nouns,1.75
1918,שמש,луч,nouns,1.5
1919,לצרוח,орать,verbs,4.8
1920,להקיא,закрыть,verbs,0.05
1921,פרוטסטנט,кристиан,nouns,2.15
1922,קוקטייל,алкоголь,nouns,2.1
1923,חולה,сумасшедший,adjectives,1.35
1924,לעולם לא,потом,adverbs,0.35
1925,לסלוח,принимать,verbs,1.4
1926,ליצור,строить,verbs,3.7
1927,מאה,спиртное,nouns,0.0
1928,פעמיים,всегда,adverbs,0.5
1929,להכות,наказать,verbs,1.4
1930,מועדון,общество,nouns,1.95
1931,להשיג,побеждать,verbs,1.1
1932,עומק,величина,nouns,1.55
1933,לשרוד,жить,verbs,2.25
1934,ויטמין,железо,nouns,1.25
1935,ברית מילה,крайняя плоть,nouns,2.25
1936,חד,тупой,adjectives,0.85
1937,גבר,муж,nouns,2.8
1938,רע,великолепный,adjectives,0.45
1939,נוירופסיכולוגיה,парапсихология,nouns,1.4
1940,ערך,темп,nouns,0.7
1941,שחקן,многогранник,nouns,0.6
1942,לשאת,приносить,verbs,2.1
1943,מטריצה,вектор,nouns,2.05
1944,לא סביר,дружелюбно,adverbs,0.0
1945,דשא,корень,nouns,1.0
1946,אף,голова,nouns,1.1
1947,ברזל,витамин,nouns,1.25
1948,לשמוע,слушать,verbs,3.35
1949,כתב יד,книга,nouns,1.55
1950,להכחיש,признавать,verbs,0.55
1951,טריק,игра,nouns,1.2
1952,רפוי,гибкий,adjectives,1.25
1953,מעיק,безопасный,adjectives,0.1
1954,קישוט,стена,nouns,0.9
1955,בנימוס,благоразумно,adverbs,0.5
1956,ערפל,дождь,nouns,2.0
1957,להודיע,изображать,verbs,0.45
1958,חייזר,чужеземец,nouns,2.7
1959,לחקור,обнаруживать,verbs,2.5
1960,נשיא,фотоаппарат,nouns,0.15
1961,מוח,кровь,nouns,1.0
1962,סנוברד,лыжи,nouns,2.45
1963,להריח,портить,verbs,0.05
1964,תלותי,неуверенный,adjectives,0.65
1965,בחשאיות,уверенно,adverbs,0.45
1966,יפה,элегантно,adverbs,2.8
1967,רכילות,новость,nouns,2.3
1968,רע,виноватый,adjectives,0.65
1969,גבר,победитель,nouns,0.85
1970,מתקפה,блицкриг,nouns,3.3
1971,פיכח,пьяный,adjectives,0.55
1972,נטייה,мнение,nouns,2.7
1973,לטפל,платить,verbs,0.3
1974,חמאה,картофель,nouns,0.8
1975,לקרוע,одевать,verbs,0.15
1976,לקלקל,нюхать,verbs,0.05
1977,בדרך כלל,повседневно,adverbs,4.35
1978,חייל,мир,nouns,0.7
1979,מציאות,фантазия,nouns,0.9
1980,ורד,бабочка,nouns,0.55
1981,חבר,возлюбленный,nouns,1.7
1982,מטר,ярд,nouns,2.35
1983,אדום,синий,adjectives,0.8
1984,עצום,крошечный,adjectives,0.5
1985,לזרוח,светиться,verbs,4.4
1986,למה,слог,nouns,0.95
1987,מתבייש,скромный,adjectives,1.2
1988,עוצמתי,мощный,adjectives,4.55
1989,לבנה,стена,nouns,1.35
1990,עורף,хвост,nouns,0.9
1991,מבולגן,порядоченный,adjectives,0.65
1992,מוזיאון,mинт,nouns,0.2
1993,רכב,автобус,nouns,1.9
1994,באופן אמין,ответственно,adverbs,2.75
1995,לחסוך,тратить,verbs,0.55
1996,אורז,курятина,nouns,0.85
1997,צבא,легион,nouns,2.35
1998,להסכים,признавать,verbs,3.45
1999,לשוטט,искать,verbs,1.3
2000,ניצחון,триумф,nouns,4.15
2001,מיטה,больница,nouns,1.0
2002,נוח,ранимый,adjectives,0.1
2003,חומץ,салат,nouns,0.85
2004,רך,агрессивный,adjectives,0.35
2005,לעשות,прекращать,verbs,0.45
2006,לחשוב,пытаться,verbs,0.4
2007,להאשים,презирать,verbs,0.55
2008,לתקוף,раздражать,verbs,0.45
2009,לחגוג,удивлять,verbs,0.75
2010,להתכחש,отрицать,verbs,2.7
2011,אצטילכולין,ирис,nouns,0.3
2012,התרמה,event,nouns,1.1
2013,חלון,крыша,nouns,1.05
2014,כבוש,псалом,nouns,0.25
2015,להשיג,становиться,verbs,0.6
2016,למצוא,приобретать,verbs,1.0
2017,ללמוד,поглощать,verbs,1.05
2018,חרק,пчела,nouns,1.95
2019,ללמוד,слушать,verbs,1.15
2020,יצירה,художник,nouns,1.35
2021,כינור,гитара,nouns,1.45
2022,צונאמי,море,nouns,1.1
2023,להמליץ,принимать,verbs,0.8
2024,לא בטוח,испуганный,adjectives,1.35
2025,תובנה,ум,nouns,2.1
2026,רציונלי,трезвый,adjectives,2.1
2027,הלילה,сегодня,adverbs,1.5
2028,גדר,прыжки,nouns,0.65
2029,בחירה,вена,nouns,0.0
2030,שמחה,гордость,nouns,1.75
2031,ראש,нос,nouns,1.1
2032,יד,палец,nouns,1.35
2033,גודל,размер,nouns,4.35
2034,מצוין,прекрасный,adjectives,4.85
2035,מורה,друг,nouns,1.4
2036,כבל,шнур,nouns,3.95
2037,לאחד,связывать,verbs,3.15
2038,בן,ребенок,nouns,3.3
2039,יוצא דופן,редкий,adjectives,4.05
2040,גבר,ребенок,nouns,1.35
2041,לבנות,делать,verbs,2.85
2042,לטגן,готовить,verbs,1.7
2043,לשחות,встретить,verbs,0.05
2044,לקחת,оставлять,verbs,0.2
2045,מעצר,клетка,nouns,1.15
2046,עידן,десятилетие,nouns,1.75
2047,בצורה יפה,любезно,adverbs,4.15
2048,ציקלון,тайфун,nouns,3.95
2049,להתגבר,доминировать,verbs,1.35
2050,לחשוב,размышлять,verbs,4.85
2051,אשם,честный,adjectives,0.3
2052,לעיתים,регулярно,adverbs,0.8
2053,במרץ,пассивно,adverbs,0.3
2054,צד,верх,nouns,0.45
2055,פשיטת רגל,провал,nouns,2.15
2056,חברה,клуб,nouns,1.95
2057,יין,спиртное,nouns,2.2
2058,פרה,скот,nouns,3.35
2059,באופן אידיאלי,механически,adverbs,0.2
2060,ארוע,сбор пожертвований,nouns,1.1
2061,עוינות,агрессивность,nouns,4.7
2062,להודיע,объявлять,verbs,4.85
2063,מציאות,иллюзия,nouns,0.8
2064,ציפור,ястреб,nouns,2.0
2065,לעגני,пренебрежительный,adjectives,3.8
2066,לשחרר,нажимать,verbs,0.45
2067,לעזוב,подождать,verbs,0.3
2068,כלב,лошадь,nouns,0.8
2069,משמעותי,незначительный,adjectives,0.5
2070,סמל,пистолет,nouns,0.6
2071,גברת,господин,nouns,1.5
2072,לחשוב,помнить,verbs,1.2
2073,הר,выступ,nouns,0.7
2074,לעשות,создавать,verbs,4.0
2075,אנציקלופדיה,словарь,nouns,2.15
2076,נוזקה,червяк,nouns,1.35
2077,פחמימה,сахароза,nouns,2.0
2078,נביא,священник,nouns,1.5
2079,סערה,снег,nouns,1.55
2080,להבין,читать,verbs,1.0
2081,להתאמן,повторять,verbs,1.25
2082,כומר,монах,nouns,3.5
2083,גס,невежливый,adjectives,3.7
2084,חוט,закат,nouns,0.0
2085,לשכנע,спорить,verbs,2.55
2086,גאה,сильный,adjectives,0.65
2087,לגיון,армия,nouns,2.35
2088,מחר,сегодня ночью,adverbs,0.75
2089,לחם,мясо,nouns,0.65
2090,צנזורה,свобода,nouns,0.85
2091,תשוקה,эмоция,nouns,2.7
2092,אמבטיה,комната,nouns,1.4
2093,גדול,тяжелый,adjectives,1.6
2094,זהירות,забота,nouns,2.15
2095,חוף,берег,nouns,3.35
2096,תקשורת,язык,nouns,1.55
2097,תאונה,книга,nouns,0.0
2098,חליפין,валюта,nouns,1.1
2099,משעמם,скучающий,adjectives,2.2
2100,להסוות,покрывать,verbs,3.0
2101,חשוב,необходимый,adjectives,3.4
2102,אחווה,дверь,nouns,0.0
2103,סופת שלגים,дождь,nouns,1.2
2104,אנשים,доллар,nouns,0.05
2105,שליט,король,nouns,4.15
2106,ללבוש,разъедать,verbs,0.25
2107,בכנות,серьезно,adverbs,0.75
2108,לפגוע,беспокоить,verbs,1.15
2109,כלה,жених,nouns,1.35
2110,פלנטה,луна,nouns,2.25
2111,ברור,кажущийся,adjectives,2.35
2112,דודן,дядя,nouns,2.25
2113,לפגוע,дразнить,verbs,2.35
2114,אורתודונט,врач,nouns,2.3
2115,חום,болезнь,nouns,1.6
2116,כומר,бог,nouns,1.2
2117,גזענות,ксенофобия,nouns,2.65
2118,עקום,изогнутый,adjectives,4.75
2119,יארד,метр,nouns,2.35
2120,ברצינות,важно,adverbs,2.55
2121,קשה,легкий,adjectives,0.6
2122,בבהירות,слегка,adverbs,0.4
2123,שור,конь,nouns,1.2
2124,להילחם,убивать,verbs,0.65
2125,באופן אחראי,надежно,adverbs,2.75
2126,מיידית,один раз,adverbs,0.25
2127,גודל,цент,nouns,0.4
2128,כוכב לכת,звезда,nouns,3.25
2129,להשתתף,сотрудничать,verbs,1.75
2130,לא משומש,новый,adjectives,3.4
2131,משאית,посылка,nouns,0.5
2132,לסיים,откладывать,verbs,0.4
2133,להרוס,создавать,verbs,0.55
2134,וילון,карниз,nouns,1.1
2135,סבולת,цветок,nouns,0.0
2136,מוזר,чудной,adjectives,4.85
2137,אורז,мальчик,nouns,0.2
2138,זרוע,вена,nouns,0.95
2139,משעמם,тоскливый,adjectives,3.8
2140,טקסט,книга,nouns,2.3
2141,פשע,кража,nouns,2.25
2142,משורר,журналист,nouns,1.15
2143,כס,меч,nouns,0.4
2144,לפנות,определить,verbs,0.2
2145,יומן,формула,nouns,0.4
2146,טלפון,будка,nouns,0.75
2147,עצם,мускул,nouns,0.8
2148,נשיא,мэр,nouns,1.45
2149,חיפוש,цель,nouns,1.05
2150,פגישה,обязательство,nouns,1.0
2151,בגדים,ткань,nouns,1.9
2152,קתדרלה,потолок,nouns,0.55
2153,תעשייה,предприятие,nouns,1.8
2154,לבחור,отклонять,verbs,0.2
2155,גאה,печальный,adjectives,0.3
2156,הון,деньги,nouns,4.25
2157,עצב,мужество,nouns,1.2
2158,בקר,овца,nouns,2.9
2159,טיפש,тупой,adjectives,4.1
2160,בחירה,мнение,nouns,1.2
2161,בורא,изготовитель,nouns,4.65
2162,קמע,спектакль,nouns,0.05
2163,ערב,сумерки,nouns,3.2
2164,פטיש,зубы,nouns,0.05
2165,חוזק,выносливость,nouns,2.75
2166,נוכחות,отсутствие,nouns,0.75
2167,בקלות,удобно,adverbs,1.65
2168,לפעמים,равномерно,adverbs,0.3
2169,ערבה,луг,nouns,2.15
2170,לעשות,строить,verbs,2.85
2171,תוף,гитара,nouns,1.5
2172,טרגדיה,смерть,nouns,2.15
2173,בייסבול,кушетка,nouns,0.1
2174,לעצור,свистеть,verbs,0.1
2175,בהירות,звезда,nouns,1.4
2176,אמבטיה,бревно,nouns,0.1
2177,רחוב,переулок,nouns,3.15
2178,פסקה,письмо,nouns,1.25
2179,נדיר,экзотичный,adjectives,4.85
2180,עץ,бревно,nouns,2.7
2181,בר השגה,дешевый,adjectives,2.35
2182,כתף,рука,nouns,1.65
2183,מקור,коробка,nouns,0.0
2184,בינוני,хороший,adjectives,0.95
2185,סטייק,мясо,nouns,3.85
2186,לחלוק,бороться,verbs,1.0
2187,להחזיק,брать,verbs,2.3
2188,אנרכיה,хаос,nouns,4.5
2189,משאית,автомобиль,nouns,2.7
2190,הונאה,преступление,nouns,2.1
2191,תותח,ядро,nouns,1.1
2192,בגדים,пуговица,nouns,1.3
2193,גיהנום,загробный мир,nouns,1.95
2194,מעורבב,старый,adjectives,0.0
2195,תשלום,монета,nouns,1.5
2196,נסיכה,остров,nouns,0.3
2197,באופן מוזר,необычно,adverbs,4.2
2198,יום,ночь,nouns,0.6
2199,בדחיפות,быстро,adverbs,3.35
2200,גאה,дерзкий,adjectives,0.95
2201,מטומטם,огромный,adjectives,0.1
2202,קערה,тарелка,nouns,3.05
2203,סלט,уксус,nouns,0.85
2204,כנראה,положительно,adverbs,0.8
2205,להרגיז,угадывать,verbs,0.05
2206,חשוד,человек,nouns,0.5
2207,נסיך,король,nouns,1.8
2208,סבולת,повязка,nouns,0.1
2209,קנה סוכר,комбайн,nouns,0.35
2210,סוף שבוע,неделя,nouns,1.15
2211,ארוחה,бекон,nouns,1.1
2212,קש,жена,nouns,0.1
2213,ללבוש,рвать,verbs,0.15
2214,תיאטרון,батарейка,nouns,0.0
2215,נורא,громко,adverbs,0.35
2216,ילד,мальчик,nouns,3.3
2217,להחליט,судить,verbs,1.6
2218,טפט,фон,nouns,2.55
2219,לכתוב,строчить,verbs,2.5
2220,סימן,клуб,nouns,0.0
2221,עוף,стейк,nouns,1.55
2222,הרס,построение,nouns,0.65
2223,גורד שחקים,дворец,nouns,1.3
2224,רגל,кисть,nouns,0.85
2225,להבין,удовлетворять,verbs,0.35
2226,חוף,остров,nouns,1.0
2227,בירה,напиток,nouns,2.15
2228,להתחנן,занимать,verbs,0.3
2229,לתפוס,гнаться,verbs,1.85
2230,רע,ужасный,adjectives,3.77
2231,מטבע,совпадение,nouns,0.6
2232,תפוח,повидло,nouns,0.85
2233,חתול,мышка,nouns,1.05
2234,בקול רם,мягко,adverbs,0.25
2235,צדק,право,nouns,1.1
2236,לחנוק,дышать,verbs,0.75
2237,פונקציה,компилятор,nouns,1.9
2238,נייר,картон,nouns,2.65
2239,קפיצה,забор,nouns,0.65
2240,לשמור,забывать,verbs,0.5
2241,מידע,газета,nouns,1.85
2242,דלת,кухня,nouns,0.85
2243,איום,опасность,nouns,4.45
2244,מצב רוח,эмоция,nouns,2.75
2245,חדשני,творческий,adjectives,3.3
2246,לפעמים,часто,adverbs,1.25
2247,לאסוף,организовать,verbs,2.15
2248,לקבל,прощать,verbs,1.4
2249,אבן,уголь,nouns,1.15
2250,לתלות,убивать,verbs,1.5
2251,גניבה,преступлениe,nouns,2.25
2252,להשאיל,давать,verbs,1.9
2253,להקניט,обижать,verbs,2.35
2254,לשתף,участвовать,verbs,1.75
2255,עובד,работодатель,nouns,1.25
2256,שד,фонарь,nouns,0.55
2257,קרח,снег,nouns,2.6
2258,עצבני,испуганный,adjectives,1.25
2259,סלט,диета,nouns,1.05
2260,סיפור,карандаш,nouns,0.3
2261,התחייבות,назначение,nouns,1.0
2262,טנק,машина,nouns,1.45
2263,בקבוק,баллончик,nouns,1.45
2264,להיכשל,преуспевать,verbs,0.5
2265,לדמיין,создавать,verbs,1.05
2266,קומה,палуба,nouns,1.75
2267,להימנע,отрицать,verbs,0.7
2268,ישן,новый,adjectives,0.6
2269,להתאחד,жениться,verbs,2.35
2270,נהר,долина,nouns,0.95
2271,הכרחי,ненужный,adjectives,0.6
2272,להודות,отрицать,verbs,0.55
2273,בלתי צפוי,непредвиденный,adjectives,5.5
2274,מרק,ужин,nouns,1.4
2275,לבחור,собирать,verbs,0.6
2276,עפרון,сказка,nouns,0.3
2277,שומר,взрослый,nouns,1.0
2278,פילם,фильм,nouns,3.75
2279,ארמון,небоскреб,nouns,1.3
2280,דוד,мужчина,nouns,1.8
2281,גיוס כספים,развитие,nouns,0.4
2282,לדחוף,обвинять,verbs,0.2
2283,לדבר,слышать,verbs,0.65
2284,לרכוש,украсть,verbs,0.8
2285,ארון,одежда,nouns,0.9
2286,צד,низ,nouns,1.05
2287,שד,чудовище,nouns,4.7
2288,למסור,носить,verbs,0.7
2289,להרוויח,пожинать,verbs,2.35
2290,דיפלומטיה,переговоры,nouns,1.85
2291,אב,брат,nouns,1.3
2292,מורכב,тяжелый,adjectives,4.0
2293,להעליב,обижать,verbs,3.4
2294,לרצות,развлекать,verbs,0.6
2295,מפלצת,демон,nouns,4.7
2296,ויסקי,алкоголь,nouns,2.25
2297,אקדח,тетрадь,nouns,0.0
2298,להשאיל,продавать,verbs,0.75
2299,מורה,помощник,nouns,1.85
2300,תיבה,электричество,nouns,0.5
2301,סונטה,красота,nouns,0.25
2302,שונית,пляж,nouns,1.45
2303,פיל,динозавр,nouns,0.8
2304,מועמד,победитель,nouns,1.0
2305,מפוחד,стеснительный,adjectives,1.15
2306,הססן,гневный,adjectives,0.6
2307,לשכוח,прощать,verbs,1.55
2308,סוודר,пиджак,nouns,1.6
2309,לעצבן,нападать,verbs,0.45
2310,תמימות דעים,валюта,nouns,0.6
2311,לזכור,думать,verbs,1.2
2312,גוף,нижняя одежда,nouns,0.35
2313,לשתות,глотать,verbs,1.7
2314,סיגלית,цветок,nouns,2.3
2315,בטוח,легальный,adjectives,1.05
2316,חוקה,сенат,nouns,0.85
2317,כדור,сфера,nouns,2.2
2318,עץ,клен,nouns,2.8
2319,בית,амбар,nouns,1.15
2320,גג,пол,nouns,1.0
2321,במקור,творчески,adverbs,0.35
2322,לערבב,растворять,verbs,1.8
2323,חברה,предприятие,nouns,3.4
2324,בבהירות,значительно,adverbs,0.75
2325,לעולם לא,щедро,adverbs,0.45
2326,פגיע,удобный,adjectives,0.1
2327,מסטיק,мята,nouns,0.75
2328,מיליונר,бездомный,nouns,0.5
2329,ענן,туман,nouns,2.1
2330,נוכחות,дверь,nouns,0.25
2331,באופן מוזר,иначе,adverbs,0.85
2332,מסדרון,дверь,nouns,1.05
2333,חור,соглашение,nouns,0.0
2334,חזה,тело,nouns,1.5
2335,להתארס,жениться,verbs,1.9
2336,אמבטיה,шар,nouns,0.05
2337,בנחישות,спокойно,adverbs,0.4
2338,אקדח,нож,nouns,1.45
2339,פרה,коза,nouns,1.1
2340,הזמנה,меню,nouns,1.1
2341,מעוקל,агрессивный,adjectives,0.05
2342,ברידג',карта,nouns,1.2
2343,להמר,сделать ставку,verbs,2.65
2344,לשקר,отрицать,verbs,1.25
2345,ארכיאולוגיה,антропология,nouns,1.35
2346,מפרק,рука,nouns,1.6
2347,באקלר,щит,nouns,2.4
2348,גוף,грудь,nouns,1.5
2349,סינמטוגרפיה,режиссер,nouns,1.2
2350,מהדר,подпрограмма,nouns,1.9
2351,להבריק,сообщить,verbs,0.0
2352,תוף,рожок,nouns,0.8
2353,בנקאי,юрист,nouns,1.0
2354,מחשב נישא,лаптоп,nouns,5.45
2355,להעניש,ударять,verbs,1.4
2356,מלוכלך,дешевый,adjectives,0.4
2357,צוק,холм,nouns,2.25
2358,לסרב,принимать,verbs,0.45
2359,למכור,напоминать,verbs,0.05
2360,חרב,окружение,nouns,0.2
2361,שחקן,актриса,nouns,3.0
2362,להרים,повышать,verbs,1.55
2363,חסר ישע,нуждающийся,adjectives,2.85
2364,כותנה,полиэстер,nouns,0.85
2365,אישי,частный,adjectives,4.6
2366,בשלווה,с гордостью,adverbs,0.1
2367,אנרגיה,батарейка,nouns,1.95
2368,לגלות,изучать,verbs,2.5
2369,להפוך,делать,verbs,0.75
2370,משימה,пустяк,nouns,0.05
2371,מדבר,дюна,nouns,2.1
2372,תורה,книга,nouns,1.6
2373,לחנוק,убивать,verbs,2.35
2374,אל,священник,nouns,1.2
2375,כסף,жемчуг,nouns,0.6
2376,משוגע,безумный,adjectives,5.15
2377,מסגרת,удар,nouns,0.0
2378,ביולוגיה,биотоп,nouns,1.1
2379,בערך,минимально,adverbs,0.45
2380,תחפושת,бал,nouns,0.7
2381,פיקח,тупой,adjectives,0.5
2382,אכזר,несправедливый,adjectives,1.4
2383,בקתה,домик,nouns,4.25
2384,חימום מראש,подогрев,nouns,3.1
2385,באופן לא מדויק,точно,adverbs,0.5
2386,ילד,мужчина,nouns,1.35
2387,קמח,хлеб,nouns,1.4
2388,עתיק,новый,adjectives,0.5
2389,תמוה,странный,adjectives,4.45
2390,רוטב,яблоко,nouns,0.85
2391,לשמור,сохранить,verbs,2.2
2392,עדשה,фотоаппарат,nouns,1.45
2393,קיצוני,агрессивный,adjectives,1.2
2394,כתר,ключ,nouns,0.0
2395,רגל,голова,nouns,0.85
2396,להשאיל,нищенствовать,verbs,0.3
2397,רגיל,средний,adjectives,2.7
2398,להבהיל,преследовать,verbs,0.65
2399,למרוח,размазывать,verbs,2.8
2400,גמיש,покладистый,adjectives,1.65
2401,עסק,корпорация,nouns,3.35
2402,לנדוד,покидать,verbs,0.9
2403,לשמור,терять,verbs,0.4
2404,פנינה,деньги,nouns,0.6
2405,להצטרף,приобретать,verbs,0.25
2406,לנפץ,разбивать,verbs,5.0
2407,לנתח,оценивать,verbs,2.85
2408,בודד,бедный,adjectives,0.9
2409,איבר,почка,nouns,2.15
2410,לכוון,ударять,verbs,0.55
2411,סכין,ружье,nouns,1.45
2412,להגיע,посылать,verbs,0.55
2413,בהכרח,практически,adverbs,0.75
2414,פוטופון,омофон,nouns,0.6
2415,באופן שולי,грубо,adverbs,0.45
2416,יד,ноготь,nouns,1.2
2417,פוליטיקאי,полицейский,nouns,0.45
2418,בבגרות,бойко,adverbs,0.75
2419,סנט,размер,nouns,0.4
2420,בית,квартира,nouns,4.3
2421,כתף,тело,nouns,1.5
2422,שמיכה,постель,nouns,1.3
2423,לברר,думать,verbs,0.95
2424,ציבורי,частный,adjectives,0.5
2425,להחזיק,хранить,verbs,2.1
2426,אל,дух,nouns,1.6
2427,נטייה,инфекция,nouns,0.05
2428,יין,виски,nouns,2.55
2429,בעל,мужчина,nouns,2.8
2430,להזכיר,продавать,verbs,0.05
2431,גל,погода,nouns,0.55
2432,באופן מציאותי,недавно,adverbs,0.1
2433,דיסק,компьютер,nouns,1.2
2434,שמיים,мечта,nouns,0.6
2435,להכחיש,принимать,verbs,0.25
2436,להשיג,преуспевать,verbs,2.45
2437,דלת,присутствие,nouns,0.25
2438,לערבב,готовить,verbs,0.85
2439,לכווץ,уменьшаться,verbs,3.1
2440,מיטה,мебель,nouns,2.3
2441,ליקר,вино,nouns,2.2
2442,לחלוטין,действительно,adverbs,1.7
2443,שבועי,ежемесячный,adjectives,0.9
2444,ללכת,начинать,verbs,0.3
2445,מזג,врач,nouns,0.15
2446,ביוטופ,биология,nouns,1.1
2447,לקבל,достигать,verbs,1.55
2448,להחזיק,обнимать,verbs,1.05
2449,לשקר,притворяться,verbs,3.15
2450,סנט,жена,nouns,0.0
2451,לנשוך,читать,verbs,0.0
2452,אגודל,кисть,nouns,1.35
2453,עכבר,контейнер,nouns,0.0
2454,אוכלוסייה,народ,nouns,3.05
2455,לקבל,приобретать,verbs,1.6
2456,אלים,пассивный,adjectives,0.35
2457,בערך,надежно,adverbs,0.25
2458,ג'נטלמן,госпожа,nouns,1.5
2459,כיבוש,битва,nouns,1.9
2460,להצהיר,объявлять,verbs,4.55
2461,להתלונן,приносить,verbs,0.1
2462,בכנות,обычно,adverbs,0.1
2463,קורס,желудок,nouns,0.1
2464,קרן,солнце,nouns,1.5
2465,ללמוד,воспитывать,verbs,1.45
2466,לנתק,раскалывать,verbs,1.75
2467,להינשא,объединяться,verbs,2.35
2468,ביקורת,спор,nouns,1.35
2469,ציור,бунт,nouns,0.1
2470,חוף,канонерская лодка,nouns,0.7
2471,לבחון,осматривать,verbs,3.25
2472,לבכות,смеяться,verbs,0.45
2473,לעצור,ехать,verbs,0.5
2474,שומר,человек,nouns,0.85
2475,אוניברסיטה,кампус,nouns,1.9
2476,אדם חסכן,сбережения,nouns,1.0
2477,ניתוח,сердце,nouns,0.85
2478,דבש,молочные продукты,nouns,0.35
2479,לדבר,признавать,verbs,0.8
2480,עצוב,смешной,adjectives,0.5
2481,קצף,пузырь,nouns,1.85
2482,שלילי,никогда,adjectives,1.9
2483,להציל,тонуть,verbs,0.6
2484,להתערב,рисковать,verbs,2.65
2485,אובך,облако,nouns,2.1
2486,יחידה,армия,nouns,1.8
2487,חסר צורה,униформа,adjectives,0.1
2488,אפשרי,возможно,adverbs,4.3
2489,להשתנות,менять,verbs,2.3
2490,להעיד,судить,verbs,0.55
2491,לתלות,класть,verbs,0.8
2492,דעה,идея,nouns,2.35
2493,ברור,конечно,adverbs,3.05
2494,ברכות,твердо,adverbs,0.25
2495,להיפצע,падать,verbs,1.2
2496,לחשוב,решать,verbs,1.35
2497,פרח,выносливость,nouns,0.0
2498,שטח,регион,nouns,4.55
2499,מכונאי,работник,nouns,1.85
2500,משימה,женщина,nouns,0.0
2501,כביש,задача,nouns,0.1
2502,קומה,крыша,nouns,1.0
2503,טרי,широкий,adjectives,0.0
2504,כבוד,значки,nouns,0.8
2505,סעודה,курятина,nouns,0.7
2506,לקרוא,понимать,verbs,1.0
2507,לחוב,входить,verbs,0.0
2508,פרח,куст,nouns,1.75
2509,מיטה,одеяло,nouns,1.3
2510,להבהיר,определять,verbs,3.1
2511,לבקש,игнорировать,verbs,0.35
2512,משחק,веселье,nouns,1.35
2513,טלסקופ,стул,nouns,0.15
2514,פחמן,атом,nouns,1.7
2515,סערה,покрывало,nouns,0.4
2516,לנתח,сравнивать,verbs,2.6
2517,קובייה,игрушка,nouns,1.1
2518,סימן,символ,nouns,4.6
2519,נדיר,немой,adjectives,0.1
2520,דלת,подвал,nouns,0.75
2521,אחרת,странно,adverbs,0.85
2522,לתת,разрешать,verbs,2.15
2523,כנסייה,хор,nouns,1.4
2524,למסור,принимать,verbs,0.6
2525,שריר,рука,nouns,1.25
2526,נורא,грустно,adverbs,0.65
2527,מדען,медбрат,nouns,0.3
2528,מתמטיקאי,показ,nouns,0.05
2529,שמפניה,виски,nouns,1.6
2530,חגיגה,церемония,nouns,3.5
2531,להתווכח,соответствовать,verbs,0.55
2532,מפרק,кисть,nouns,2.0
2533,להגיע,приносить,verbs,0.55
2534,אפוקליפסה,пожар,nouns,1.05
2535,מייפל,дерево,nouns,2.8
2536,שמן,норка,nouns,0.35
2537,להרוג,вешать,verbs,1.5
2538,ערמומי,выносливый,adjectives,0.9
2539,צלחת,миска,nouns,3.05
2540,להחליט,представлять,verbs,0.7
2541,מסכן,одинокий,adjectives,0.9
2542,סרטן,болезнь,nouns,2.0
2543,לוחם,мужчина,nouns,1.6
2544,פרדס,страус,nouns,0.1
2545,להצדיק,подтверждать,verbs,2.8
2546,דלת,звонок,nouns,1.05
2547,מוט,флаг,nouns,1.1
2548,מרפאה,койка,nouns,1.0
2549,ספר,рукопись,nouns,1.55
2550,קרסול,кость,nouns,1.5
2551,עלה,саженец,nouns,1.35
2552,אלכוהול,виски,nouns,2.25
2553,באופן שולי,полностью,adverbs,0.45
2554,צר,длинный,adjectives,1.05
2555,רעש,грохот,nouns,4.7
2556,חתיך,парень,nouns,1.25
2557,אינטליגנציה,логика,nouns,2.55
2558,מיץ,яблоко,nouns,1.15
2559,משונה,нормальный,adjectives,0.55
2560,לילה,глава,nouns,0.05
2561,שבבים,курсор,nouns,0.25
2562,להציל,уничтожить,verbs,0.3
2563,תרנגולת,птица,nouns,1.95
2564,ביוגרפיה,роман,nouns,0.9
2565,דעה,предубеждение,nouns,2.7
2566,שטן,бог,nouns,1.1
2567,חלב,сок,nouns,0.85
2568,חשוף,покрытый,adjectives,0.55
2569,גדול,гибкий,adjectives,0.1
2570,שמח,злой,adjectives,0.5
2571,להשיג,пытаться,verbs,1.35
2572,לנשוך,драться,verbs,0.95
2573,קולנוע,телевидение,nouns,2.7
2574,מים,соль,nouns,0.75
2575,מוכר,национальный,adjectives,0.65
2576,דיסק,зарядное устройство,nouns,0.75
2577,מחלה,опасность,nouns,0.9
2578,להחזיר,приносить,verbs,0.65
2579,חצוף,грубый,adjectives,3.7
2580,אחוזה,скульптор,nouns,0.5
2581,להזכיר,сказать,verbs,1.35
2582,לטגן,печь,verbs,1.75
2583,מפתח,корона,nouns,0.0
2584,כאב,вред,nouns,1.55
2585,יוצא,приходящий,adjectives,0.6
2586,שחקן,тренер,nouns,0.95
2587,בהחלט,наверное,adverbs,0.8
2588,לתת,знать,verbs,0.2
2589,מכונית,датчик,nouns,0.85
2590,פרח,вера,nouns,0.05
2591,לשכנע,спорить,verbs,1.7
2592,עצוב,пристыженный,adjectives,1.0
2593,ברנדי,алкоголь,nouns,2.35
2594,חבורה,толпа,nouns,3.1
2595,תובע,адвокат,nouns,1.8
2596,לשכוח,напоминать,verbs,0.5
2597,לחבק,держать,verbs,1.05
2598,עצבני,молодой,adjectives,0.65
2599,באופן לא טבעי,отрицательно,adverbs,0.65
2600,לגנוב,приобретать,verbs,0.8
2601,רגש,настроение,nouns,2.75
2602,הודו,птица,nouns,2.0
2603,ללמד,наказать,verbs,0.5
2604,להשאיר,выселять,verbs,0.8
2605,אנתרופולוגיה,археология,nouns,1.35
2606,מאה,десятилетие,nouns,0.95
2607,עצם,мозг,nouns,0.85
2608,נורמלי,ненормальный,adjectives,0.55
2609,לפני,после,adverbs,0.5
2610,לעומק,в основном,adverbs,0.5
2611,מחלה,инфекция,nouns,2.75
2612,כדורסל,бейсбол,nouns,1.6
2613,שנה,юбилей,nouns,1.35
2614,מים,лед,nouns,2.4
2615,יהיר,гордый,adjectives,3.2
2616,בנדיבות,никогда,adverbs,0.45
2617,ציפורן,шляпка,nouns,0.95
2618,חילוק,умножение,nouns,1.3
2619,גאה,бедный,adjectives,0.15
2620,גלריה,адвокат,nouns,0.0
2621,זמר,хор,nouns,1.6
2622,מנהיג,мэр,nouns,3.55
2623,בוס,директор,nouns,5.05
2624,החלפה,замена,nouns,4.25
2625,אמבטיה,жена,nouns,0.05
2626,צבא,отряд,nouns,1.8
2627,מותן,желудок,nouns,0.7
2628,לעודד,отговаривать,verbs,0.55
2629,בגדים,ящик,nouns,0.9
2630,ראש,глава,nouns,3.55
2631,להרוס,спасти,verbs,0.3
2632,בית,ковер,nouns,0.9
2633,חשוב,официально,adverbs,0.85
2634,להתווכח,убеждать,verbs,1.7
2635,רקע,обои,nouns,2.55
2636,משולב,смешанный,adjectives,3.65
2637,תולעת משי,гусеница,nouns,2.6
2638,פעילות,движение,nouns,2.55
2639,ים,пляж,nouns,1.75
2640,מצב,злость,nouns,1.05
2641,ייתכן,оптимистически,adverbs,0.85
2642,להכריז,провозглашать,verbs,4.85
2643,חופשי,невинный,adjectives,0.1
2644,חרות,свобода,nouns,5.8
2645,מותר,легальный,adjectives,3.55
2646,מוניטור,экран,nouns,4.3
2647,ציפור,курица,nouns,1.95
2648,כריך,мясо,nouns,0.9
2649,תיאוריה,теорема,nouns,1.45
2650,כיבוש,путешествие,nouns,0.65
2651,להזהיר,останавливаться,verbs,0.6
2652,טריק,размер,nouns,0.05
2653,המנון,завоевание,nouns,0.25
2654,להגיע,собираться,verbs,1.0
2655,לתאר,решать,verbs,0.7
2656,להצטרף,добавлять,verbs,1.25
2657,להתעלם,исследовать,verbs,0.25
2658,לפקח,изучать,verbs,3.25
2659,מעטפה,украшение,nouns,0.3
2660,עשור,эпоха,nouns,1.75
2661,בערך,легко,adverbs,0.15
2662,כוכב,яркость,nouns,1.4
2663,נקי,безупречный,adjectives,3.8
2664,מרחק,перспектива,nouns,1.3
2665,לטגן,кипятить,verbs,1.2
2666,לסיים,выпуститься,verbs,1.95
2667,מורתח,варёный,adjectives,2.9
2668,באופן חריג,странно,adverbs,4.2
2669,לטפס,путешествовать,verbs,1.2
2670,פינה,область,nouns,0.65
2671,לשלוח,получать,verbs,0.5
2672,לימון,чай,nouns,0.9
2673,לצלוע,ходить,verbs,1.2
2674,להביא,восстанавливать,verbs,0.65
2675,למצוא,искать,verbs,1.4
2676,לבכות,рыдать,verbs,4.6
2677,מנוע,механизм,nouns,2.2
2678,לנצח,преуспевать,verbs,1.95
2679,לפגוש,покидать,verbs,0.35
2680,כתב יד,статья,nouns,2.85
2681,עור,велосипед,nouns,0.1
2682,חורף,сезон,nouns,1.7
2683,חצאית,часы,nouns,0.35
2684,כיף,игра,nouns,1.35
2685,להחזיק,держать,verbs,2.2
2686,דבורה,матка,nouns,1.3
2687,ילד,состояние,nouns,0.0
2688,לחלק,умножать,verbs,0.85
2689,מד,автомобиль,nouns,0.85
2690,להרגיז,отговаривать,verbs,0.45
2691,באופן עצמאי,ответственно,adverbs,0.75
2692,דוקטור,самообладание,nouns,0.15
2693,אל,жертва,nouns,0.2
2694,אוויר,гелий,nouns,1.75
2695,ציפורן,палец,nouns,1.5
2696,חוק,факультет,nouns,0.9
2697,אדן,гора,nouns,0.7
2698,חשבון,логика,nouns,1.25
2699,בחשאי,вежливо,adverbs,0.5
2700,לגדל,пить,verbs,0.0
2701,לקבל,назначать,verbs,0.55
2702,אסם,дом,nouns,1.15
2703,מריחואנה,трава,nouns,2.65
2704,להיכשל,проигрывать,verbs,2.3
2705,בדיוק,неаккуратно,adverbs,0.5
2706,מיטת תינוק,кроватка,nouns,4.2
2707,בטן,спальня,nouns,0.05
2708,חשמלי,сладкий,adjectives,0.0
2709,היסטריה,помрачение,nouns,1.55
2710,לזהור,сиять,verbs,4.4
2711,משעמם,усталый,adjectives,0.75
2712,נחמד,великодушный,adjectives,1.6
2713,אוטובוס,автотранспорт,nouns,1.9
2714,הוריקן,буря,nouns,4.0
2715,רעב,иссохший,adjectives,1.3
2716,שפה,общение,nouns,1.55
2717,רעב,усталый,adjectives,0.7
2718,מקטרת,сигара,nouns,2.45
2719,להקשיב,подчиняться,verbs,2.3
2720,באופן אחיד,иногда,adverbs,0.3
2721,מכנית,идеально,adverbs,0.2
2722,כימיה,теория,nouns,0.65
2723,להתחתן,обручаться,verbs,1.9
2724,מלוכה,демократия,nouns,0.85
2725,לשאת,родить,verbs,0.7
2726,סבולת,сила,nouns,2.75
2727,באופן חריג,обычно,adverbs,0.45
2728,שדה,овёс,nouns,1.4
2729,פסקה,страница,nouns,1.55
2730,הורה,отец,nouns,3.6
2731,שעועית,бекон,nouns,0.6
2732,קש,псалом,nouns,0.0
2733,תות,вишня,nouns,1.35
2734,לקרות,действовать,verbs,1.6
2735,חלק,острый,adjectives,0.5
2736,לבנים,тело,nouns,0.35
2737,סגסוגת,сталь,nouns,2.25
2738,סיעור מוחות,телескоп,nouns,0.0
2739,סוס,жеребенок,nouns,2.35
2740,תלמיד,учитель,nouns,1.2
2741,עגל,бык,nouns,2.4
2742,לדחות,избирать,verbs,0.2
2743,להבהיר,объяснять,verbs,3.6
2744,מטרה,победитель,nouns,0.65
2745,מוסר,легенда,nouns,0.45
2746,לאסור,останавливать,verbs,1.45
2747,חבר,мать,nouns,1.05
2748,שלפוחית,иллюстрация,nouns,0.0
2749,לכפול,делить,verbs,0.85
2750,לגעור,требовать,verbs,1.25
2751,בעיקר,глубоко,adverbs,0.5
2752,שביר,бесстрастный,adjectives,0.3
2753, בענווה,неудачно,adverbs,0.25
2754,קולנוע,попкорн,nouns,1.05
2755,צעצוע,куб,nouns,1.1
2756,מטופל,сессия,nouns,0.7
2757,משפט,вердикт,nouns,1.8
2758,מילה,газета,nouns,1.4
2759,מטחנה,семя,nouns,0.95
2760,חדש,неиспользуемый,adjectives,3.4
2761,קינמון,конфеты,nouns,0.8
2762,כפתור,одежда,nouns,1.3
2763,לימודים,юриспруденция,nouns,0.9
2764,להתפלל,просить,verbs,2.2
2765,קשה,трудный,adjectives,4.0
2766,תחזית,снег,nouns,1.05
2767,לרדוף,ловить,verbs,1.85
2768,להפסיק,ждать,verbs,0.85
2769,מדביר,вредитель,nouns,1.05
2770,כסף,капитал,nouns,4.25
2771,בעל,жена,nouns,1.2
2772,באופן לא טבעי,естественно,adverbs,0.5
2773,בנוחיות,легко,adverbs,1.65
2774,קל,тяжелый,adjectives,0.55
2775,שגוי,точный,adjectives,0.5
2776,רעיה,мать,nouns,2.2
2777,להבין,знать,verbs,1.55
2778,בישוף,архиепископ,nouns,2.9
2779,בחור,товарищ,nouns,1.55
2780,בקפידה,осторожно,adverbs,3.1
2781,גוף,плечо,nouns,1.5
2782,בברור,конечно,adverbs,3.2
2783,אטום,углерод,nouns,1.7
2784,להגיד,участвовать,verbs,0.6
2785,בחירה,выборы,nouns,2.65
2786,לריב,укусить,verbs,0.95
2787,זרוע,запястье,nouns,1.6
2788,חרד,нетерпеливый,adjectives,2.1
2789,באלגנטיות,красиво,adverbs,2.8
2790,נפוטיזם,король,nouns,0.75
2791,קבורה,смерть,nouns,1.8
2792,בוקר,день,nouns,1.65
2793,רגוע,нейтральный,adjectives,1.8
2794,מטבע,обмен,nouns,1.1
2795,עצם,челюсть,nouns,1.35
2796,זריחה,закат,nouns,1.3
2797,לנצח,доминировать,verbs,1.65
2798,אלכוהול,джин,nouns,2.15
2799,מגן,защита,nouns,2.4
2800,מבוגר,опекун,nouns,1.0
2801,אחרי,до,adverbs,0.5
2802,לשתות,выращивать,verbs,0.0
2803,רב,священник,nouns,1.6
2804,יציאה,избирательное право,nouns,0.0
2805,חיבור,домашнее задание,nouns,1.9
2806,יום הולדת,год,nouns,1.35
2807,תכנית,идея,nouns,1.95
2808,קבורה מחדש,гробница,nouns,1.5
2809,הורה,взрослый,nouns,1.8
2810,סרט,театр,nouns,1.25
2811,בר מזל,пристыженный,adjectives,0.05
2812,להתווכח,соглашаться,verbs,0.55
2813,לקבל,брать,verbs,1.1
2814,מצלמה,продолжение,nouns,0.0
2815,הססני,нейтральный,adjectives,1.0
2816,דבש,сахар,nouns,1.5
2817,אוויוניקה,воздухоплавание,nouns,1.65
2818,לבשל,жарить,verbs,1.7
2819,לוח שנה,праздник,nouns,1.15
2820,לחנך,учиться,verbs,1.45
2821,גובה,преобразование,nouns,0.45
2822,גינה,шланг,nouns,1.0
2823,בור,обычный,adjectives,0.1
2824,גדול,крупный,adjectives,4.65
2825,מגירה,одежда,nouns,0.9
2826,לעזוב,появляться,verbs,0.35
2827,לטאה,змея,nouns,1.45
2828,דגל,столб,nouns,1.1
2829,עליז,счастливый,adjectives,4.85
2830,הכנסה,налог,nouns,0.95
2831,לסגת,отвергать,verbs,1.05
2832,גדול,широкий,adjectives,1.8
2833,וריד,выбор,nouns,0.0
2834,מנצח,гол,nouns,0.65
2835,בהגינות,несправедливо,adverbs,0.6
2836,צער,стыд,nouns,0.9
2837,אבא,дочь,nouns,1.15
2838,אישה,секретарь,nouns,1.05
2839,נזיר,крест,nouns,1.35
2840,לספוג,учиться,verbs,1.05
2841,בחשיבות,серьезно,adverbs,2.55
2842,מילה,фраза,nouns,2.0
2843,משקה,пиво,nouns,2.15
2844,להבין,схватывать,verbs,3.2
2845,שריר,кость,nouns,0.8
2846,הכרחי,важный,adjectives,3.4
2847,להחליט,завершать,verbs,1.2
2848,צוואר,позвоночник,nouns,1.5
2849,ללכת,хромать,verbs,1.2
2850,לתפוס,получать,verbs,0.75
2851,שור,теленок,nouns,2.4
2852,מינק,мех,nouns,2.5
2853,שפע,изобилие,nouns,4.05
2854,לבחור,избирать,verbs,3.6
2855,צריף,убежище,nouns,1.6
2856,קיר,отделка,nouns,0.9
2857,דעה קדומה,шовинист,nouns,1.95
2858,מעולה,рассерженный,adjectives,0.55
2859,בלתי נסלח,внебрачный,adjectives,0.15
2860,קופסה,шляпа,nouns,0.3
2861,יומן,дата,nouns,1.6
2862,לבקש,умолять,verbs,3.75
2863,מתרגם,иностранец,nouns,0.65
2864,ללכת,позволять,verbs,0.15
2865,מחשב,диск,nouns,1.2
2866,רהיט,кровать,nouns,2.3
2867,סעודה,суп,nouns,1.4
2868,לשמור,владеть,verbs,2.1
2869,בצורת,вода,nouns,0.6
2870,לבדר,угождать,verbs,0.6
2871,קש,задача,nouns,0.05
2872,לסת,кость,nouns,1.35
2873,נכנס,уходящий,adjectives,0.6
2874,לפטופ,портативный компьютер,nouns,5.45
2875,לחפש,охотиться,verbs,1.75
2876,קומה,дверь,nouns,0.8
2877,מכני,электрический,adjectives,0.8
2878,אנטרופיה,информация,nouns,0.85
2879,שלם,законченный,adjectives,2.75
2880,רשמי,приличный,adjectives,0.65
2881,לבהות,щуриться,verbs,1.1
2882,רחב,свежий,adjectives,0.0
2883,לשלוח,идти,verbs,0.4
2884,לרסק,разгромить,verbs,5.0
2885,תיאטרון,фильм,nouns,1.25
2886,מבולגן,чистый,adjectives,0.45
2887,תרבות,общество,nouns,1.2
2888,ראש,гвоздь,nouns,0.95
2889,חריף,хороший,adjectives,0.8
2890,מצלמה,работник,nouns,0.35
2891,להיעלם,сжиматься,verbs,1.35
2892,וירוס,кровь,nouns,0.95
2893,הזיה,реальность,nouns,0.9
2894,בשר,хлеб,nouns,0.65
2895,מקרה,аппара́тное обеспече́ние,nouns,0.4
2896,מבולגן,организованный,verbs,0.5
2897,בית דין,справедливость,nouns,1.95
2898,לספק,угождать,verbs,2.8
2899,קורבן,телефон,nouns,0.15
2900,אישה,мех,nouns,0.4
2901,להסכים,различаться,verbs,0.55
2902,משחק,действие,nouns,2.35
2903,נץ,птица,nouns,2.0
2904,בייקון,боб,nouns,0.6
2905,ענן,мгла,nouns,1.85
2906,מאמר,рукопись,nouns,2.85
2907,מלוכלך,узкий,adjectives,0.0
2908,לקחת,воспользоваться,verbs,1.05
2909,קשוח,жестокий,adjectives,1.85
2910,שמלה,танец,nouns,0.7
2911,חדר,кровать,nouns,0.8
2912,לשפוט,решать,verbs,1.6
2913,בעוצמה,открыто,adverbs,0.45
2914,עובד,фотоаппарат,nouns,0.35
2915,ללמד,воспитывать,verbs,3.4
2916,לסיים,соревноваться,verbs,0.1
2917,להגיע,покидать,verbs,0.45
2918,נהג,пилот,nouns,2.05
2919,נועז,гордый,adjectives,0.95
2920,בכנות,честно говоря,adverbs,4.9
2921,כתבה,журнал,nouns,1.65
2922,מטבח,ванная,nouns,1.1
2923,בטן,живот,nouns,4.7
2924,שחר,ночь,nouns,1.1
2925,אינטליגנציה,невежество,nouns,0.7
2926,מעי,хладнокровие,nouns,1.2
2927,פאון,актер,nouns,0.6
2928,כרכרה,автомобиль,nouns,1.45
2929,לצחוק,петь,verbs,0.45
2930,להאשים,судить,verbs,2.75
2931,אמורפי,бесформенный,adjectives,4.55
2932,זרבובית,жидкость,nouns,0.45
2933,בנחישות,мягко,adverbs,0.25
2934,ליצור,разрушать,verbs,0.55
2935,חלון,лодыжка,nouns,0.0
2936,מיקרוסקופ,биолог,nouns,1.1
2937,בקביעות,иногда,adverbs,0.8
2938,זרוע,кость,nouns,1.1
2939,בקלות,грубо,adverbs,0.15
2940,פושע,правонарушитель,nouns,5.2
2941,במדוייק,активно,adverbs,0.65
2942,כועס,довольный,adjectives,0.55
2943,גשם,метель,nouns,1.2
2944,למות,закапывать,verbs,1.0
2945,לבלוע,хлебать,verbs,2.85
2946,פיתוח,сбор пожертвований,nouns,0.4
2947,לחוב,одалживать,verbs,1.5
2948,הרמוניה,пианино,nouns,0.75
2949,לפצל,отрывать,verbs,1.75
2950,צופן,символ,nouns,1.65
2951,אי,флот,nouns,0.55
2952,טוב,пряный,adjectives,0.8
2953,באמת,важно,adverbs,0.5
2954,לבצע,достигать,verbs,1.1
2955,נפלא,великолепный,adjectives,4.75
2956,המרה,высота,nouns,0.45
2957,ארוחה,бутерброд,nouns,1.35
2958,נשיא,политик,nouns,2.2
2959,רענן,недавний,adjectives,2.7
2960,רפובליקה,герцог,nouns,0.6
2961,אחיין,тетя,nouns,1.05
2962,בן,отец,nouns,1.45
2963,לסלוח,понимать,verbs,1.6
2964,באופן אחראי,независимо,adverbs,0.75
2965,מדהים,грязный,adjectives,0.15
2966,לכפול,складывать,verbs,0.8
2967,אחות,ученый,nouns,0.3
2968,לצרף,смешивать,verbs,4.0
2969,להתמוסס,смешивать,verbs,1.8
2970,עניין,осведомленность,nouns,1.15
2971,בשר,кровь,nouns,1.3
2972,ברכות,громко,adverbs,0.25
2973,גג,окно,nouns,1.05
2974,לקבל,терять,verbs,0.4
2975,סמן,чип,nouns,0.25
2976,פלדה,сплав,nouns,2.25
2977,סל,мяч,nouns,0.9
2978,סכנה,болезнь,nouns,0.9
2979,מדים,бесформенный,adjectives,0.1
2980,פול,кофе,nouns,1.1
2981,בד,лен,nouns,2.25
2982,פרצטמול,бронхит,nouns,1.05
2983,מטען,диск,nouns,0.75
2984,מאמר,книга,nouns,1.5
2985,לעצור,предупреждать,verbs,0.6
2986,כישרון,писатель,nouns,1.05
2987,קול ,акустика,nouns,2.8
2988,דגל,изучение флагов,nouns,1.35
2989,עורך דין,галерея,nouns,0.0
2990,שמח,молодой,adjectives,0.45
2991,בית,ключ,nouns,1.05
2992,לטבוע,спасти,verbs,0.6
2993,ייתכן,скорее всего,adverbs,4.3
2994,כדורגל,американский футбол,nouns,2.75
2995,תא הטייס,штурман,nouns,0.9
2996,ילד,партнер,nouns,0.9
2997,בירה,шампанское,nouns,1.65
2998,כדור,пушка,nouns,1.1
2999,זועם,нерешительный,adjectives,0.6
3000,הרחק,домой,adverbs,0.65
3001,נדיר,редкий,adjectives,1.55
3002,מורה,преподаватель,nouns,4.6
3003,לעשות,происходить,verbs,1.6
3004,תחום,граница,nouns,4.35
3005,חייל,мальчик,nouns,0.95
3006,לשכנע,добиваться,verbs,0.8
3007,חומצה,основание,nouns,0.65
3008,מחשב,машина,nouns,1.9
3009,סטודנט,ученик,nouns,5.3
3010,משכורת,деньги,nouns,3.2
3011,לשון,щека,nouns,1.15
3012,להרשות,позволять,verbs,4.95
3013,חופש,цензура,nouns,0.85
3014,כובע,коробка,nouns,0.3
3015,בעצב,безумно,adverbs,0.65
3016,יד,запястье,nouns,2.0
3017,ציטופלזמה,цифра,nouns,0.25
3018,גג,потолок,nouns,3.05
3019,לקדם,продвигаться,verbs,1.7
3020,מקצוע,колледж,nouns,0.95
3021,קצב,арифметика,nouns,0.2
3022,בכנות,никогда,adverbs,0.0
3023,משמים,скучный,adjectives,3.8
3024,מכונית,мост,nouns,0.6
3025,עיירה,город,nouns,3.4
3026,אינטואיציה,чувство,nouns,4.2
3027,לעצור,запрещать,verbs,1.45
3028,זר,переводчик,nouns,0.65
3029,פונולוגיה,экран,nouns,0.15
3030,הכתרה,воды,nouns,0.05
3031,בעצם,критично,adverbs,0.25
3032,עורך דין,прокурор,nouns,1.8
3033,להוסיף,соединять,verbs,1.25
3034,טלויזיה,сценарист,nouns,1.15
3035,להיכשל,обескураживать,verbs,0.45
3036,אלוף,победитель,nouns,4.2
3037, לנער,размешать,verbs,1.8
3038,לשרוף,душить,verbs,0.35
3039,עצום,тупой,adjectives,0.1
3040,נזיר,священник,nouns,3.5
3041,שיניים,кость,nouns,1.45
3042,פסל,особняк,nouns,0.5
3043,להחזיק,поглощать,verbs,0.3
3044,אוהד,крикет,nouns,0.3
3045,מתכת,алюминий,nouns,2.0
3046,מסורת,ремесло,nouns,0.9
3047,חקלאות,монокультура,nouns,0.8
3048,בוודאי,локально,adverbs,0.1
3049,אנושות,практически,adverbs,0.25
3050,קרסול,окно,nouns,0.0
3051,להפוך,организовывать,verbs,0.7
3052,זרם,река,nouns,1.8
3053,אווירונאוטיקה,авионики,nouns,1.65
3054,פוליאסטר,хлопок,nouns,0.85
3055,כסף,наличные,nouns,3.5
3056,עוזר,наставник,nouns,1.85
3057,טיול,путешествие,nouns,4.25
3058,להמתין,приостанавливаться,verbs,0.85
3059,מכונית,улица,nouns,0.95
3060,זרוע,плечо,nouns,1.65
3061,מבוהל,в восторге,adjectives,0.7
3062,אף,горло,nouns,1.05
3063,מטבח,дверь,nouns,0.85
3064,שחקן,певец,nouns,1.4
3065,לעזוב,присоединиться,verbs,0.5
3066,קיסר,конституция,nouns,0.5
3067,דיכאון,долина,nouns,0.0
3068,נורא,плохой,adjectives,3.9
3069,תלמיד,президент,nouns,0.35
3070,תלותי,беспомощный,adjectives,2.85
3071,רצפה,потолок,nouns,0.9
3072,תשלום,вознаграждение,nouns,4.25
3073,חומרה,дело,nouns,0.4
3074,ללא רבב,чистый,adjectives,3.8
3075,להיכנס,задолжать,verbs,0.0
3076,רמז,слово,nouns,0.4
3077,מבושל,кипячёный,adjectives,2.9
3078,לאסוף,встряхивать,verbs,0.1
3079,לחקור,игнорировать,verbs,0.25
3080,להגיד,подтверждать,verbs,0.7
3081,רובוטיקה,симуляция,nouns,1.05
3082,פרוזדור,проход,nouns,4.15
3083,מילה,страница,nouns,1.0
3084,קשוח,ловкий,adjectives,0.9
3085,גיבור,героиня,nouns,3.1
3086,אוטו,автомобиль,nouns,5.8
3087,דבורה,муравей,nouns,1.0
3088,שפעת,жар,nouns,1.3
3089,להצטרף,участвовать,verbs,1.95
3090,אקוסטיקה,звук,nouns,2.8
3091,אסיפה,собрание,nouns,4.7
3092,מעוקל,кривой,adjectives,4.75
3093,ביהביוריזם,терапия,nouns,0.9
3094,סלע,мина,nouns,0.9
3095,לשרוק,останавливаться,verbs,0.1
3096,באופן יצירתי,первоначально,adverbs,0.35
3097,תיל,провод,nouns,3.95
3098,גלוי,очевидный,adjectives,2.35
3099,חבוי,открытый,adjectives,0.65
3100,חושש,встревоженный,adjectives,4.25
3101,הכחשה,признание,nouns,0.4
3102,לנחם,унижать,verbs,0.4
3103,סכום,соединение,nouns,2.45
3104,בקר,бык,nouns,3.35
3105,מטומטם,редкий,adjectives,0.1
3106,כדור,ракетка,nouns,1.25
3107,פסיכולוגיה,наука,nouns,1.8
3108,מיטה,стул,nouns,0.7
3109,מזומן,деньги,nouns,3.5
3110,לרכב,шаркать,verbs,0.5
3111,לדחות,отодвигать,verbs,1.05
3112,ישר,изогнутый,adjectives,0.55
3113,לשחוק,разрешать,verbs,0.05
3114,ערב,закат,nouns,2.15
3115,להדפיס,игнорировать,verbs,0.1
3116,דובדבן,клубника,nouns,1.35
3117,לפספס,ударять,verbs,0.5
3118,חדש,свежий,adjectives,3.45
3119,לכלול,включать,verbs,2.8
3120,מסוק,самолет,nouns,2.15
3121,זהב,цинк,nouns,1.0
3122,עקשן,глупый,adjectives,0.75
3123,פטרוזיליה,маффин,nouns,0.5
3124,תנור חימום,зонтик,nouns,0.55
3125,מונית,автобус,nouns,1.55
3126,סירה,автомобиль,nouns,1.1
3127,להכחיש,соглашаться,verbs,0.1
3128,חיישן,радиатор,nouns,0.6
3129,להשיג,завершать,verbs,1.1
3130,מדים,вязание,nouns,0.35
3131,עיתון,статья,nouns,1.65
3132,סערה,ураган,nouns,4.0
3133,קיבה,талия,nouns,0.7
3134,סיפון,мышь,nouns,0.45
3135,לבזבז,копить,verbs,0.55
3136,תקרה,крыша,nouns,3.05
3137,תפוח,сок,nouns,1.15
3138,מוזר,скрытный,adjectives,1.0
3139,חוט,нить,nouns,4.0
3140,נמרצות,счастливо,adverbs,0.35
3141,מלון,квартира,nouns,1.2
3142,ארוחה,талия,nouns,0.4
3143,מילון,энциклопедия,nouns,2.15
3144,להישאר,сохранять,verbs,0.95
3145,חצוף,громкий,adjectives,0.9
3146,בית,государство,nouns,0.9
3147,דאגה,осторожность,nouns,2.15
3148,נורא,печальный,adjectives,1.0
3149,לשתות,перемешать,verbs,0.5
3150,מכוער,грубый,adjectives,1.35
3151,לרכוש,объединяться,verbs,0.25
3152,אור,клавиатура,nouns,0.0
3153,לעזוב,игнорировать,verbs,0.7
3154,מכונית,машина,nouns,5.8
3155,עמוס,тяжелый,adjectives,2.0
3156,דוקטור,дантист,nouns,4.95
3157,מעיל,шляпа,nouns,0.9
3158,להודיע,признавать,verbs,0.95
3159,לא ברור,смутный,adjectives,3.95
3160,לתת,красть,verbs,0.4
3161,אפשרי,невозможный,adjectives,0.65
3162,כאוס,анархия,nouns,4.5
3163,אגדה,мораль,nouns,0.45
3164,להרתיח,жарить,verbs,1.2
3165,עמק,депрессия,nouns,0.0
3166,נקי,аккуратный,adjectives,3.4
3167,באופן פסיבי,молча,adverbs,1.4
3168,ללכת,приходить,verbs,1.25
3169,להגדיר,уточнить,verbs,3.1
3170,ים,дельта,nouns,0.85
3171,לעצור,контролировать,verbs,0.55
3172,שר,раввин,nouns,1.6
3173,בירה,алкоголь,nouns,2.2
3174,גוף,кровь,nouns,1.0
3175,צינור,автомобиль,nouns,0.65
3176,קריסטל,стекло,nouns,2.55
3177,ריקוד,платье,nouns,0.7
3178,דשא,мох,nouns,1.65
3179,ביטוי,слово,nouns,2.0
3180,היעדרות,пристуствие,nouns,0.75
3181,טוב,посредственный,adjectives,0.95
3182,פעולה,курс,nouns,1.35
3183,ויזה,глобализм,nouns,0.55
3184,אמבטיה,шалость,nouns,0.0
3185,ניהיליזם,фильм,nouns,0.15
3186,מיטה,комната,nouns,0.8
3187,מיוחד,ценный,adjectives,2.6
3188,תפריט,заказ,nouns,1.1
3189,נשיא,ученик,nouns,0.35
3190,צעיר,счастливый,adjectives,0.45
3191,מלהיב,скучный,adjectives,0.5
3192,להיכנס,покидать,verbs,0.45
3193,פרח,фиалка,nouns,2.3
3194,אביב,гейзер,nouns,0.1
3195,להפסיד,сохранять,verbs,0.4
3196,איום,плохой,adjectives,3.65
3197,צר,грязный,adjectives,0.0
3198,קיר,замок,nouns,1.0
3199,מצב,мальчик,nouns,0.0
3200,סגן,офицер,nouns,2.2
3201,מיד,скоро,adverbs,1.9
3202,אי,полуостров,nouns,1.95
3203,אופן,привычка,nouns,4.15
3204,טופולוגיה,структура,nouns,2.6
3205,חלש,пряный,adjectives,0.1
3206,בגאווה,смиренно,adverbs,0.6
3207,אמון,настрой,nouns,1.15
3208,לרדוף,попугать,verbs,0.65
3209,להתלונן,ругаться,verbs,1.3
3210,אינטליגנטי,тупой,adjectives,0.5
3211,המולה,шум,nouns,4.7
3212,מנוע,двигатель,nouns,5.45
3213,לסדר,организовывать,verbs,4.75
3214,מכונה,компьютер,nouns,1.9
3215,ייאוש,бедствование,nouns,2.35
3216,אם,отец,nouns,1.75
3217,זרוע,нога,nouns,1.25
3218,אי,пляж,nouns,1.0
3219,מסע,завование,nouns,0.65
3220,טחב,трава,nouns,1.65
3221,אוכל,программа,nouns,0.5
3222,מקלט,хижина,nouns,1.6
3223,בדרך כלל,ненормально,adverbs,0.45
3224,עץ,камень,nouns,0.5
3225,משרה,управление,nouns,1.25
3226,מוזיקה,флейта,nouns,1.15
