ID,HEB,POL,PoS,score
1,לפספס,uderzyć,verbs,0.55
2,מצב,gniew,nouns,1.05
3,להפוך,wydawać się,verbs,0.3
4,אם,tata,nouns,1.7
5,רע,kumpel,nouns,5.2
6,מעיל,sweter,nouns,1.45
7,שחר,dzień,nouns,2.05
8,נשיא,zanieczyszczenie,nouns,0.15
9,לוחמנות,walka,nouns,2.95
10,לא חוקי,prawowity,adjectives,0.5
11,חבורה,tłum,nouns,3.15
12,בנחישות,spokojnie,adverbs,0.5
13,אישה,mąż,nouns,1.2
14,בוודאי,dyskretnie,adverbs,0.1
15,רופא,ortodonta,nouns,3.0
16,כיתה,koledż,nouns,1.0
17,בעדינות,obecnie,adverbs,0.0
18,פרופסור,student,nouns,0.85
19,מפוחד,niepewny,adjectives,1.65
20,להיפגש,gromadzić się,verbs,4.9
21,שקרן,prawdomówny,adjectives,0.5
22,גיהנום,zaświaty,nouns,2.15
23,זיהום,atmosfera,nouns,0.5
24,מכונית,most,nouns,0.4
25,להכחיש,przyznawać,verbs,0.5
26,חלב,sok,nouns,1.05
27,חדר,budynek,nouns,1.15
28,בושה,smutek,nouns,0.8
29,בחוכמה,dojrzale,adverbs,1.85
30,ישן,mieszany,adjectives,0.05
31,ביקורת,argument,nouns,1.3
32,טלפון,budka,nouns,0.95
33,נרגש,wystraszony,adjectives,0.85
34,טהור,skromny,adjectives,1.0
35,עבד,służący,nouns,3.95
36,גלובוס,świat,nouns,4.15
37,דירה,dom,nouns,4.6
38,לקחת,dostarczać,verbs,0.65
39,מאוד,jasno,adverbs,0.4
40,גודל,rozmiar,nouns,4.6
41,אחרי,przed,adverbs,0.7
42,מושחת,nielegalny,adjectives,1.85
43,טיסה,lotnictwo,nouns,2.45
44,בועה,mydliny,nouns,1.85
45,לאסוף,gromadzić,verbs,5.3
46,להרגיז,zgadywać,verbs,0.2
47,תקרה,katedra,nouns,0.65
48,מטומטם,bystry,adjectives,0.5
49,בעצם,krytycznie,adverbs,0.5
50,דיון,argument,nouns,1.8
51,לצלוע,chodzić,verbs,1.15
52,לעשות,konstruować,verbs,3.05
53,ברנדי,wino,nouns,1.85
54,מדהים,brudny,adjectives,0.15
55,בענווה,dumnie,adverbs,0.6
56,להגיע,gromadzić się,verbs,1.8
57,לא צפוי,nieoczekiwany,adjectives,5.25
58,באמת,perfekcyjnie,adverbs,1.25
59,בן,dziecko,nouns,3.45
60,פאון,aktor,nouns,0.6
61,מנהיג,menadżer,nouns,3.65
62,להילחם,zabić,verbs,1.0
63,דיפלומטיה,negocjacja,nouns,2.15
64,פשוט,skomplikowany,adjectives,0.4
65,שארית,różnica,nouns,1.65
66,להקשיב,mówić,verbs,0.9
67,טלפון,ofiara,nouns,0.15
68,דעה,przekonanie,nouns,3.75
69,לבנים,ciało,nouns,0.35
70,משרד,robotnik,nouns,0.75
71,עובדה,wgląd,nouns,1.9
72,להתכוון,spróbować,verbs,1.4
73,סמטה,ulica,nouns,3.4
74,בטבעיות,chicho,adverbs,0.2
75,לקלקל,śmierdzieć,verbs,0.65
76,ספינת מלחמה,drednot,nouns,4.75
77,מטריצה,cząsteczka,nouns,0.2
78,עתיק,współczesny,adjectives,0.5
79,גבר,triumfator,nouns,0.55
80,להצדיק,myśleć,verbs,0.8
81,לעולם לא,później,adverbs,0.65
82,משימה,szosa,nouns,0.05
83,חירום,wypadek,nouns,2.4
84,להבהיר,tłumaczyć,verbs,4.95
85,פרצטמול,bronchit,nouns,0.9
86,מיותר,konieczny,adjectives,0.55
87,יופי,sonet,nouns,0.3
88,ברזל,witamina,nouns,1.4
89,לרכוש,dostać,verbs,1.7
90,נייר,plakat,nouns,1.95
91,לבזבז,martwić,verbs,0.1
92,מד,samochód,nouns,0.4
93,כריך,obiad,nouns,1.0
94,מוטציה,socjobiologia,nouns,0.55
95,דוקטור,dentysta,nouns,4.65
96,זול,brudny,adjectives,0.45
97,משחק,akcja,nouns,1.95
98,משימה,praca,nouns,3.4
99,לדאוג,marnować,verbs,0.1
100,נורא,zły,adjectives,4.05
101,גלובליזם,wiza,nouns,0.35
102,לדחוף,ciągnąć,verbs,0.75
103,לעומק,znacząco,adverbs,2.35
104,מצלמה,prezydent,nouns,0.05
105,ביוגרפיה,fikcja,nouns,0.55
106,עוגן,łódź,nouns,1.2
107,חיסכון,ciułacz,nouns,1.15
108,דשא,korzeń,nouns,0.85
109,חצוף,agresywny,adjectives,1.75
110,שותף,facet,nouns,2.1
111,לשחות,spotykać,verbs,0.05
112,לעגני,wzgardliwy,adjectives,3.7
113,הלילה,dzisiaj,adverbs,1.9
114,ערפל,deszcz,nouns,1.4
115,מיטה,szpital,nouns,0.65
116,מוות,katastrofa,nouns,2.05
117,היעדרות,obecność,nouns,0.5
118,לדחות,unikać,verbs,1.4
119,עליונות,wszechmoc,nouns,1.9
120,מיליונר,dolar,nouns,0.85
121,לרצות,zgadzać się,verbs,0.9
122,סכנה,dolegliwość,nouns,0.75
123,להעניש,uczyć,verbs,0.5
124,מצלמה,kontynuacja,nouns,0.0
125,לפעמים,jednorodnie,adverbs,0.25
126,באופן מקומי,oczywiście,adverbs,0.1
127,לבנות,robić,verbs,3.05
128,פיתוח,kwestowanie,nouns,0.45
129,צנוע,giętki,adjectives,0.1
130,כאוס,anarchia,nouns,4.6
131,עיתון,słowo,nouns,0.95
132,למצוא,szukać,verbs,1.15
133,גובה,konwersja,nouns,0.65
134,להגן,zabić,verbs,0.55
135,טלסקופ,burza mózgów,nouns,0.0
136,מזג,doktor,nouns,0.0
137,לערבב,pić,verbs,0.5
138,כאב,krzywda,nouns,2.45
139,סוסון,koń,nouns,2.8
140,פיכח,pijany,adjectives,0.5
141,להרגיש,wierzyć,verbs,1.35
142,דם,wirus,nouns,0.8
143,רגיל,przeciętny,adjectives,3.15
144,יום,świt,nouns,2.05
145,מטר,jard,nouns,2.75
146,לדעת,zapominać,verbs,0.5
147,אי,marynarka,nouns,0.25
148,להיעלם,kurczyć się,verbs,2.05
149,ביושר,szczerze,adverbs,5.2
150,נורא,głośno,adverbs,0.4
151,גיטרה,pstrąg,nouns,0.05
152,תורה,hymn,nouns,0.55
153,עליון,piąty,adjectives,0.25
154,טלויזיה,komunikacja,nouns,1.6
155,כביש,zadanie,nouns,0.05
156,לתת,otrzymywać,verbs,1.1
157,שפע,obfitość,nouns,3.95
158,למצוא,uciec,verbs,0.4
159,לשחוק,zezwalać,verbs,0.05
160,סמל,pistolet,nouns,0.35
161,לזהור,świecić,verbs,4.45
162,סיפון,podłoga,nouns,2.3
163,צבא,legion,nouns,2.95
164,מטומטם,głupi,adjectives,5.15
165,תא,telefon,nouns,0.95
166,צמחייה,natura,nouns,2.7
167,תשלום,wynagrodzenie,nouns,5.0
168,נחמד,okrutny,adjectives,0.4
169,לטאה,wąż ,nouns,1.25
170,קצין,deputowany,nouns,1.9
171,ממתק,jabłko,nouns,0.8
172,מעוקל,zakrzywiony,adjectives,4.7
173,הערה,zlecenie,nouns,0.65
174,בהירות,gwiazda,nouns,1.25
175,דת,sekularysta,nouns,0.6
176,קסנופוביה,rasizm,nouns,2.5
177,לרדוף,złapać,verbs,1.35
178,מכני,elektryczny,adjectives,0.85
179,בצדקנות,dojrzale,adverbs,1.2
180,ליצור,budować,verbs,4.2
181,מותן,żołądek,nouns,0.55
182,שיבולת שועל,pole,nouns,1.5
183,גודל,głębia,nouns,1.65
184,להפוך,organizować,verbs,0.6
185,סרט,teatr,nouns,1.35
186,מזוייף,prawdziwy,adjectives,0.5
187,לפזול,razić,verbs,0.75
188,פשע,atak,nouns,2.3
189,סטטיסטיקה,tenis,nouns,0.15
190,זרוע,szyja,nouns,0.8
191,עצום,tępy,adjectives,0.1
192,סופית,inaczej,adverbs,0.4
193,סעודה,zupa,nouns,1.7
194,להלוות,być dłużnym,verbs,2.1
195,לחלק,mnożyć,verbs,0.9
196,לקבל,odmawiać,verbs,0.45
197,אל,ofiara,nouns,0.05
198,להגיע,przynieść,verbs,0.3
199,ללכת,sprzedawać,verbs,0.05
200,לדרוש,ganić,verbs,1.7
201,אישה,dżinsy,nouns,0.3
202,קש,hymn,nouns,0.0
203,מתוחכם,dojrzały,adjectives,1.3
204,להריח,psuć,verbs,0.65
205,ייחודי,przeciwny,adjectives,0.3
206,נושא,opowieść,nouns,1.15
207,לתפוס,ścigać,verbs,1.35
208,תמימות דעים,waluta,nouns,0.6
209,אומניפוטנטיות,supremacja,nouns,1.9
210,הדיינות,dyplomacja,nouns,2.15
211,קומביין,trzcina cukrowa,nouns,0.3
212,בלתי נסלח,pozamałżeński,adjectives,0.2
213,באופן שולי,pobieżnie,adverbs,1.0
214,דעה,pomysł,nouns,2.05
215,רושם,przekonanie,nouns,1.45
216,תמיד,dwukrotnie,adverbs,0.5
217,קולנוע,opera,nouns,1.65
218,חסר צורה,amorficzny,adjectives,5.45
219,ספר,manuskrypt,nouns,2.1
220,לאומי,znany,adjectives,0.85
221,מאמר,manuskrypt,nouns,1.7
222,להניח,wisieć,verbs,0.7
223,דבורה,insekt,nouns,2.35
224,קשת,zwiadowca,nouns,0.85
225,ללכוד,naśladować,verbs,0.15
226,להאמין,wiedzieć,verbs,0.5
227,אלים,miękki,adjectives,0.35
228,כדור,działo,nouns,0.55
229,בן,ojciec,nouns,1.1
230,זחל,jedwabnik,nouns,2.65
231,קל,duży,adjectives,0.35
232,רקע,tapeta,nouns,3.2
233,עצוב,straszny,adjectives,0.8
234,גבר,ojciec,nouns,2.65
235,בור,regularny,adjectives,0.05
236,מסכן,samotny,adjectives,1.2
237,מפתח,dom ,nouns,0.75
238,תלמיד,student,nouns,4.85
239,סיפון,łódź,nouns,1.95
240,פרק,noc,nouns,0.05
241,פסגה,bok,nouns,0.4
242,לשמור,posiadać,verbs,2.45
243,לשרוק,zatrzymywać,verbs,0.15
244,מוכר,zdrowy,adjectives,0.45
245,מלוכלך,tani,adjectives,0.45
246,עסוק,leniwy,adjectives,0.4
247,דשא,mech,nouns,1.45
248,חופש,wolność,nouns,5.35
249,בחור,ogier,nouns,1.2
250,רע,straszny,adjectives,2.95
251,נייד,giętki,adjectives,1.15
252,לדעת,rozumieć,verbs,2.5
253,מיטה,pokój,nouns,0.6
254,חולי,infekcja,nouns,2.55
255,מזכירה,kobieta,nouns,1.6
256,לרצות,pożyczać,verbs,0.35
257,דומה,jednakowy,adjectives,3.6
258,רע,świetny,adjectives,0.45
259,מאה,dekada,nouns,1.15
260,גדול,ogromny,adjectives,5.45
261,אנשים,przyjęcie,nouns,1.0
262,להתכנס,uczęszczać,verbs,1.8
263,לאשר,powiadamiać,verbs,0.9
264,לסמן,oceniać,verbs,1.3
265,שחמט,szach,nouns,2.9
266,קצב,melodia,nouns,2.8
267,ציקלון,tajfun,nouns,4.35
268,לטייל,wspinać się,verbs,1.3
269,נוסחה,rejestr,nouns,0.65
270,מילון,definicja,nouns,1.55
271,מוזר,dziwaczny,adjectives,5.25
272,צעצוע,sześcian,nouns,0.8
273,קבורה,śmierć,nouns,1.75
274,סגן,funkcjonariusz,nouns,1.9
275,לקרות,wydarzyć się,verbs,4.5
276,מנגינה,muzyka,nouns,3.75
277,לנחש,irytować,verbs,0.2
278,חלון,drzwi,nouns,1.25
279,עורך דין,galeria,nouns,0.0
280,באופן מדהים,wielce,adverbs,0.6
281,גיטרה,skrzypce,nouns,1.75
282,תעופה,lot,nouns,2.45
283,ללכוד,złapać,verbs,5.5
284,מסורת,rękodzieło,nouns,0.55
285,ללכת,odchodzić,verbs,2.15
286,דלת,dzwon,nouns,0.65
287,להרשות,dać,verbs,2.25
288,ערמומי,dziwny,adjectives,0.35
289,לפנות,opuścić,verbs,2.85
290,זרע,młyn,nouns,0.5
291,לחבוט,uszczypnąć,verbs,0.35
292,להרוס,konstruować,verbs,0.5
293,מייפל,drzewo,nouns,2.7
294,ביוטופ,biologia,nouns,1.0
295,להביא,wysyłać,verbs,0.55
296,טלפון,komórka,nouns,4.85
297,דמוקרטיה,monarchia,nouns,1.1
298,עומק,wielkość,nouns,1.65
299,חוף,wyspa,nouns,1.5
300,התזה,lepkość,nouns,0.25
301,רגוע,neutralny,adjectives,1.55
302,יומן,data,nouns,1.45
303,בגאווה,pokornie,adverbs,0.6
304,גל,pogoda,nouns,0.35
305,להניח,dać,verbs,0.6
306,אמא,żona,nouns,1.8
307,לתפוס,uwalniać,verbs,0.5
308,זרוע,kolano,nouns,1.05
309,שפה,komunikacja,nouns,2.25
310,להטות,wpłynąć,verbs,3.3
311,סוכר,miód,nouns,1.2
312,חום,grypa,nouns,1.45
313,להתחרות,skończyć,verbs,0.15
314,מטרה,strzała,nouns,0.9
315,הנהלה,administracja,nouns,3.05
316,מחשב,maszyna,nouns,3.2
317,להדפיס,ignorować,verbs,0.1
318,חופש,cenzura,nouns,0.5
319,להתארס,poślubić,verbs,1.45
320,סבולת,kwiat,nouns,0.0
321,בהרס,pokojowo,adverbs,0.2
322,כדור,rękawica,nouns,0.6
323,גדול,szeroki,adjectives,2.15
324,שחיתות,oszustwo,nouns,3.25
325,קשה,trudny,adjectives,3.3
326,הפוך,unikatowy,adjectives,0.3
327,לנסות,myśleć,verbs,0.5
328,המנון,słoma,nouns,0.0
329,כדור,siatkówka,nouns,1.85
330,משעמם,śmieszny,adjectives,0.45
331,סערה,chmura,nouns,1.5
332,שיח,kwiat,nouns,1.75
333,תזמורת,zespół,nouns,3.75
334,אסון,śmierć,nouns,2.05
335,מצומצם,niewystarczający,adjectives,1.5
336,חדש,nowy,adjectives,3.5
337,להימנע,zaprzeczać,verbs,0.8
338,למצוא,zniknąć,verbs,0.5
339,לשכוח,uczyć się,verbs,0.45
340,קערה,zaułek,nouns,0.0
341,אח,syn,nouns,1.65
342,תנור חימום,parasol,nouns,0.55
343,לפרוש,wycofać się,verbs,2.65
344,אשם,zawstydzony,adjectives,0.55
345,מלך,księżniczka,nouns,1.6
346,ידית,białko,nouns,0.0
347,רצועה,wytrzymałość,nouns,0.1
348,אמבטיה,balon,nouns,0.05
349,לעיתים קרובות,czasem,adverbs,1.15
350,ללמוד,słuchać,verbs,1.05
351,חלום,niebo,nouns,0.4
352,גבינה,chleb,nouns,0.6
353,ערב,zmierzch,nouns,3.95
354,מפולת שלגים,śnieg,nouns,1.9
355,עיתון,informacja,nouns,1.55
356,לבלוע,pić,verbs,2.2
357,צינור,ogród,nouns,0.85
358,חבר,kochanek,nouns,1.85
359,בלון,ludzie,nouns,0.15
360,תיאטרון,bateria,nouns,0.0
361,להפציר,zadowalać,verbs,0.3
362,חסר צורה,jednolity,adjectives,0.15
363,באופן משמעותי,specjalnie,adverbs,2.7
364,לשים,dostać,verbs,0.4
365,לקבל,wierzyć,verbs,1.4
366,חימום מחדש,nagrzewać,nouns,2.1
367,אישה,zadanie,nouns,0.0
368,דאגה,ostrożność,nouns,2.55
369,להביא,przywrócić,verbs,1.4
370,פילוסוף,wyścigi,nouns,0.0
371,להתעלם,zapominać,verbs,1.4
372,להרגיז,zniechęcać,verbs,1.15
373,ענן,jezioro,nouns,0.6
374,ריקוד,sukienka,nouns,0.35
375,מוסכמה,zasada,nouns,2.7
376,בינוני,niezły,adjectives,0.7
377,למות,pochować,verbs,1.25
378,ראש,nos,nouns,1.15
379,טיפשי,tępy,adjectives,4.6
380,מאמר,książka,nouns,1.5
381,לכתוב,bazgrać,verbs,2.8
382,לטגן,gotować,verbs,2.35
383,לתקוף,drażnić,verbs,0.9
384,להרשות,aprobować,verbs,4.35
385,לזרום,dryfować,verbs,3.15
386,נקי,nieskazitelny,adjectives,4.75
387,תיל,drut,nouns,3.4
388,שדה תעופה,samolot,nouns,1.25
389,מועסק,pracodawca,nouns,1.3
390,להתפעל,uwielbiać,verbs,3.45
391,לרכב,tasować,verbs,0.4
392,כרכרה,samochód,nouns,2.3
393,להעציב,zranić,verbs,1.5
394,אוניברסיטה,kampus,nouns,2.8
395,ברצינות,znacząco,adverbs,3.0
396,להגיד,weryfikować,verbs,0.65
397,פאי,czekolada,nouns,0.7
398,להתדרדר,wycierać,verbs,0.2
399,לאחד,dzielić,verbs,0.5
400,באופן מציאותי,idealnie,adverbs,0.95
401,גן חובה,przedszkole,nouns,2.0
402,כדורגל,zabawa,nouns,1.0
403,לשמור,pożyczać,verbs,0.55
404,להפסיק,zaczynać,verbs,0.5
405,לקנות,płacić,verbs,2.4
406,הרס,konstrukcja,nouns,0.5
407,סגסוגת,stal,nouns,2.35
408,מונית,autobus,nouns,1.8
409,טיעון,krytyka,nouns,1.3
410,גמיש,wielki,adjectives,0.1
411,יצירתי,nowatorski,adjectives,3.6
412,לסדר,wymagać,verbs,0.4
413,יד,nadgarstek,nouns,1.75
414,צנצנת,filiżanka,nouns,1.8
415,אחווה,drzwi,nouns,0.05
416,להתקדם,promować,verbs,2.8
417,להקניט,ranić,verbs,2.55
418,לפגוש,odchodzić,verbs,0.35
419,עורך דין,oskarżyciel,nouns,1.85
420,לפצח,chrzęścić,verbs,0.55
421,בהגינות,niesprawiedliwie,adverbs,0.5
422,בית דין,sprawiedliwość,nouns,2.1
423,חלק,lotnisko,nouns,0.1
424,להסכים,uznawać,verbs,4.4
425,לרכב,biegać,verbs,0.6
426,אלומיניום,blacha,nouns,2.3
427,מקצב,wiersz,nouns,1.35
428,חד,gładki,adjectives,0.6
429,כיבוש,podróż,nouns,0.95
430,מכה,rama,nouns,0.0
431,לשמור,zapominać,verbs,0.75
432,מילה,gazeta,nouns,0.95
433,המרה,wysokość,nouns,0.65
434,מכונאי,robotnik,nouns,2.05
435,ג'ינס,kobieta,nouns,0.3
436,מכונית,ulica,nouns,0.7
437,לשרבט,pisać,verbs,2.8
438,גוף,kręgosłup,nouns,1.25
439,חלון,dach,nouns,0.75
440,מעורפל,niejasny,adjectives,3.85
441,לשכוח,wiedzieć,verbs,0.5
442,משוגע,niepoczytalny,adjectives,5.0
443,להקטין,przemoczyć,verbs,0.25
444,לחי,język,nouns,0.95
445,זמר,refren,nouns,0.95
446,להחזיר,zastąpić,verbs,2.0
447,להזכיר,zapominać,verbs,0.5
448,בורות,inteligencja,nouns,0.45
449,גורד שחקים,pałac,nouns,1.35
450,באופן פסיבי,aktywnie,adverbs,0.3
451,לבשל,wymieszać,verbs,0.9
452,כבידה,meteor,nouns,0.65
453,מולקולה,atom,nouns,3.0
454,מחברת,pistolet,nouns,0.0
455,באופן לא טבעי,negatywnie,adverbs,0.6
456,פתיל,przędza,nouns,4.3
457,אל,duch,nouns,1.6
458,גב,ciało,nouns,1.25
459,לחנוק,przytłaczać,verbs,0.8
460,תאונה,awaria,nouns,2.4
461,מושב,brzeg,nouns,0.2
462,עצבני,przestraszony,adjectives,1.3
463,שער,drzwi,nouns,4.15
464,אווירונאוטיקה,awionika,nouns,2.15
465,לרדוף,przekonywać,verbs,1.2
466,אישה,mężczyzna,nouns,0.9
467,דרמטיטיס,egzema,nouns,2.35
468,לאשר,akceptować,verbs,4.4
469,פוסטר,papier,nouns,1.95
470,להתייפח,płakać,verbs,4.9
471,צפון,południe,nouns,0.85
472,משאית,pakunek,nouns,0.85
473,בעיקר,przeważnie,adverbs,4.65
474,מנהלה,kierownictwo,nouns,3.05
475,מחנה,domek,nouns,0.9
476,שחקן,telewizja,nouns,1.05
477,דוכס,republika,nouns,0.45
478,תשוקה,emocja,nouns,2.7
479,נהר,strumień,nouns,2.15
480,לנשל,dać,verbs,0.5
481,בקלות,jasno,adverbs,0.55
482,לאפשר,iść,verbs,0.15
483,פיקח,tępy,adjectives,0.45
484,נפלא,niesamowity,adjectives,5.2
485,לבוש,przykryty,adjectives,2.6
486,סוציוביולוגיה,mutant,nouns,0.55
487,להימנע,ignorować,verbs,2.4
488,תשלום,notatka,nouns,0.0
489,כבל,przewód,nouns,3.4
490,מסוק,samolot,nouns,2.2
491,לקבור,przykryć,verbs,2.7
492,לתשאל,szukać,verbs,1.75
493,כף,sok,nouns,0.25
494,כיכר,mapa,nouns,0.45
495,מכונית,szosa,nouns,0.85
496,מוסר,legenda,nouns,0.55
497,קושי,wysiłek,nouns,3.15
498,חברותי,hojny,adjectives,0.55
499,פרוטסטנט,chrześcijanin,nouns,2.35
500,ביתן,pole,nouns,0.9
501,קול ,akustyka,nouns,2.0
502,הכתרה,woda,nouns,0.05
503,לאשר,mówić,verbs,0.65
504,שמח,zadowolony,adjectives,5.0
505,ראש,stopa,nouns,0.7
506,ודאי,pewny,adjectives,4.55
507,אנושות,zasadniczo,adverbs,0.5
508,אלים,bierny,adjectives,0.3
509,שחר,noc,nouns,0.75
510,לחנוק,zabić,verbs,2.2
511,אמבטיה,kuchnia,nouns,1.05
512,כוכב,jasność,nouns,1.25
513,לעזוב,wędrować,verbs,1.05
514,תא הטייס,drugi pilot,nouns,0.8
515,שומר,mężczyzna,nouns,0.85
516,פעמון,drzwi,nouns,0.65
517,בשמחה,bezpiecznie,adverbs,1.2
518,רובוטיקה,symulacja,nouns,1.05
519,מרחק,perspektywa,nouns,2.2
520,להסכים,nie zgadzać się,verbs,0.5
521,משפט,werdykt,nouns,2.05
522,יד,stopa,nouns,1.0
523,וריד,żołądek,nouns,0.55
524,מיכל,mysz,nouns,0.05
525,בייקון,fasola,nouns,0.7
526,לעזוב,ignorować,verbs,1.2
527,לכפול,dodawać,verbs,0.75
528,מוות,tragedia,nouns,2.6
529,לקבל,zaprzeczać,verbs,0.2
530,פרקליט,adwokat,nouns,4.5
531,לרצות,wybierać,verbs,1.3
532,חזק,słaby,adjectives,0.5
533,פרספקטיבה,dystans,nouns,2.2
534,תות,wiśnia,nouns,2.1
535,דמדומים,wieczór,nouns,3.95
536,צמא,głodny,adjectives,1.25
537,קל,giętki,adjectives,0.85
538,יד,kciuk,nouns,1.55
539,צוואר,kręgosłup,nouns,1.0
540,להסביר,dyskutować,verbs,1.65
541,רכבת,tramwaj,nouns,2.05
542,למכור,pożyczać,verbs,0.7
543,שמיים,wrzechświat,nouns,1.75
544,לקבל,dać,verbs,1.1
545,אף,usta,nouns,0.9
546,לקבל,pozostać,verbs,0.35
547, לנער,mieszać,verbs,2.2
548,נמרצות,precyzyjnie,adverbs,0.95
549,באופן אמין,pobieżnie,adverbs,0.3
550,חוקי,nielegalny,adjectives,0.5
551,דלת,bractwo,nouns,0.05
552,לבכות,śmiać się,verbs,0.5
553,הונאה,korupcja,nouns,3.25
554,חג,kalendarz,nouns,1.25
555,אחות,naukowiec,nouns,0.25
556,צר,brudny,adjectives,0.0
557,זריז,szybki,adjectives,5.35
558,שלג,lawina,nouns,1.9
559,ברצינות,szczerze,adverbs,1.45
560,ביזארי,dziwny,adjectives,4.9
561,חבילה,ciężarówka,nouns,0.85
562,עצם,szczęka,nouns,1.4
563,בטן,ciało,nouns,1.45
564,לנחם,poniżać,verbs,0.35
565,להגיע,odchodzić,verbs,0.45
566,שיניים,młotek,nouns,0.0
567,לחלק,łączyć,verbs,0.5
568,להתחלף,przerobić,verbs,2.9
569,לחשוד,aresztować,verbs,1.0
570,לעולם לא,chojnie,adverbs,0.45
571,להכחיש,akceptować,verbs,0.2
572,סיפור,książka,nouns,2.35
573,קורבן,telefon,nouns,0.15
574,רופא,pułkownik,nouns,0.3
575,חדר,cela,nouns,2.65
576,ספר,tekst,nouns,2.3
577,בחירה,rozdział,nouns,0.25
578,שעועית,bekon,nouns,0.7
579,לקבל,kupować,verbs,0.7
580,מדים,nieukształtowany,adjectives,0.15
581,נחש,jaszczurka,nouns,1.25
582,שותף,chłopiec,nouns,1.05
583,סיפור,ołówek,nouns,0.35
584,אטמוספירה,zanieczyszczenie,nouns,0.5
585,לקצור,zyskać,verbs,1.95
586,להרשות,obalać,verbs,0.1
587,שוטר,polityk,nouns,0.4
588,אוטובוס,pojazd,nouns,2.65
589,חברה,kultura,nouns,1.45
590,סיעור מוחות,teleskop,nouns,0.0
591,מולקולה,matryca,nouns,0.2
592,כלכלה,ekosystem,nouns,0.55
593,להפציר,błagać,verbs,4.55
594,למצוא,nabyć,verbs,1.45
595,להתעלם,drukować,verbs,0.1
596,בעצב,szalenie,adverbs,0.5
597,שיר,opowieść,nouns,1.5
598,חיה,osoba,nouns,0.7
599,נזיר,ksiądz,nouns,3.05
600,מתרגם,obcokrajowiec,nouns,0.5
601,בחור,przyjaciel,nouns,1.5
602,מעולה,okropny,adjectives,0.4
603,ירך,warga,nouns,0.8
604,אינץ',jard,nouns,1.55
605,להתווכח,kłocić się,verbs,2.5
606,טוב,mierny,adjectives,0.7
607,לארגן,stać się,verbs,0.6
608,צעיר,szczęśliwy,adjectives,0.5
609,בזהירות,ostrożnie,adverbs,4.0
610,בטיחות,wygoda,nouns,1.05
611,משימה,wyspa,nouns,0.0
612,בטן,kurs,nouns,0.0
613,לוח שנה,święto,nouns,1.25
614,ברכות,głośno,adverbs,0.25
615,קופסה,kapelusz,nouns,0.15
616,להחזיר,przynieść,verbs,1.4
617,לרכוש,ukraść,verbs,1.1
618,להרוס,robić,verbs,0.5
619,להודיע,deklarować,verbs,4.7
620,אנציקלופדיה,słownik,nouns,2.2
621,אפשרי,możlwie,adverbs,4.8
622,ענן,opary,nouns,1.75
623,ארוך,krótki,adjectives,0.5
624,בית,stodoła,nouns,0.95
625,פה,ząb,nouns,1.2
626,תמונה,pomysł,nouns,0.45
627,מוזיקה,flet,nouns,1.05
628,לדעת,wierzyć,verbs,0.5
629,שמפניה,whisky,nouns,1.7
630,בעדינות,głośno,adverbs,0.2
631,מצחיק,smutny,adjectives,0.5
632,ערך,przekonanie,nouns,2.05
633,זכות בחירה,wyjście,nouns,0.05
634,לנצח,dominować,verbs,2.05
635,בן,dziecko,nouns,3.65
636,מטען,dysk,nouns,0.35
637,חשמלית,pociąg,nouns,2.05
638,לרעוד,zamarzać,verbs,1.2
639,בחירה,wybory,nouns,2.65
640,מצוין,wspaniały,adjectives,5.2
641,לריב,nie zgadzać się,verbs,1.75
642,רחוב,samochód,nouns,0.7
643,גבר,wujek,nouns,1.6
644,חתול,mysz,nouns,0.9
645,בחוזקה,niewiarygodnie,adverbs,1.1
646,בירה,alkohol,nouns,2.9
647,בניין,pokój,nouns,1.15
648,מסע,wycieczka,nouns,4.7
649,צוואר,kość,nouns,0.75
650,ערך,stopa,nouns,0.95
651,מהירות,słup,nouns,0.3
652,סבולת,zespół,nouns,0.1
653,לנתץ,rozwalić,verbs,5.35
654,איש,podejrzany,nouns,0.65
655,בדיה,biografia,nouns,0.55
656,רגש,pasja,nouns,2.7
657,לסדוק,złamać się,verbs,3.4
658,לחקור,odkryć,verbs,3.0
659,לטגן,zagotować,verbs,2.1
660,שד,potwór,nouns,4.55
661,לשיר,unosić się,verbs,0.2
662,היסטריה,konfuzja,nouns,0.9
663,רהיט,mieszkanie,nouns,0.8
664,פסגה,spód,nouns,0.5
665,מטורף,szalony,adjectives,5.0
666,רעיון,wizerunek,nouns,0.45
667,כביש,samochód,nouns,0.85
668,עבודה,zadanie,nouns,3.4
669,ארמון,wieżowiec,nouns,1.35
670,מכונית,czołg,nouns,0.95
671,גמיש,ruchomy,adjectives,1.15
672,גס,brzydki,adjectives,1.15
673,ויכוח,porozumienie,nouns,0.7
674,תנאי,pakt,nouns,1.5
675,דגנים,pszenica,nouns,3.75
676,פסנתר,harmonia,nouns,0.65
677,קיר,zamek,nouns,0.7
678,רטוב,klejący,adjectives,0.85
679,שמח,obłąkany,adjectives,0.45
680,לילה,dzień,nouns,0.55
681,שדה,owies,nouns,1.5
682,נפלא,rozkoszny,adjectives,3.05
683,ביהביוריזם,terapia,nouns,1.45
684,לחלוק,zgadzać się,verbs,0.5
685,בית,klucz,nouns,0.75
686,העולם הבא,czyściec,nouns,2.15
687,לקחת,chwytać,verbs,1.3
688,קומה,pokład,nouns,2.3
689,שעון,spódnica,nouns,0.3
690,להפריך,zezwalać,verbs,0.1
691,ציור,zamieszki,nouns,0.1
692,להיפצע,upaść,verbs,0.9
693,אריה,kot,nouns,2.35
694,מצב,chłopiec,nouns,0.0
695,מוניטור,ekran,nouns,4.7
696,פטרוזיליה,babeczka,nouns,0.4
697,ללמוד,zapominać,verbs,0.45
698,לצייר,tworzyć,verbs,2.0
699,משימה,zlecenie,nouns,5.15
700,מפרק,ręka,nouns,1.75
701,מטבע,współbieżność,nouns,0.6
702,חוק,szkoła,nouns,0.6
703,מתבייש,winny,adjectives,0.55
704,מוזר,cudaczny,adjectives,4.9
705,וירוס,krew,nouns,0.8
706,לברר,wymagać,verbs,0.75
707,מסיכה,impreza,nouns,0.7
708,אב,brat,nouns,1.1
709,תרבות,społeczeństwo,nouns,1.45
710,להחליט,osądzać,verbs,1.7
711,גיבורה,bohater,nouns,4.2
712,מוות,pochówek,nouns,1.75
713,משוגע,chory,adjectives,1.7
714,אינטליגנציה,mądrość,nouns,4.85
715,לסלוח,akceptować,verbs,1.95
716,שוביניסט,uprzedzenie,nouns,2.0
717,דם,żyła,nouns,2.25
718,לבנות,dodawać,verbs,1.6
719,פאסיבי,gwałtowny,adjectives,0.3
720,אלוף,zwycięzca,nouns,4.2
721,משעמם,ekscytujący,adjectives,0.45
722,מילון,encyklopedia,nouns,2.2
723,בן,chłopiec,nouns,3.0
724,הצגה,matematyk,nouns,0.05
725,רשמית,znacząco,adverbs,1.25
726,שטח,strefa,nouns,5.15
727,חשוב,konieczny,adjectives,3.75
728,השתקפות,wizerunek,nouns,2.3
729,חרדל,nasienie,nouns,0.7
730,טבק,papieros,nouns,2.25
731,קינמון,cukierek,nouns,0.65
732,ג'נטלמן,dama,nouns,1.2
733,נכנס,towarzyski,adjectives,1.05
734,ארוחה,talia,nouns,0.45
735,רב,nauczyciel,nouns,2.25
736,תיאטרון,film,nouns,1.35
737,הבדל,reszta,nouns,1.65
738,ליצור,nurkować,verbs,0.1
739,חקלאות,roślina,nouns,1.0
740,לשלוח,iść,verbs,0.35
741,להיכנס,wychodzić,verbs,0.7
742,בית משפט,sędzia,nouns,1.7
743,לסדר,organizować,verbs,4.2
744,להשאיל,sprzedawać,verbs,0.7
745,פוליטיקאי,policjant,nouns,0.4
746,נינוח,zestresowany,adjectives,0.5
747,להתעלם,zostawić,verbs,1.2
748,להונות,oszukać,verbs,5.15
749,לעשות,rezygnować,verbs,0.35
750,יוצא דופן,rzadki,adjectives,4.7
751,להגיע,iść,verbs,1.6
752,סופני,głównie,adverbs,0.0
753,חיבור,książka,nouns,1.25
754,בודד,biedny,adjectives,1.2
755,עמלה,pensja,nouns,1.05
756,לעזוב,wchodzić,verbs,0.7
757,פרי הדר,pomarańcza,nouns,3.25
758,להצטרף,nabyć,verbs,0.25
759,לעצור,zabraniać,verbs,1.8
760,עצם,mięsień,nouns,0.55
761,עפרון,opowieść,nouns,0.35
762,חתן,panna młoda,nouns,1.35
763,מנצח,mężczyzna,nouns,0.55
764,אחווה,baseball,nouns,0.25
765,ניתוח,serce,nouns,0.6
766,לצמוח,kurczyć się,verbs,0.65
767,כבל,kaplica,nouns,0.05
768,תיאוריה,hipoteza,nouns,4.75
769,להרוס,ratować,verbs,0.3
770,להפריד,przyłączać,verbs,0.5
771,ארוחה,bekon,nouns,1.25
772,לחשוק,chcieć,verbs,4.7
773,לטבוע,ratować,verbs,0.55
774,להנות,zabawiać,verbs,1.0
775,סוס,źrebak,nouns,2.8
776,חשוף,zakryty,adjectives,0.55
777,הסכמה,argument,nouns,0.7
778,בזוי,pogardliwy,adjectives,3.7
779,דם,ciało,nouns,0.8
780,סופת שלגים,deszcz,nouns,1.35
781,משרה,kierownictwo,nouns,1.0
782,מרק,kolacja,nouns,1.7
783,איום,zły,adjectives,2.95
784,לברך,spotykać,verbs,0.8
785,ילדותי,dorosły,adjectives,0.5
786,לחפש,wędrować,verbs,1.25
787, בענווה,marnie,adverbs,0.3
788,בערך,niezawodnie,adverbs,0.3
789,לדחות,odrzucać,verbs,4.55
790,חשוד,mężczyzna,nouns,0.65
791,תחתית,wierzch,nouns,0.5
792,זר,tłumacz,nouns,0.5
793,ילד,warunek,nouns,0.0
794,לעזוב,pozostać,verbs,0.5
795,מעסיק,robotnik,nouns,1.05
796,נהדר,błyskotliwy,adjectives,2.1
797,רעב,zmęczony,adjectives,0.6
798,לשמור,stracić,verbs,0.35
799,חוזק,wytrzymałość,nouns,2.65
800,כוח,moc,nouns,4.6
801,כעס,frustracja,nouns,3.55
802,ישר,wygięty,adjectives,0.5
803,דגל,słup,nouns,0.9
804,לעדכן,informować,verbs,5.45
805,מקהלה,piosenkarz,nouns,0.95
806,ללחוץ,uwalniać,verbs,0.45
807,עין,łza,nouns,1.05
808,לבנות,niszczyć,verbs,0.5
809,חצי אי,wyspa,nouns,1.8
810,להסית,skłaniać,verbs,3.3
811,כביש מהיר,droga,nouns,4.8
812,מעסיק,pracownik,nouns,1.3
813,הכחשה,wyznanie,nouns,0.5
814,שיכור,trzeźwy,adjectives,0.5
815,תקרה,podłoga,nouns,0.65
816,במקור,kreatywnie,adverbs,0.55
817,להצדיע,występować,verbs,0.35
818,רחב,świeży,adjectives,0.05
819,מים,sól,nouns,0.85
820,להנמיך,redukować,verbs,4.3
821,לנשוך,walczyć,verbs,1.05
822,כפתור,ubrania,nouns,0.95
823,לבקר,nienawidzić,verbs,1.05
824,צמיחה,nawóz,nouns,0.95
825,זעם,gniew,nouns,4.7
826,להתחנן,prosić,verbs,4.55
827,לשתות,wymieszać,verbs,0.5
828,לבהות,zezować,verbs,0.75
829,לנחור,budzić się,verbs,0.5
830,מעיק,pewny,adjectives,0.1
831,לטפטף,nalewać,verbs,1.9
832,חשבון,logika,nouns,1.0
833,שמח,wesoły,adjectives,4.95
834,לשלם,kupować,verbs,2.4
835,יוצא,przychodzący,adjectives,1.05
836,באופן פנטסטי,niesamowicie,adverbs,5.4
837,קישוט,ściana,nouns,0.55
838,גוף,bielizna,nouns,0.35
839,פרק,ogon,nouns,0.2
840,שמן,norka,nouns,0.15
841,למכור,handlować,verbs,4.65
842,אפשרי,niemożliwy,adjectives,0.5
843,חזון,percepcja,nouns,2.4
844,שד,anioł,nouns,0.75
845,חרד,wystraszony,adjectives,4.25
846,סיומת,afiks,nouns,2.4
847,באופן לא הוגן,sprawiedliwie,adverbs,0.5
848,משפט,test,nouns,1.05
849,לרוקן,eksmitować,verbs,2.85
850,גדול,ciężki,adjectives,1.35
851,עתיק,nowy,adjectives,0.5
852,לבדר,lubić,verbs,1.0
853,בעל,żona,nouns,1.2
854,גשם,mgiełka,nouns,1.4
855,בעיקר,głęboko,adverbs,0.5
856,להשיג,próbować,verbs,0.65
857,מכונית,taksówka,nouns,3.1
858,סיגריה,tytoń,nouns,2.25
859,לקפוא,drżeć,verbs,1.2
860,גרף,diagram,nouns,4.7
861,לפטופ,notebook,nouns,5.35
862,לעזור,chronić,verbs,2.05
863,באופן לא סדיר,zwykle,adverbs,0.5
864,מיטה,meble,nouns,2.5
865,לבחור,mianować,verbs,1.4
866,תכנית,pomysł,nouns,2.5
867,סירה,motor,nouns,0.95
868,מנצח,mistrz,nouns,4.2
869,מורה,przyjaciel,nouns,0.55
870,לרצות,prosić,verbs,0.3
871,מגדל,dzwon,nouns,0.75
872,צר,szeroki,adjectives,0.5
873,פשוט,najwyraźniej,adverbs,0.95
874,עושר,bieda,nouns,0.6
875,מסטיק,mięta,nouns,0.75
876,צפון,zachód,nouns,1.35
877,לחשוב,usprawiedliwiać,verbs,0.8
878,לפגוע,zmartwić,verbs,1.5
879,תלותי,niepewny,adjectives,0.85
880,ליפול,boleć,verbs,0.9
881,להשאיל,chcieć,verbs,0.35
882,חום,schorzenie,nouns,1.65
883,לשמור,bronić,verbs,4.65
884,לתת,wiedzieć,verbs,0.1
885,משמעותי,pomniejszy,adjectives,0.45
886,חרב,środowisko,nouns,0.0
887,לחוב,wchodzić,verbs,0.0
888,קיר,dekoracja,nouns,0.55
889,בבית,daleko,adverbs,0.55
890,סטייק,mięso,nouns,3.75
891,בקול רם,subtelnie,adverbs,0.2
892,גרון,język,nouns,1.0
893,ללגום,pić,verbs,4.25
894,לנשל,zaniedbać,verbs,1.1
895,מדוייק,błędny,adjectives,0.5
896,לרדת,obniżać,verbs,1.5
897,לספוג,uczyć się,verbs,1.35
898,להתכווץ,rosnąć,verbs,0.65
899,ודאי,pewny siebie,adjectives,5.05
900,לפגוע,chybić,verbs,0.55
901,לגדל,pić,verbs,0.1
902,ים,delta,nouns,1.2
903,חבר,gość,nouns,1.65
904,חזק,dumny,adjectives,0.55
905,לגיון,armia,nouns,2.95
906,לבחור,chcieć,verbs,1.3
907,מכרה,skała,nouns,1.1
908,שופט,sąd,nouns,1.7
909,להרוס,tworzyć,verbs,0.5
910,קופסה,źródło,nouns,0.0
911,נשיא,aparat,nouns,0.05
912,בית,stan,nouns,0.65
913,לחסוך,wydawać,verbs,0.5
914,להתחתן,angażować,verbs,1.45
915,שליט,król,nouns,4.9
916,סנט,konstytucja,nouns,0.95
917,אריג,ubrania,nouns,1.7
918,באדיבות,miło,adverbs,4.1
919,אנשים,pistolet,nouns,0.3
920,לעזוב,iść,verbs,2.15
921,חיטה,zboże ,nouns,3.75
922,בכנות,zwykle,adverbs,0.35
923,לקלוט,rozumieć,verbs,4.45
924,זהירות,troska,nouns,2.55
925,לאמת,powiedzieć,verbs,0.65
926,סבולת,siła,nouns,2.65
927,לרסק,rozwalić,verbs,4.35
928,סופר,kompozytor,nouns,1.4
929,הרבה,dwukrotnie,adverbs,0.95
930,קוף,kampania,nouns,0.0
931,חימום מראש,odgrzewać,nouns,2.1
932,ענן,mgła,nouns,2.05
933,ילד,brat,nouns,1.85
934,מלח,woda,nouns,0.85
935,קובייה,zabawka,nouns,0.8
936,להיכשל,polegać,verbs,0.2
937,להחסיר,stracić,verbs,1.7
938,בהחלט,pewnie,adverbs,5.45
939,עובד,pracodawca,nouns,1.05
940,תפוח,sos,nouns,0.4
941,גג,podłoga,nouns,1.0
942,אמונה,wrażenie,nouns,1.45
943,כתף,głowa,nouns,1.05
944,טייס,kierowca,nouns,2.25
945,לדבר,słyszeć,verbs,0.9
946,אחיין,ciotka,nouns,1.1
947,כן,winny,adjectives,0.3
948,מטרייה,grzejnik,nouns,0.55
949,טיפשי,dziecinny,adjectives,2.05
950,מיץ,łyżka,nouns,0.25
951,בז,orzeł,nouns,2.3
952,חכם,tępy,adjectives,0.5
953,להזכיר,sprzedawać,verbs,0.0
954,אשם,zły,adjectives,1.45
955,סיגלית,kwiat,nouns,2.85
956,בוודאי,pobieżnie,adverbs,0.5
957,ליצור,robić,verbs,3.65
958,להתווכח,debatować,verbs,3.25
959,להצליח,osiągnąć,verbs,2.75
960,להסביר,udowodnić,verbs,1.7
961,רעיה,słoma,nouns,0.1
962,אמבטיה,polano,nouns,0.1
963,חיישן,kaloryfer,nouns,0.45
964,נייר,karton,nouns,3.0
965,ליצור,niszczyć,verbs,0.5
966,טלה,owca,nouns,3.75
967,מבוהל,podekscytowany,adjectives,0.85
968,ניטרלי,spokojny,adjectives,1.55
969,מלאך,demon,nouns,0.75
970,בחשאיות,śmiało,adverbs,0.45
971,בבגרות,bystrze,adverbs,1.85
972,לחוץ,zrelaksowany,adjectives,0.5
973,גב,szyja,nouns,1.0
974,שמיים,marzenie,nouns,0.4
975,סמל,znak,nouns,5.2
976,היגיון,arytmetyka,nouns,1.0
977,בקרוב,natychmiast,adverbs,1.6
978,לנגב,pogorszyć się,verbs,0.2
979,עץ,liść,nouns,1.15
980,מורה,pomocnik,nouns,0.95
981,קורא,autor,nouns,0.6
982,לעזוב,pojawić się,verbs,0.55
983,תרנגולת,kolacja,nouns,0.6
984, קפלה,kabel,nouns,0.05
985,צוות,wokalista,nouns,0.1
986,עקום,wygięty,adjectives,4.7
987,רגל,ramię,nouns,1.3
988,יכולת,kompetencja,nouns,4.15
989,להתלונן,kłócić się,verbs,1.7
990,קמח,chleb,nouns,1.05
991,בערך,łatwo,adverbs,0.3
992,מידע,gazeta,nouns,1.55
993,יום הולדת,data,nouns,1.75
994,מצלמה,soczewka,nouns,1.25
995,תחפושת,bal,nouns,0.4
996,בערך,oczywiście,adverbs,0.5
997,ללא הגיון,niesprawiedliwie,adverbs,1.5
998,לחבר,oddzielać,verbs,0.5
999,נוכחות,nieobecność,nouns,0.5
1000,לשתות,sączyć,verbs,4.25
1001,גזענות,ksenofobia,nouns,2.5
1002,עוף,ryż,nouns,0.6
1003,נסיכה,panna młoda,nouns,0.8
1004,נדיב,miły,adjectives,1.1
1005,להסכים,kłócić się,verbs,0.45
1006,לשנוא,krytykować,verbs,1.05
1007,מאמן,gracz,nouns,1.0
1008,לסרב,akceptować,verbs,0.45
1009,קמע,występ,nouns,0.2
1010,מורה,rabin,nouns,2.25
1011,להופיע,pozdrawiać,verbs,0.35
1012,בנאמנות,szczerze,adverbs,2.15
1013,תפוד,masło,nouns,0.7
1014,נורמלי,inny,adjectives,0.55
1015,מתוק,elektryczny,adjectives,0.0
1016,לא משומש,nowy,adjectives,4.6
1017,כלב,kot,nouns,0.8
1018,הססן,gniewny,adjectives,0.7
1019,עסק,korporacja,nouns,2.5
1020,תוף,róg,nouns,0.7
1021,סוס,pies,nouns,0.95
1022,חומרה,futerał,nouns,0.5
1023,בעדינות,spokojnie,adverbs,2.55
1024,מיידית,raz,adverbs,0.3
1025,להאמין,czuć,verbs,1.35
1026,מבוגר,rodzic,nouns,2.1
1027,מלוכה,demokracja,nouns,1.1
1028,קר,zwyczajny,adjectives,0.2
1029,צי,armia,nouns,3.5
1030,בטוח,nerwowy,adjectives,0.15
1031,תולעת משי,gąsienica,nouns,2.65
1032,ריאה,wątroba,nouns,1.15
1033,לפעמים,kiedykolwiek,adverbs,1.7
1034,לטעון,różnić się,verbs,2.5
1035,אנתרופולוגיה,archeologia,nouns,1.7
1036,סופר,czytelnik,nouns,0.6
1037,אישי,prywatny,adjectives,5.25
1038,כתבה,czasopismo,nouns,1.6
1039,ויזה,globalizm,nouns,0.35
1040,תפוז,cytrus,nouns,3.25
1041,להצטרף,odchodzić,verbs,0.5
1042,תלמיד,prezydent,nouns,0.2
1043,לכווץ,redukować,verbs,3.25
1044,מצעד,tłum ,nouns,1.8
1045,לטפל,płacić,verbs,0.4
1046,קרסול,okno,nouns,0.0
1047,טיפש,tępy,adjectives,5.15
1048,מרתף,drzwi,nouns,0.55
1049,לבוא,przybywać,verbs,4.8
1050,להרתיח,smażyć,verbs,2.1
1051,צופר,samochód,nouns,0.75
1052,לתלות,zabić,verbs,1.75
1053,רצון,intencja,nouns,3.95
1054,אנשים,balon,nouns,0.15
1055,באופן יצירתי,początkowo,adverbs,0.55
1056,עץ,klon,nouns,2.7
1057,מתכת,aluminium,nouns,2.3
1058,מדריך,nauczyciel,nouns,4.5
1059,מלח,kapitan,nouns,3.6
1060,ארכיאולוגיה,antropologia,nouns,1.7
1061,להגיד,uczestniczyć,verbs,0.3
1062,אחוזה,rzeźbiarz,nouns,0.25
1063,מנצח,cel,nouns,0.6
1064,עט,alfabet,nouns,0.45
1065,כבד,płuco,nouns,1.15
1066,זרוע,żyła,nouns,0.6
1067,ברנדי,alkohol,nouns,2.9
1068,לצרוח,krzyczeć,verbs,4.95
1069,בת,ojciec,nouns,0.9
1070,כיסא,taboret,nouns,3.2
1071,כדורסל,baseball,nouns,1.95
1072,בייסבול,koszykówka,nouns,1.95
1073,בירה,napój,nouns,2.5
1074,להרשות,pozwalać,verbs,5.2
1075,מאהב,towarzysz,nouns,1.85
1076,חשוב,oficjalnie,adverbs,1.25
1077,תעלול,wanna,nouns,0.0
1078,להפסיד,odejmować,verbs,1.7
1079,משורר,dziennikarz,nouns,1.05
1080,גמיש,elastyczny,adjectives,5.45
1081,אטמוספירה,ozon,nouns,2.8
1082,להקה,orkiestra,nouns,3.75
1083,דובדבן,truskawka,nouns,2.1
1084,לחוב,pożyczyć,verbs,2.1
1085,הפרה,przestępstwo,nouns,2.75
1086,ענק,duży,adjectives,4.7
1087,אלכוהול,koniak,nouns,2.9
1088,סופר,dar,nouns,0.65
1089,להתחזות,wydawać się,verbs,1.1
1090,להניח,udawać,verbs,0.1
1091,מטבע,płatność,nouns,1.75
1092,אזור,obszar,nouns,5.03
1093,כומר,mnich,nouns,3.05
1094,מכונית,miernik,nouns,0.4
1095,בדרך כלל,nienormalnie,adverbs,0.45
1096,קל,sztywny,adjectives,0.4
1097,גאה,smutny,adjectives,0.25
1098,בערך,niecierpliwie,adverbs,0.7
1099,עכבר,pokład,nouns,0.05
1100,כדור,kosz,nouns,0.8
1101,סירה,kotwica,nouns,1.2
1102,לדבר,szeptać,verbs,2.2
1103,דוד,mężczyzna,nouns,1.6
1104,עבודת יד,tradycja,nouns,0.55
1105,המנון,biblia,nouns,0.55
1106,מעורבב,połączony,adjectives,2.4
1107,בשמחה,aktywnie,adverbs,0.55
1108,לשאת,przynieść,verbs,2.15
1109,מכונית,samochód,nouns,5.65
1110,שמחה,smutek,nouns,0.55
1111,חוקי,dozwolony,adjectives,4.5
1112,להבין,pojmować,verbs,4.45
1113,בבטחה,szczęśliwie,adverbs,1.2
1114,זיהום,dolegliwość,nouns,2.65
1115,מדהים,zwykły,adjectives,0.45
1116,אולם,przejście,nouns,1.35
1117,להישאר,zatrzymywać,verbs,0.95
1118,שמחה,duma,nouns,1.75
1119,ילדותי,niemądry,adjectives,2.05
1120,ללכת,wysyłać,verbs,0.35
1121,קשוח,przebiegły,adjectives,0.9
1122,לציית,karać,verbs,0.8
1123,תגמול,zapłata,nouns,5.0
1124,חושש,zaniepokojony,adjectives,4.25
1125,סנוברד,narciarstwo,nouns,2.3
1126,פרקליט,bankier,nouns,0.8
1127,הלילה,jutro,adverbs,0.55
1128,עכבר,pojemnik,nouns,0.05
1129,תמוה,dziwny,adjectives,4.75
1130,כנראה,może,adverbs,4.4
1131,בחירה,opinia,nouns,1.0
1132,בכנות,uczciwie,adverbs,5.2
1133,מכוער,prymitywny,adjectives,1.15
1134,טנק,samochód,nouns,0.95
1135,מכונית,rower,nouns,1.1
1136,היפותזה,teoria,nouns,4.75
1137,סילבוס,egzamin,nouns,0.6
1138,קש,żona,nouns,0.1
1139,ביקורתי,niegrzeczny,adjectives,0.8
1140,מעי,nerw,nouns,0.55
1141,בשלווה,spokojnie,adverbs,4.45
1142,ציפור,kura,nouns,2.6
1143,מבוגר,dziecko,nouns,0.7
1144,לעשות,tworzyć,verbs,3.65
1145,גבר,kobieta,nouns,0.9
1146,עצרת,zgromadzenie,nouns,5.4
1147,צמיגות,plusk,nouns,0.25
1148,מכללה,zawód,nouns,0.6
1149,בלון,wanna,nouns,0.05
1150,חסר ישע,potrzebujący,adjectives,2.6
1151,עצב,ciało,nouns,0.7
1152,אגורה,okazja,nouns,0.3
1153,חליל,muzyka,nouns,1.05
1154,לתת,pożyczyć,verbs,1.7
1155,חתול,pies,nouns,0.8
1156,זעיר,istotny,adjectives,0.45
1157,חשוב,prawdziwie,adverbs,1.1
1158,פופקורן,kino,nouns,0.7
1159,לטאה,rząd,nouns,0.05
1160,להכות,karać,verbs,1.55
1161,כימיה,teoria,nouns,0.5
1162,לצמצם,spadać,verbs,1.5
1163,כלה,pan młody,nouns,1.35
1164,ליקר,stulecie,nouns,0.05
1165,משוגע,straszliwy,adjectives,1.25
1166,ליצור,niszczyć,verbs,0.5
1167,סמן,frytki,nouns,0.15
1168,לרוץ,jeździć,verbs,0.6
1169,התעמלות,szermierka,nouns,1.05
1170,לשחרר,naciskać,verbs,0.45
1171,אחרת,nieuleczalnie,adverbs,0.4
1172,בגאווה,pokojowo,adverbs,0.1
1173,מבוגר,niemowlę,nouns,0.7
1174,להטריד,urazić,verbs,1.9
1175,נורא,smutny,adjectives,0.8
1176,הורה,dorosły,nouns,2.1
1177,להצטרף,współpracować,verbs,1.05
1178,ללחוש,mówić,verbs,2.2
1179,להבין,wiedzieć,verbs,2.45
1180,מפורסם,znany,adjectives,4.7
1181,פרטי,osobisty,adjectives,5.25
1182,עניין,świadomość,nouns,2.0
1183,לבחוש,trząść,verbs,2.2
1184,לתפוס,pojmać,verbs,5.5
1185,כיסא,łóżko,nouns,0.75
1186,חכם,inteligentny,adjectives,5.2
1187,לרסק,demolować,verbs,4.6
1188,לסגור,wymiotować,verbs,0.05
1189,מלון,mieszkanie,nouns,1.4
1190,רופא,ortodonta,nouns,4.65
1191,אמבטיה,żona,nouns,0.05
1192,ספר,wypadek,nouns,0.0
1193,כיף,piłka nożna,nouns,1.0
1194,חיידק,patogen,nouns,3.7
1195,ציוויליזציה,styl życia,nouns,0.8
1196,קיסר,konstytucja,nouns,0.3
1197,מכונית,klakson,nouns,0.75
1198,דרך,akcja,nouns,1.45
1199,ארוחה,kanapka,nouns,1.0
1200,לשלם,traktować,verbs,0.4
1201,לשלוח,uczęszczać,verbs,0.45
1202,חורף,lato,nouns,1.05
1203,ללמד,edukować,verbs,4.7
1204,לטפס,wędrować,verbs,1.3
1205,בצורת,woda,nouns,0.35
1206,תותח,bal,nouns,0.55
1207,תה,cytryna,nouns,0.5
1208,מוסיקה,melodia,nouns,3.75
1209,טבעת,zaręczyny,nouns,1.4
1210,פרח,przekonanie,nouns,0.0
1211,ילד,syn,nouns,3.0
1212,לתאר,decydować,verbs,0.25
1213,להיכחד,znikać,verbs,4.6
1214,להעמיד פנים,kłamać,verbs,3.05
1215,להקשיב,uczyć się,verbs,1.05
1216,קודם,przeszłość,nouns,1.75
1217,גוף,bark,nouns,1.3
1218,תהילה,bogactwo,nouns,1.15
1219,תפיסה,wizja,nouns,2.4
1220,לעצור,jechać,verbs,0.45
1221,נפש,neuroza,nouns,0.9
1222,עצלן,cenny,adjectives,0.0
1223,לדעת,rozumieć,verbs,2.45
1224,עצבני,pewien,adjectives,0.15
1225,אלון,klon,nouns,1.9
1226,בקר,wołowina,nouns,3.65
1227,בלבול,histeria,nouns,0.9
1228,פרה,bydło,nouns,3.65
1229,באופן אחראי,niezawodnie,adverbs,2.25
1230,מצחיק,poważny,adjectives,0.45
1231,ייתכן,prawdopodobnie,adverbs,4.8
1232,טיעון,dyskusja,nouns,1.8
1233,לעזוב,wycofywać się,verbs,3.4
1234,ספר,esej,nouns,1.25
1235,באושר,śmiertelnie,adverbs,0.15
1236,פרק,wybór,nouns,0.25
1237,אופי,osoba,nouns,1.15
1238,לשון,policzek,nouns,0.95
1239,להינשא,jednoczyć,verbs,2.35
1240,במדוייק,dokładnie,adverbs,5.4
1241,פעמיים,wielokrotnie,adverbs,0.95
1242,אגדה,morał,nouns,0.55
1243,פרח,krzak,nouns,1.75
1244,מסדרון,drzwi,nouns,0.8
1245,לפני,po,adverbs,0.7
1246,סנט,rozmiar,nouns,0.1
1247,להעיד,osądzać,verbs,0.7
1248,לעצור,podejrzewać,verbs,1.0
1249,להשפיל,pocieszać,verbs,0.35
1250,בנייה,destrukcja,nouns,0.5
1251,חריף,dobry,adjectives,0.7
1252,ערפל,chmura,nouns,1.97
1253,לעיתים רחוקות,często,adverbs,0.55
1254,מעלית,samochód,nouns,0.4
1255,צפוף,tępy,adjectives,0.1
1256,בהמה,zwierzę,nouns,2.85
1257,מורכב,ciężki,adjectives,3.3
1258,מוט,flaga,nouns,0.9
1259,מעוקל,prosty,adjectives,0.5
1260,מכוסה,ubrany,adjectives,2.6
1261,קמפוס,uniwersytet,nouns,2.8
1262,אקדח,sierżant,nouns,0.35
1263,לצחוק,chichotać,verbs,4.85
1264,חרק,pszczoła,nouns,2.35
1265,להיפגש,pozdrawiać,verbs,0.8
1266,מעולה,szalony,adjectives,1.25
1267,לשלוח,przynieść,verbs,0.55
1268,קהל,grupa,nouns,3.15
1269,לחלוק,walczyć,verbs,1.75
1270,לא אמין,pokrętny,adjectives,2.0
1271,סדין,płaszczyzna,nouns,0.25
1272,מבחן,rozprawa,nouns,1.05
1273,נושא,książka,nouns,0.6
1274,מנוע,łódź,nouns,0.95
1275,להוסיף,mnożyć,verbs,0.75
1276,מאמר מערכת,wiadomości,nouns,1.55
1277,עייף,głodny,adjectives,0.6
1278,ביישן,drogi,adjectives,0.05
1279,להרוס,rozwalić,verbs,4.6
1280,מטומטם,inteligentny,adjectives,0.45
1281,עצמי,pewność siebie,nouns,0.8
1282,כבד,duży,adjectives,1.35
1283,סלע,kopalnia,nouns,1.1
1284,רובה,działo,nouns,2.0
1285,לקחת,otrzymywać,verbs,1.6
1286,תחתית,bok,nouns,1.05
1287,דלת,okno,nouns,1.25
1288,מטוס,płachta,nouns,0.25
1289,פול,kawa ,nouns,1.25
1290,בטבעיות,nienaturalnie,adverbs,0.45
1291,חבר,przyjaciel,nouns,4.5
1292,לספוג,wycofać,verbs,0.2
1293,אוניית קרב,pancernik,nouns,4.75
1294,שור,cielę,nouns,2.3
1295,קנה סוכר,konsorcjum,nouns,0.3
1296,וויסקי,szampan,nouns,1.7
1297,להחזיק,zachować,verbs,3.2
1298,מציאות,fantazja,nouns,0.65
1299,לעמוד,chodzić,verbs,0.65
1300,ביולוגיה,biotop,nouns,1.0
1301,קיץ,zima,nouns,1.05
1302,מלכה,pszczoła,nouns,0.95
1303,מייפל,dąb,nouns,1.9
1304,סיגר,pudełko,nouns,0.35
1305,החלפה,zastępstwo,nouns,3.45
1306,נזק,ból,nouns,2.45
1307,לקבל,stracić,verbs,0.4
1308,בוודאי,wyraźnie,adverbs,3.5
1309,מנוע,tłok,nouns,1.85
1310,לחטוף,kraść,verbs,2.15
1311,לשקר,udawać,verbs,3.05
1312,ליידע,polerować,verbs,0.0
1313,מונית,samochód,nouns,3.1
1314,הסכם,pakt,nouns,5.0
1315,להינות,nienawidzić,verbs,0.2
1316,כשירות,zdolność,nouns,4.2
1317,לצוד,szukać,verbs,2.3
1318,שקופית,wskaźnik,nouns,0.2
1319,דמעה,oko,nouns,1.05
1320,יצירה,artysta ,nouns,1.25
1321,מצב,okoliczność,nouns,4.55
1322,זיהום,prezydent,nouns,0.15
1323,סירה,drzewo,nouns,0.65
1324,שח,szachy,nouns,2.9
1325,ראוי,grzeczny,adjectives,1.3
1326,עושר,prestiż,nouns,2.1
1327,פרטי,publiczny,adjectives,0.5
1328,לעזוב,przyłączyć się,verbs,0.5
1329,להתבונן,oglądać,verbs,5.0
1330,צפוף,twardy,adjectives,0.45
1331,תסריטאי,telewizja,nouns,0.7
1332,לשפוט,zeznawać,verbs,0.7
1333,לאמוד,uczyć się,verbs,1.15
1334,להעליב,urazić,verbs,4.4
1335,צלחת,miska,nouns,2.95
1336,לבחור,odrzucić,verbs,0.3
1337,ספירה,piłka,nouns,2.6
1338,לצמוח,wzrosnąć,verbs,2.0
1339,טקסי,taksówka,nouns,5.65
1340,קשה,łatwy,adjectives,0.5
1341,לדמיין,udawać,verbs,1.5
1342,לגחך,śmiać się,verbs,4.85
1343,מסע,podbój,nouns,0.95
1344,מחוץ לנישואין,niecenzuralny,adjectives,0.2
1345,להזדרז,śpieszyć,verbs,5.15
1346,כסף,perła,nouns,0.55
1347,לברר,myśleć,verbs,0.8
1348,ניטרלי,niezdecydowany,adjectives,1.65
1349,סערה,koc,nouns,0.4
1350,אובך,chmura,nouns,1.75
1351,לחלוטין,zasadniczo,adverbs,1.15
1352,מונית,taxi,nouns,5.65
1353,אדום,niebieski,adjectives,0.75
1354,עץ,wanna,nouns,0.1
1355,תרומה,ofiara,nouns,1.95
1356,לדחות,obierać,verbs,0.3
1357,משעמם,zmęczony,adjectives,0.65
1358,אופניים,sypialnia,nouns,0.15
1359,לחנוק,spalić,verbs,0.45
1360,לשון,gardło,nouns,1.0
1361,טניס,statystyka,nouns,0.15
1362,בת,niemowlę,nouns,2.9
1363,חדר שינה,łóżko,nouns,1.5
1364,יחידה,armia,nouns,2.45
1365,לנמק,argumentować,verbs,3.3
1366,ברוגע,pokojowo,adverbs,4.45
1367,מטוס,lotnisko,nouns,1.25
1368,קישוט,koperta,nouns,0.3
1369,לציית,zachowywać się,verbs,2.05
1370,מכונית,wąż (ogrodowy),nouns,0.5
1371,להכריז,ogłaszać,verbs,4.4
1372,זמר,aktor,nouns,1.05
1373,מנהל,lider,nouns,3.65
1374,לעזוב,czekać,verbs,0.2
1375,מכונית,winda,nouns,0.4
1376,נסיך,król,nouns,1.85
1377,לחזות,ustalać,verbs,1.65
1378,מדינה,dom ,nouns,0.65
1379,כסף,diament,nouns,0.8
1380,הרמוניה,pianino,nouns,0.65
1381,לדכא,zmartwić,verbs,1.15
1382,לילה,rozdział,nouns,0.05
1383,שחר,pistolet,nouns,0.0
1384,לבזבז,oszczędzać,verbs,0.5
1385,אמורפי,bezkształtny,adjectives,5.45
1386,חצוף,krytyczny,adjectives,0.8
1387,קבל,dioda,nouns,1.2
1388,חבר,nauczyciel,nouns,0.55
1389,מלוכלך,wąski,adjectives,0.0
1390,להשאיר,dostać,verbs,0.35
1391,מערב,północ,nouns,1.35
1392,לעולם לא,szczerze,adverbs,0.0
1393,ביטוי,słowo,nouns,3.35
1394,מילון,słowo,nouns,1.35
1395,נפלא,świetny,adjectives,5.0
1396,להצליח,wygrać,verbs,2.4
1397,לדחות,skończyć,verbs,0.45
1398,לשון,mięsień,nouns,1.35
1399,אמונה,kwiat,nouns,0.0
1400,קניון,dolina,nouns,3.6
1401,הר געש,magma,nouns,1.7
1402,רדאר,dżojstik,nouns,0.1
1403,לצעוק,kłócić się,verbs,2.55
1404,מוכר,narodowy,adjectives,0.85
1405,זרוע,noga,nouns,1.3
1406,נוכחות,zwycięzca,nouns,0.05
1407,מטרה,poszukiwanie,nouns,1.3
1408,בסיס,kwas,nouns,0.6
1409,ביתן,chatka,nouns,4.6
1410,בשר,kanapka,nouns,0.55
1411,להתמוסס,wymieszać,verbs,1.55
1412,מיוחד,wartościowy,adjectives,2.8
1413,מלהיב,nudny,adjectives,0.45
1414,לארגן,ustalać,verbs,4.2
1415,בחור,partner,nouns,2.1
1416,להשאיל,błagać,verbs,0.45
1417,דלת,obecność,nouns,0.15
1418,פרה,bydło,nouns,4.4
1419,מילה,wskazówka,nouns,0.8
1420,זיהום,fleksja,nouns,0.1
1421,ספה,baseball,nouns,0.1
1422,לשוטט,włóczyć się,verbs,4.35
1423,אשליה,rzeczywistość,nouns,0.6
1424,מפעל,samochód,nouns,0.55
1425,לחזות,przypuszczać,verbs,3.7
1426,לקחת,posiąść,verbs,2.0
1427,עשור,era,nouns,2.5
1428,לתעב,obciążać,verbs,0.5
1429,ענן,burza,nouns,1.5
1430,דביק,mokry,adjectives,0.85
1431,גאוני,świetny,adjectives,2.1
1432,סרט,film,nouns,3.9
1433,כף,filiżanka,nouns,0.95
1434,הערה,opłata,nouns,0.0
1435,לבנה,ściana,nouns,1.2
1436,אי,półwysep,nouns,1.8
1437,חזה,ciało,nouns,1.7
1438,מצפן,słoń,nouns,0.0
1439,אגם,chmura,nouns,0.6
1440,צנזורה,swoboda,nouns,0.5
1441,עצב,trzewia,nouns,0.55
1442,לטייל,iść,verbs,2.55
1443,להראות,udawać,verbs,1.1
1444,למסור,akceptować,verbs,0.5
1445,קולונל,dentysta,nouns,0.3
1446,רעשן,hałas,nouns,2.6
1447,חייל,chłopiec,nouns,0.45
1448,זנב,klif,nouns,0.0
1449,לנשוך,czytać,verbs,0.0
1450,באולינג,kręglarz,nouns,2.45
1451,פגישה,zobowiązanie,nouns,0.9
1452,משוגע,nieszczęśliwy,adjectives,0.5
1453,להושיע,ratować,verbs,5.65
1454,שפך,morze,nouns,1.2
1455,שיעור,wartość,nouns,0.95
1456,כתף,ciało,nouns,1.3
1457,מים,susza,nouns,0.35
1458,פונקציה,kompilator,nouns,1.9
1459,שריף,gliniarz,nouns,4.0
1460,שיעורי בית,esej,nouns,2.05
1461,היגיון,inteligencja,nouns,2.55
1462,הכרחי,niepotrzebny,adjectives,0.55
1463,בדיוק,precyzyjnie,adverbs,5.4
1464,אוכל,program,nouns,0.25
1465,תמוה,dziwaczny,adjectives,3.9
1466,אמונה,opinia,nouns,3.75
1467,טייס משנה,kokpit,nouns,0.8
1468,להתכווץ,zniknąć,verbs,2.05
1469,לערבב,rozpuszczać,verbs,1.55
1470,אקזמה,wysypka,nouns,2.35
1471,סכין,pistolet,nouns,1.25
1472,חתול,lew,nouns,2.35
1473,רכב,autobus,nouns,2.65
1474,מובך,zmartwiony,adjectives,0.9
1475,עצבני,zaniepokojony,adjectives,1.65
1476,מנגינה,rytm,nouns,2.8
1477,עיירה,miasto,nouns,3.65
1478,סמל,kod,nouns,2.2
1479,אמיתי,fałszywy,adjectives,0.5
1480,לטאה,krokodyl,nouns,2.05
1481,אמבטיה,pokój,nouns,0.75
1482,ספר,temat,nouns,0.7
1483,לשפוך,kapać,verbs,1.9
1484,קשיח,twardy,adjectives,3.7
1485,לשנוא,gardzić,verbs,5.0
1486,להודיע,uznawać,verbs,0.9
1487,בן,brat,nouns,1.65
1488,לקבל,polecać,verbs,0.75
1489,ירח,planeta,nouns,1.7
1490,לצחוק,śpiewać,verbs,0.45
1491,קליבר,parasol,nouns,0.3
1492,משאית,samochód,nouns,3.3
1493,לתפוס,otrzymywać,verbs,0.7
1494,להודות,zaprzeczać,verbs,0.5
1495,כפפה,piłka,nouns,0.6
1496,עכבר,szczur,nouns,1.95
1497,עמק,depresja,nouns,0.7
1498,זמר,personel,nouns,0.1
1499,דבורה,królowa,nouns,0.95
1500,שונית,plaża,nouns,1.25
1501,לוחם,mężczyzna,nouns,1.55
1502,לספוג,redukować,verbs,0.25
1503,לחקור,ignorować,verbs,0.25
1504,תא,pokój,nouns,2.65
1505,מטוס,helikopter,nouns,2.2
1506,להכות,pociągać,verbs,0.45
1507,הרחק,w domu,adverbs,0.55
1508,עוף,stek,nouns,1.4
1509,להבין,wybaczać,verbs,1.6
1510,דירה,hotel,nouns,1.4
1511,עצם,zęby,nouns,1.95
1512,מקור,pudełko,nouns,0.0
1513,זועם,niepewny,adjectives,0.7
1514,אפס,nieskończoność,nouns,0.85
1515,הפוך,inny,adjectives,1.1
1516,לפעמים,często,adverbs,1.15
1517,כלה,księżniczka,nouns,0.8
1518,מטבח,łazienka,nouns,1.05
1519,לקבור,umrzeć,verbs,1.25
1520,יד,palec,nouns,1.55
1521,קרמיקה,garncarstwo,nouns,3.25
1522,לאחד,wiązać,verbs,3.4
1523,מדע,psychologia,nouns,1.9
1524,נסיכות,ziemie książęce,nouns,4.25
1525,מכונית,łódź,nouns,1.1
1526,ללמד,karać,verbs,0.5
1527,כותנה,poliester,nouns,1.0
1528,כרגע,niedawno,adverbs,0.8
1529,דיסק,komputer,nouns,1.15
1530,לחלוטין,marginalnie,adverbs,0.5
1531,עלה,drzewo,nouns,1.15
1532,רוטב,jabłko,nouns,0.4
1533,צוק,wzgórze,nouns,2.15
1534,אלכוהול,wino,nouns,2.65
1535,יקום,niebo,nouns,1.75
1536,למסור,brać,verbs,0.65
1537,צנום,szczupły,adjectives,5.0
1538,יופי,wiek,nouns,0.5
1539,לתאר,powiadamiać,verbs,1.1
1540,אורח,przyjaciel,nouns,1.65
1541,תוקפנות,wrogość,nouns,4.45
1542,בוגר,wyrafinowany,adjectives,1.3
1543,קומה,drzwi,nouns,0.7
1544,לצלול,tworzyć,verbs,0.1
1545,להמתין,zostać,verbs,2.05
1546,ראש,prezydent,nouns,1.8
1547,באופן משמעותי,głęboko,adverbs,2.35
1548,במהירות,pilnie,adverbs,3.65
1549,קלף,brydż,nouns,1.2
1550,כעס,szał,nouns,4.7
1551,מסך,fonologia,nouns,0.15
1552,לאסור,zatrzymywać,verbs,1.8
1553,מים,lód,nouns,1.75
1554,רגל,piasek,nouns,0.25
1555,כנסייה,chór,nouns,1.25
1556,מדליה,adidasy,nouns,0.55
1557,שמיים,słońce,nouns,1.35
1558,חיוני,konieczny,adjectives,5.2
1559,עיתון,artykuł,nouns,1.6
1560,נהר,morze,nouns,1.8
1561,ליידע,powiadamiać,verbs,5.45
1562,להתחזות,wyobrażać sobie,verbs,1.5
1563,להבין,wiedzieć,verbs,2.5
1564,אף,głowa,nouns,1.15
1565,לשוחח,tłumaczyć,verbs,1.65
1566,יציאה,prawo wyborcze,nouns,0.05
1567,מערכת אקולוגית,ekonomia,nouns,0.55
1568,עבריין,kryminalista,nouns,5.4
1569,תמים,wolny,adjectives,0.65
1570,יוגורט,bydło,nouns,0.65
1571,לתת,wyrzec się,verbs,0.5
1572,רשמית,silnie,adverbs,0.35
1573,ילד,dorosły,nouns,0.7
1574,אלכוהול,koktajl,nouns,2.5
1575,תפוח,światło słoneczne,nouns,0.05
1576,גיוס כספים,rozwój,nouns,0.45
1577,מטומטם,niemądry,adjectives,4.6
1578,לריב,gryźć,verbs,1.05
1579,דיסק,ładowarka,nouns,0.35
1580,לחבק,udusić,verbs,0.35
1581,להיפגש,pływać,verbs,0.05
1582,מוסלמי,biskup,nouns,0.7
1583,אופנה,tryb,nouns,0.4
1584,נוקשה,łatwy,adjectives,0.4
1585,טיול,podróż,nouns,4.7
1586,צוק,ogon,nouns,0.0
1587,שקיעה,sznurek,nouns,0.0
1588,טרי,nowy,adjectives,4.0
1589,להבין,czytać,verbs,0.95
1590,באופן לא מדויק,dokładnie,adverbs,0.5
1591,יקר ערך,leniwy,adjectives,0.0
1592,באופן אחיד,czasem,adverbs,0.25
1593,מנהרה,ścieżka,nouns,0.9
1594,לגנוב,dać,verbs,0.4
1595,נשיא,uczeń,nouns,0.2
1596,לרסק,roztrzaskać,verbs,5.35
1597,לקשור,jednoczyć,verbs,3.4
1598,רעיה,matka,nouns,1.8
1599,למכור,przypominać,verbs,0.0
1600,ייתכן,optymistycznie,adverbs,0.95
1601,קרב,podbój,nouns,2.25
1602,מכשיר,garnek,nouns,0.55
1603,לקדם,awansować,verbs,2.8
1604,להעריץ,podziwiać,verbs,3.45
1605,ללמוד,absorbować,verbs,1.35
1606,ליצור,wyobrażać sobie,verbs,2.0
1607,לקבל,wysyłać,verbs,0.7
1608,נהר,dolina,nouns,0.9
1609,לאפשר,erodować,verbs,0.05
1610,לדעת,dać,verbs,0.1
1611,מילה,literatura,nouns,1.75
1612,אשראי,pożyczkobiorca,nouns,1.45
1613,קשה,prosty,adjectives,0.4
1614,עבודה,narzędzie,nouns,0.75
1615,לחנך,uczyć  ,verbs,4.7
1616,להחזיק,zachować,verbs,2.45
1617,חדשות,plotka,nouns,1.95
1618,מילקשייק,sok,nouns,1.35
1619,רוח,szkwał,nouns,2.85
1620,לשמור,zatrzymywać,verbs,3.2
1621,נסיכה,król,nouns,1.6
1622,נמלה,pszczoła,nouns,1.15
1623,רגל,ręka,nouns,1.0
1624,תקשורת,konwersacja,nouns,2.5
1625,משעמם,znudzony,adjectives,1.85
1626,ספה,łóżko,nouns,2.95
1627,קל,skomplikowany,adjectives,0.5
1628,לרכוש,znaleźć,verbs,1.45
1629,בוודאי,zdecydowanie,adverbs,5.45
1630,למנוע,odrzucić,verbs,1.4
1631,זיהום,schorzenie,nouns,2.55
1632,מסודר,niechlujny,adjectives,0.5
1633,להציל,topić,verbs,0.55
1634,בלתי אפשרי,wykonalny,adjectives,0.5
1635,שריר,język ,nouns,1.35
1636,מצב רוח,emocja,nouns,3.6
1637,משימה,notatka,nouns,0.65
1638,להקיא,zamykać,verbs,0.05
1639,אישה,sekretarka,nouns,1.6
1640,מפוחד,nerwowy,adjectives,1.3
1641,חולדה,mysz,nouns,1.95
1642,להחליף,przywrócić,verbs,2.0
1643,גדול,giętki,adjectives,0.1
1644,עדשה,aparat,nouns,1.25
1645,להגיע,wysyłać,verbs,0.45
1646,בשר,chleb,nouns,0.45
1647,מרפאה,łóżko,nouns,0.65
1648,פורל,gitara,nouns,0.05
1649,משימה,kobieta,nouns,0.0
1650,חקר דגלים,flaga,nouns,1.3
1651,לעזוב,spotykać,verbs,0.35
1652,לרוב,nieregularnie,adverbs,0.5
1653,ללכת,zezwalać,verbs,0.15
1654,ביתן,chata,nouns,4.45
1655,קומה,dach,nouns,1.0
1656,עצום,wielki,adjectives,5.45
1657,להציל,ocalać,verbs,5.65
1658,כבד,objuczony,adjectives,1.2
1659,לילה,świt,nouns,0.75
1660,לעזוב,brać,verbs,0.15
1661,להתפלל,komunikować,verbs,0.85
1662,אצטילכולין,tęczówka,nouns,0.6
1663,חסר בית,bilioner,nouns,0.45
1664,חדר,wanna,nouns,0.75
1665,אורתודונט,doktor,nouns,3.0
1666,להתגבר,dominować,verbs,1.25
1667,סופה,wiatr,nouns,2.85
1668,מורכב,łatwy,adjectives,0.45
1669,שמח,rozzłoszczony,adjectives,0.55
1670,סנט,żona,nouns,0.05
1671,מונוקלטורה,rolnictwo,nouns,1.4
1672,ספר,motyw,nouns,0.5
1673,להיעלם,zniknąć,verbs,4.6
1674,חליפין,waluta,nouns,0.85
1675,לימון,herbata,nouns,0.5
1676,מפתח,korona ,nouns,0.05
1677,חוק,konwencja,nouns,2.7
1678,חור,żona,nouns,0.0
1679,חופשי,niewinny,adjectives,0.65
1680,בת,dzieciak,nouns,3.1
1681,סמל,dostojeństwo,nouns,1.8
1682,אמן,dzieło sztuki,nouns,1.25
1683,עץ,koc,nouns,0.15
1684,צריף,schronienie,nouns,2.05
1685,דודה,siostrzeniec,nouns,1.1
1686,לאחרונה,obecnie,adverbs,0.8
1687,להשתכר,zasługiwać,verbs,0.6
1688,נדיר,egzotyczny,adjectives,4.6
1689,מנחה,wkład,nouns,1.95
1690,חולה,szalony,adjectives,1.7
1691,גלריה,prawnik,nouns,0.0
1692,גברים,braterstwo,nouns,1.05
1693,מערכת,wada,nouns,0.25
1694,פשיטת רגל,porażka,nouns,1.95
1695,בטוח,pewien,adjectives,4.55
1696,מזיק,pestycyd,nouns,1.35
1697,מטומטם,ogromny,adjectives,0.1
1698,להצליח,nawalić,verbs,0.5
1699,שמיכה,drewno,nouns,0.15
1700,הומופון,fotofon,nouns,0.55
1701,לתת,kłaść,verbs,0.6
1702,בייסבול,braterstwo,nouns,0.25
1703,דלת,podłoga,nouns,0.7
1704,חלון,kostka,nouns,0.0
1705,טייפון,cyklon,nouns,4.35
1706,גיל,piękno,nouns,0.5
1707,לומר,wyrażać,verbs,3.9
1708,עקשן,głupi,adjectives,0.7
1709,להראות,stać się,verbs,0.3
1710,ברית מילה,napletek,nouns,1.45
1711,ליצור,rysować,verbs,2.0
1712,להתווכח,rządać,verbs,0.65
1713,טרף,bóg,nouns,0.05
1714,בישוף,muzułmanin,nouns,0.7
1715,שיעור,chaos,nouns,0.15
1716,אח,dusza,nouns,0.25
1717,בית,mieszkanie,nouns,4.6
1718,משוגע,szczęśliwy,adjectives,0.45
1719,באופן ידידותי,nieprawdopodobny,adverbs,0.05
1720,באלגנטיות,pięknie,adverbs,2.7
1721,בלדה,piosenka ,nouns,3.9
1722,פסקה,list,nouns,0.95
1723,בברור,pewnie,adverbs,3.5
1724,גבר,mąż,nouns,2.5
1725,זהה,podobny,adjectives,3.6
1726,מחלה,infekcja,nouns,2.65
1727,ציבורי,prywatny,adjectives,0.5
1728,סמטה,miska,nouns,0.0
1729,מעיל,kapelusz,nouns,0.75
1730,למות,rozpadać się,verbs,0.7
1731,לאמוד,analizować,verbs,1.4
1732,אוטובוס,taksówka,nouns,1.8
1733,שמח,obłąkany,adjectives,0.5
1734,לסדר,zbierać,verbs,2.15
1735,להוכיח,tłumaczyć,verbs,1.7
1736,לשתף,złączyć,verbs,1.05
1737,מתמטיקאי,widowisko,nouns,0.05
1738,פלדה,stop ,nouns,2.35
1739,שביל,tunel,nouns,0.9
1740,אנטומיה,biologia,nouns,2.65
1741,למשוך,pchać,verbs,0.75
1742,מוכר,popularny,adjectives,4.7
1743,חרק,mrówka,nouns,1.9
1744,נדיר,tępy,adjectives,0.1
1745,אורז,kurczak,nouns,0.6
1746,לדבר,uznawać,verbs,0.65
1747,מקצוע,koledż,nouns,0.6
1748,ללא רבב,czysty,adjectives,4.75
1749,תג,szklanka,nouns,0.25
1750,כחול,czerwony,adjectives,0.75
1751,סונטה,piękno,nouns,0.3
1752,נטייה,infekcja,nouns,0.1
1753,להופיע,stać się,verbs,0.8
1754,להגן,pomagać,verbs,2.05
1755,מפלצת,demon,nouns,4.55
1756,רעיון,projekt,nouns,2.5
1757,דעה קדומה,szowinista,nouns,2.0
1758,רגיל,zimny,adjectives,0.2
1759,ילד,chłopiec,nouns,3.65
1760,טוב,pikantny,adjectives,0.7
1761,בישוף,arcybiskup,nouns,2.55
1762,חיבור,praca domowa,nouns,2.05
1763,שמח,młody,adjectives,0.5
1764,לנסוג,odchodzić,verbs,3.4
1765,סגנון,moda,nouns,4.05
1766,עץ,papier,nouns,1.15
1767,וידוי,wyparcie,nouns,0.5
1768,חוף,plaża,nouns,3.3
1769,כוכב,asteroida,nouns,1.65
1770,אקדח,notatnik,nouns,0.0
1771,דלת,piwnica,nouns,0.55
1772,גיטרה,bęben,nouns,1.5
1773,גודש,mnóstwo,nouns,3.95
1774,לסרב,odmawiać,verbs,4.55
1775,להופיע,wychodzić,verbs,0.55
1776,לייעץ,sugerować,verbs,3.9
1777,עמק,kanion,nouns,3.6
1778,גאה,arogancki,adjectives,2.95
1779,עין,brew,nouns,0.9
1780,תקשורת,język,nouns,2.25
1781,רע,niemoralny,adjectives,2.65
1782,מיקרוסקופ,biolog,nouns,0.9
1783,בקלות,pobieżnie,adverbs,0.3
1784,לרכוש,złączyć,verbs,0.25
1785,סערה,śnieg,nouns,1.5
1786,חודש,sierpień,nouns,2.25
1787,קפה,ziarnko,nouns,1.25
1788,להגיע,przyjść,verbs,4.8
1789,לעשות,zdarzyć się,verbs,0.9
1790,חלון,chmura,nouns,0.3
1791,לעיתים קרובות,rzadko,adverbs,0.55
1792,שקיעה,stół,nouns,0.0
1793,מנזר,prysznic,nouns,0.0
1794,שקיעה,wieczór,nouns,2.2
1795,תחום,granica,nouns,3.85
1796,עץ,łódź,nouns,0.65
1797,גלקסי,aplikacja,nouns,0.3
1798,קרח,woda,nouns,1.75
1799,לשמור,pozostać,verbs,0.95
1800,לשכנע,próbować,verbs,1.25
1801,הברה,lemma,nouns,0.85
1802,מכללה,klasa,nouns,1.0
1803,למה,sylaba,nouns,0.85
1804,להכחיש,kłamać,verbs,1.15
1805,ספר,opowieść,nouns,2.35
1806,לנסות,osiągnąć,verbs,0.65
1807,לספוג,posiąść,verbs,0.75
1808,קוקטייל,alkohol,nouns,2.5
1809,לצחוק,płakać,verbs,0.5
1810,עצם,szyja,nouns,0.75
1811,כועס,zadowolony,adjectives,0.5
1812,ארכיבישוף,biskup,nouns,2.55
1813,לפעמים,pewnie,adverbs,0.05
1814,מסיבה,ludzie,nouns,1.0
1815,ענן,okno,nouns,0.3
1816,מינט,muzeum,nouns,0.25
1817,עצוב,zawstydzony,adjectives,0.9
1818,בבטחה,potajemnie,adverbs,0.45
1819,עוני,bogactwo,nouns,0.6
1820,מידה,wielkość,nouns,4.6
1821,אלסטי,giętki,adjectives,5.45
1822,להעניש,uderzyć,verbs,1.55
1823,דירה,meble,nouns,0.8
1824,לסת,kość,nouns,1.4
1825,נוצרי,protestant,nouns,2.35
1826,עובד,mechanik,nouns,2.05
1827,ברך,ramię,nouns,1.05
1828,לקבל,złapać,verbs,0.7
1829,לימודים,ocena,nouns,1.15
1830,מספר,cyfra,nouns,4.9
1831,מטבע,wymiana,nouns,0.85
1832,סרט,nihilizm,nouns,0.15
1833,אופנה,styl,nouns,4.05
1834,בעל,mężczyzna,nouns,2.5
1835,שלום,żołnierz,nouns,0.55
1836,נווה מדבר,wolność,nouns,0.55
1837,לבן,wąski,adjectives,0.0
1838,להתפורר,umrzeć,verbs,0.7
1839,זרבובית,płyn,nouns,0.45
1840,אגודל,ręka,nouns,1.55
1841,מגירה,ubrania,nouns,0.7
1842,גבר,wojownik,nouns,1.55
1843,מוט,zasłona,nouns,0.7
1844,למצוא,zlokalizować,verbs,4.2
1845,זרוע,nadgarstek,nouns,1.45
1846,נשמה,brat,nouns,0.25
1847,קוסם,kabel,nouns,0.15
1848,בן,ojciec,nouns,1.55
1849,להחזיק,przytulić,verbs,1.35
1850,מותן,posiłek,nouns,0.45
1851,שטיח,dom,nouns,0.6
1852,שחקן,piosenkarz,nouns,1.05
1853,קוד,symbol,nouns,2.2
1854,בירה,szampan,nouns,1.8
1855,טקסט,książka,nouns,2.3
1856,בשקט,naturalnie,adverbs,0.2
1857,חדש,świeży,adjectives,4.0
1858,מקלחת,klasztor,nouns,0.0
1859,סלט,ocet,nouns,0.7
1860,בשלווה,dumnie,adverbs,0.1
1861,פחמן,atom,nouns,1.6
1862,באופטימיות,możliwie,adverbs,0.95
1863,החל,startować,verbs,5.0
1864,להשתנות,zmienić,verbs,2.9
1865,לקרוא,gryźć,verbs,0.0
1866,תחביר,hasło,nouns,0.65
1867,בקתה,domek,nouns,4.45
1868,רכילות,wiadomości,nouns,1.95
1869,צבא,oddział,nouns,2.45
1870,שמש,niebo,nouns,1.35
1871,לקבוע,przewidywać,verbs,1.65
1872,אוויוניקה,aeronautyka,nouns,2.15
1873,גרון,nos,nouns,1.0
1874,להרוג,niszczyć,verbs,1.8
1875,לעיתים,regularnie,adverbs,1.05
1876,תפוח,dieta,nouns,0.55
1877,להשיג,powieść się,verbs,2.75
1878,לאפשר,zezwalać,verbs,5.2
1879,כתב יד,artykuł,nouns,1.7
1880,חסר ביטחון,potrzebujący,adjectives,0.85
1881,יען,sad,nouns,0.1
1882,להחליט,ukazywać,verbs,0.25
1883,דולר,milioner,nouns,0.85
1884,לשוטט,szukać,verbs,1.25
1885,פרח,wytrzymałość,nouns,0.0
1886,לאומי,duży,adjectives,0.35
1887,ללכת,podróżować,verbs,2.55
1888,באופן אמין,pasywnie,adverbs,0.6
1889,שיר,rytm,nouns,1.35
1890,להעניש,przestrzegać,verbs,0.8
1891,מלך,książę,nouns,1.85
1892,כדורעף,piłka,nouns,1.85
1893,שור,koń,nouns,1.65
1894,אור,jabłko,nouns,0.05
1895,ילד,chłopiec,nouns,3.45
1896,ים,rzeka,nouns,1.8
1897,דולר,ludzie,nouns,0.05
1898,רך,gwałtowny,adjectives,0.35
1899,בדיל,aluminium,nouns,2.3
1900,לשלוט,zatrzymywać,verbs,0.55
1901,סטודנט,profesor,nouns,0.85
1902,באזור,blisko,adverbs,3.15
1903,רופא,doktor,nouns,5.3
1904,איריס,acetylocholina,nouns,0.6
1905,הכרחי,ważny,adjectives,3.75
1906,מילה,strona,nouns,0.95
1907,לעזור,asystować,verbs,5.35
1908,ציפורן,ręka,nouns,0.55
1909,כבוש,hymn,nouns,0.25
1910,סעודה,kurczak,nouns,0.6
1911,חתול,zwięrzę domowe,nouns,2.95
1912,להקשיב,słyszeć,verbs,3.05
1913,צורה,moda,nouns,0.4
1914,אמא,przyjaciel,nouns,0.85
1915,לדכא,zachęcać,verbs,0.5
1916,נהג,pilot,nouns,2.25
1917,לימודים,prawo,nouns,0.6
1918,תחזית,zachmurzenie,nouns,0.75
1919,כלב,koń,nouns,0.95
1920,מפוחד,nieśmiały,adjectives,1.9
1921,פוטופון,homofon,nouns,0.55
1922,אלכוהול,whisky,nouns,2.65
1923,רע,winny,adjectives,1.45
1924,מבצע,piosenka,nouns,0.85
1925,אבא,matka,nouns,1.7
1926,אלכוהול,piwo,nouns,2.9
1927,גינה,wąż ogrodowy,nouns,0.85
1928,עצוב,dumny,adjectives,0.25
1929,תבונה,inteligencja,nouns,4.85
1930,טלפון סללורי,ananas,nouns,0.0
1931,להקשיב,przestrzegać,verbs,2.4
1932,מיד,niebawem,adverbs,1.6
1933,לאסוף,organizować,verbs,2.15
1934,לאתר,znaleźć,verbs,4.2
1935,טלפון סלולרי,telefon,nouns,4.85
1936,כיבוש,bitwa,nouns,2.25
1937,מהיר,prędki,adjectives,5.35
1938,לשרוף,udusić,verbs,0.45
1939,לפנות,ustalać,verbs,0.1
1940,נוקשה,kruchy,adjectives,0.45
1941,לאמת,uzasadniać,verbs,2.1
1942,שרפרף,krzesło,nouns,3.2
1943,ענן,pogoda,nouns,1.0
1944,תיאוריה,chemia,nouns,0.5
1945,גלוי,oczywisty,adjectives,3.05
1946,ציפור,indyk,nouns,2.4
1947,כוס,słoik,nouns,1.8
1948,יום,noc,nouns,0.55
1949,מעורבב,stary,adjectives,0.05
1950,להקטין,obniżać,verbs,4.3
1951,אוכלוסייה,ludzie,nouns,3.95
1952,לשער,przewidywać,verbs,3.7
1953,צריף,domek,nouns,4.6
1954,שבועי,miesięczny,adjectives,1.05
1955,ללכת,przyjść,verbs,1.6
1956,אינטליגנציה,ignorancja,nouns,0.45
1957,סעודה,posiłek,nouns,5.15
1958,ביישן,przestraszony,adjectives,1.9
1959,מכתב,akapit,nouns,0.95
1960,מסכן,dumny,adjectives,0.2
1961,בבגרות,słusznie,adverbs,1.2
1962,מטופל,sesja,nouns,0.55
1963,ערמומי,hardy,adjectives,0.9
1964,לנדוד,odchodzić,verbs,1.05
1965,פנינה,pieniądze,nouns,0.55
1966,לדמיין,tworzyć,verbs,2.0
1967,מדביר,szkodnik,nouns,1.35
1968,ספרה,liczba,nouns,4.9
1969,חיל הים,wyspa,nouns,0.25
1970,ברור,zauważalny,adjectives,3.25
1971,גוף,klatka piersiowa,nouns,1.7
1972,המון,tłum,nouns,4.05
1973,מנעול,klucz,nouns,0.95
1974,להתעלם,pytać,verbs,0.35
1975,גבר,wartownik,nouns,0.85
1976,מיתוס,satyra,nouns,1.45
1977,להתנהג,przestrzegać,verbs,2.05
1978,שיר,ballada,nouns,3.9
1979,שריר,ramię,nouns,1.35
1980,נוירופסיכולוגיה,parapsychologia,nouns,1.2
1981,קרח,śnieg,nouns,2.4
1982,איבר,nerka,nouns,2.8
1983,קרוב,lokalnie,adverbs,3.15
1984,גיבור,bohaterka,nouns,4.2
1985,מיץ,milkshake,nouns,1.35
1986,תחליף,wymiana,nouns,3.45
1987,עכבר,kot,nouns,0.9
1988,רגל,głowa,nouns,0.7
1989,להתאחד,zaślubić,verbs,2.35
1990,סמסטר,trymestr,nouns,2.1
1991,אשמה,system,nouns,0.25
1992,פושע,przestępca,nouns,5.4
1993,לתעב,nienawidzić,verbs,5.0
1994,לשנוא,lubić,verbs,0.2
1995,לקחת,zostawić,verbs,0.15
1996,כובע,pudełko,nouns,0.15
1997,אוויר,cząsteczka,nouns,1.25
1998,ספרות,słowo,nouns,1.75
1999,להיות ראוי,zarabiać,verbs,0.6
2000,קל,trudny,adjectives,0.45
2001,עוצמתי,mocny,adjectives,4.85
2002,מנטה,guma,nouns,0.75
2003,משקה,piwo,nouns,2.5
2004,אישה,futro,nouns,0.2
2005,לגנוב,porwać,verbs,2.15
2006,בחירות,wybór,nouns,2.65
2007,דם,mięso,nouns,1.0
2008,סופר,powieść,nouns,1.05
2009,דוקטור,lekarz,nouns,5.3
2010,בדחיפות,szybko,adverbs,3.65
2011,ללמוד,dezorientować,verbs,0.3
2012,אוגוסט,miesiąc,nouns,2.25
2013,מיטה,sypialnia,nouns,1.5
2014,לפגוע,dokuczać,verbs,2.55
2015,קדוש,grzesznik,nouns,0.45
2016,פעם אחת,natychmiast,adverbs,0.3
2017,רומן,pisarz,nouns,1.05
2018,לשבור,pękać,verbs,3.4
2019,אשם,uczciwy,adjectives,0.3
2020,בעצב,emocjonalnie,adverbs,0.9
2021,מוגן,nużący,adjectives,0.1
2022,לבחון,zbadać,verbs,3.35
2023,קבר,ponowny pochówek,nouns,1.6
2024,מבולגן,czysty,adjectives,0.45
2025,לתת,kraść,verbs,0.4
2026,חשמל,futerał,nouns,0.2
2027,לחפש,dowiadywać się,verbs,1.75
2028,שורש,trawa,nouns,0.85
2029,חמאה,ziemniak,nouns,0.7
2030,באופן סביל,niezawodnie,adverbs,0.6
2031,להכות,smagać,verbs,3.6
2032,ללכת,utykać,verbs,1.15
2033,כלייה,organ,nouns,2.8
2034,להתעלם,eksplorować,verbs,0.25
2035,לקבל,brać,verbs,1.6
2036,אוהד,krykiet,nouns,0.5
2037,להתרחב,rosnąć,verbs,4.0
2038,אוקיינוס,morze,nouns,2.75
2039,חדשות,wstępniak,nouns,1.55
2040,מעוקל,agresywny,adjectives,0.05
2041,משולב,mieszany,adjectives,2.4
2042,מרוץ,filozof,nouns,0.0
2043,ציפורן,głowa,nouns,0.5
2044,התרמה,wydarzenie,nouns,1.15
2045,אקדח,świt,nouns,0.0
2046,פעולה,bieg,nouns,1.45
2047,טרי,szeroki,adjectives,0.05
2048,משכורת,opłata,nouns,1.05
2049,להודיע,ukazywać,verbs,1.1
2050,חדשני,kreatywny,adjectives,3.6
2051,לנסות,zamierzać,verbs,1.4
2052,למהר,śpieszyć się,verbs,5.15
2053,מטאטא,kurz,nouns,0.75
2054,חמישי,czołowy,adjectives,0.25
2055,בקוצר רוח,pobieżnie,adverbs,0.7
2056,שיר,wykonawca,nouns,0.85
2057,מקלט,chatka,nouns,2.05
2058,לסחור,sprzedawać,verbs,4.65
2059,רעב,spragniony,adjectives,1.25
2060,באופן שולי,kompletnie,adverbs,0.5
2061,שונה,normalny,adjectives,0.55
2062,הודו,ptak,nouns,2.4
2063,לציית,słuchać,verbs,2.4
2064,בחשש,nerwowo,adverbs,1.5
2065,קל,ciężki,adjectives,0.5
2066,רגש,nastrój,nouns,3.6
2067,כבוד,insygnia,nouns,1.8
2068,נורא,świetny,adjectives,0.4
2069,נוכחות,drzwi,nouns,0.15
2070,ביולוגיה,anatomia,nouns,2.65
2071,מולקולה,powietrze,nouns,1.25
2072,פרפסיכולוגיה,neuropsychologia,nouns,1.2
2073,מכנית,idealnie,adverbs,0.45
2074,כנראה,naprawdę,adverbs,1.8
2075,אנרכיה,chaos,nouns,4.6
2076,חזק,potężny,adjectives,4.85
2077,תוף,gitara,nouns,1.5
2078,יפה,elegancko,adverbs,2.7
2079,באופן מדהים,fantastycznie,adverbs,5.4
2080,פשע,pogwałcenie,nouns,2.75
2081,לב,chirurgia,nouns,0.6
2082,לשרוד,żyć,verbs,2.9
2083,לרוב,szczerze,adverbs,0.35
2084,מציאה,pens,nouns,0.3
2085,לבלבל,uczyć się,verbs,0.3
2086,כוס,łyżka,nouns,0.95
2087,לאבד,gotować,verbs,0.0
2088,היסטוריוגרף,historyk,nouns,2.65
2089,לסייע,wspomagać,verbs,5.35
2090,ארוע,kwestarz,nouns,1.15
2091,מרפק,kość,nouns,1.45
2092,קריקט,kibic,nouns,0.5
2093,חשמלי,mechaniczny,adjectives,0.85
2094,רחב,duży,adjectives,2.15
2095,דוכסות,księstwo,nouns,4.25
2096,לדרוש,argumentować,verbs,0.65
2097,לחקור,badać,verbs,3.35
2098,חבוי,jawny,adjectives,0.5
2099,לנצח,powieść się,verbs,2.4
2100,חודשי,tygodniowy,adjectives,1.05
2101,תוקפני,niegrzeczny,adjectives,1.75
2102,יד,gwóźdź,nouns,0.55
2103,להשיג,wygrać,verbs,1.95
2104,אוטו,automobil,nouns,5.65
2105,כבש,bydło,nouns,1.95
2106,דלת,brama,nouns,4.15
2107,בגדים,tkanina,nouns,1.7
2108,אסטרונום,galaktyka,nouns,1.3
2109,מודרני,starożytny,adjectives,0.5
2110,חדר,łóżko,nouns,0.6
2111,לולאה,pas,nouns,0.95
2112,לגדול,rozprzestrzeniać się,verbs,4.0
2113,נץ,ptak,nouns,2.9
2114,לסיים,odroczyć,verbs,0.45
2115,להרוג,bronić,verbs,0.55
2116,נפוטיזם,król,nouns,0.95
2117,להסכים,różnić się,verbs,0.55
2118,לגעור,rządać,verbs,1.7
2119,להחליט,wybierać,verbs,3.9
2120,מעיל,ubrania,nouns,2.1
2121,קבורה מחדש,grób,nouns,1.6
2122, דגן,kukurydza,nouns,1.25
2123,להכחיש,dać,verbs,0.05
2124,תחזית,chmura,nouns,1.0
2125,רהיט,łóżko,nouns,2.5
2126,יקר,nieśmiały,adjectives,0.05
2127,מותר,legalny,adjectives,4.5
2128,שיפוע,siedzenie,nouns,0.2
2129,מנצח,kandydat,nouns,0.95
2130,ראש,paznokieć,nouns,0.5
2131,יארד,metr,nouns,2.75
2132,חרד,niecierpliwy,adjectives,1.65
2133,להישאר,czekać,verbs,2.05
2134,בקפידה,przezornie,adverbs,4.0
2135,קרן,światło słoneczne,nouns,2.3
2136,תנין,jaszczurka,nouns,2.05
2137,שופט,sędzia,nouns,3.05
2138,תאונה,katastrofa,nouns,4.35
2139,חדר שינה,rower,nouns,0.15
2140,לחם,mąka,nouns,1.05
2141,חדש,stary,adjectives,0.5
2142,קצב,arytmetyka,nouns,0.1
2143,שמפניה,piwo,nouns,1.8
2144,פרק,rozdział,nouns,3.65
2145,חרב,tron,nouns,0.35
2146,סטודנט,uczeń,nouns,4.85
2147,שמחה,pokój,nouns,1.35
2148,בקביעות,czasami,adverbs,1.05
2149,לנצח,zrealizować,verbs,1.95
2150,מסודר,chaotyczny,verbs,0.5
2151,להמליץ,akceptować,verbs,0.75
2152,כלי,praca,nouns,0.75
2153,ידיד,kumpel,nouns,4.5
2154,דינוזאור,słoń,nouns,0.8
2155,דלת,korytarz,nouns,0.8
2156,פונולוגיה,ekran,nouns,0.15
2157,מאה,trunek,nouns,0.05
2158,קפלה,iglica,nouns,1.25
2159,לגרור,podnieść,verbs,1.45
2160,עצבני,młody,adjectives,0.6
2161,לשמוע,postrzegać,verbs,0.95
2162,טיפש,uparty,adjectives,0.7
2163,לאסוף,trząść,verbs,0.15
2164,רציני,śmieszny,adjectives,0.45
2165,שפעת,gorączka,nouns,1.45
2166,לשמור,dać,verbs,0.4
2167,תיבה,elektryczność,nouns,0.2
2168,בצורה יפה,życzliwie,adverbs,4.1
2169,לשתות,połykać,verbs,2.2
2170,בחירה,żyła,nouns,0.0
2171,להתווכח,wrzeszczeć,verbs,2.55
2172,חוף,kanonierka,nouns,0.6
2173,תמונה,odbicie,nouns,2.3
2174,בערך,marginalnie,adverbs,1.0
2175,באמת,znacząco,adverbs,1.1
2176,חומץ,sałatka,nouns,0.7
2177,מגמה,wulkan,nouns,1.7
2178,לדכא,frustrować,verbs,2.3
2179,לפקח,badać,verbs,3.15
2180,חוט,zachód słońca,nouns,0.0
2181,חיית מחמד,kot,nouns,2.95
2182,וריד,ramię,nouns,0.6
2183,לשקר,zaprzeczać,verbs,1.15
2184,כלא,wybór,nouns,0.4
2185,רגיל,dziwny,adjectives,0.5
2186,לעצור,kontrolować,verbs,0.55
2187,להציל,niszczyć,verbs,0.3
2188,בנדיבות,życzliwie,adverbs,2.35
2189,מורתח,gotowany,adjectives,3.5
2190,שחקן,wielościan,nouns,0.6
2191,דביק,brudny,adjectives,1.3
2192,דיאטה,jabłko,nouns,0.55
2193,תותח,pistolet,nouns,2.0
2194,טלויזיה,aktor,nouns,1.05
2195,לרדוף,śledzić,verbs,2.65
2196,אופרה,kino,nouns,1.65
2197,אורז,chłopiec,nouns,0.2
2198,לשחוק,nosić,verbs,0.25
2199,מינק,olej,nouns,0.15
2200,לחגוג,zaskoczyć,verbs,0.85
2201,כיסא,teleskop,nouns,0.15
2202,רענן,niedawny,adjectives,3.5
2203,כתב יד,książka,nouns,2.1
2204,הססני,neutralny,adjectives,1.65
2205,שגוי,precyzyjny,adjectives,0.5
2206,להמר,zakładać się,verbs,2.7
2207,לחמניה,księżniczka,nouns,0.0
2208,אינטליגנטי,bystry,adjectives,5.2
2209,תירס,ziarno,nouns,1.25
2210,ניהיליזם,film,nouns,0.15
2211,ממשלה,jaszczurka,nouns,0.05
2212,אנשים,dolar,nouns,0.05
2213,תיבה,winda,nouns,0.4
2214,צינור,samochód,nouns,0.5
2215,בערך,grubo,adverbs,1.15
2216,בנקאי,prawnik,nouns,0.8
2217,מהומה,rysunek,nouns,0.1
2218,פסיקה,rozprawa,nouns,2.05
2219,מנצח,obecność,nouns,0.05
2220,מצחיק,nudny,adjectives,0.45
2221,אבא,syn,nouns,1.55
2222,לאבד,znaleźć,verbs,0.5
2223,אנשים,cent,nouns,0.7
2224,כדור,kostium,nouns,0.4
2225,לעצבן,napadać,verbs,0.9
2226,אלים,rozzłoszczony,adjectives,1.95
2227,חוף,rafa,nouns,1.25
2228,חד,łagodny,adjectives,0.45
2229,ענן,mgiełka,nouns,1.9
2230,עמוס,ciężki,adjectives,1.2
2231,לשיר,śmiać się,verbs,0.45
2232,להימלט,uciec,verbs,5.45
2233,שוטר,szeryf,nouns,4.0
2234,ללכת,zaczynać,verbs,0.15
2235,בגדים,sukno,nouns,1.7
2236,זנב,rozdział,nouns,0.2
2237,שבבים,kursor,nouns,0.15
2238,אקדח,trik,nouns,0.15
2239,לשלב,bić,verbs,0.3
2240,בשקט,pasywnie,adverbs,1.0
2241,הדגמה,pęcherz,nouns,0.0
2242,לתקשר,modlić się,verbs,0.85
2243,נקי,niechlujny,adjectives,0.45
2244,לנתח,ewaluować,verbs,1.4
2245,בקלות,swobodnie,adverbs,1.95
2246,פלנטה,księżyc,nouns,1.7
2247,מובך,pomyślny,adjectives,0.1
2248,אחר,przeciwny,adjectives,1.1
2249,אחוה,mężczyźni,nouns,1.05
2250,מעלית,pudełko,nouns,0.4
2251,בקר,jogurt,nouns,0.65
2252,דבורה,mrówka,nouns,1.15
2253,לחקור,dążyć,verbs,0.7
2254,מאמץ,trudność,nouns,3.15
2255,מטען,opłynięcie,nouns,0.1
2256,לשלוח,otrzymywać,verbs,0.7
2257,רזה,smukły,adjectives,5.0
2258,לנפץ,rozbić,verbs,4.35
2259,לטעון,narzekać,verbs,1.7
2260,אנדרטה,rzeźba,nouns,4.6
2261,פילם,ekranizacja,nouns,3.9
2262,חברותי,miły,adjectives,3.0
2263,חוט,nić,nouns,4.3
2264,ברונכיטיס,acetaminofen,nouns,0.9
2265,מטרייה,kaliber,nouns,0.3
2266,כסף,pensja,nouns,3.45
2267,בעיקר,nieuleczalnie,adverbs,0.0
2268,תאריך,urodziny,nouns,1.75
2269,חבר,towarzysz,nouns,5.2
2270,דיכאון,dolina,nouns,0.7
2271,מוזר,osobliwy,adjectives,4.75
2272,לחנוק,przytulić,verbs,0.35
2273,בוודאי,oczywiście,adverbs,3.8
2274,קופסה,cygaro,nouns,0.35
2275,גבעה,klif,nouns,2.15
2276,שדה תעופה,kawałek,nouns,0.1
2277,טפט,tło,nouns,3.2
2278,לדרוש,dowiadywać się,verbs,0.75
2279,רע,okropny,adjectives,4.05
2280,אדם חסכן,oszczędność,nouns,1.15
2281,נסיבות,sytuacja,nouns,4.55
2282,חוקה,senat,nouns,0.95
2283,עצוב,śmieszny,adjectives,0.5
2284,גודל,cent,nouns,0.1
2285,מס,dochód,nouns,0.8
2286,ברך,kość,nouns,1.45
2287,לשכוח,przypominać,verbs,0.5
2288,סאטירה,mit,nouns,1.45
2289,לבכות,łkać,verbs,4.9
2290,דין,sędzia pokoju,nouns,3.05
2291,מהנה,wspaniały,adjectives,3.05
2292,מיץ,jabłko,nouns,0.95
2293,לאגד,zbierać,verbs,5.3
2294,מסך,monitor,nouns,4.7
2295,לשפוט,decydować,verbs,1.7
2296,לחשוב,próbować,verbs,0.5
2297,לחבק,trzymać,verbs,1.35
2298,להציל,chronić,verbs,2.9
2299,קשה,hardy,adjectives,3.7
2300,אחרת,dziwacznie,adverbs,1.05
2301,סוודר,kurtka,nouns,1.45
2302,כועס,szczęśliwy,adjectives,0.55
2303,מזג אוויר,fala,nouns,0.35
2304,בוגר,niedojrzały,adjectives,0.5
2305,רחב,wąski,adjectives,0.5
2306,לפגוע,atakować,verbs,2.65
2307,גוף,ramię,nouns,1.5
2308,להישבע,obiecywać,verbs,4.75
2309,לערבב,gotować,verbs,0.9
2310,להגן,ratować,verbs,2.9
2311,אמונה,wartość,nouns,2.05
2312,ילד,partner,nouns,1.05
2313,מלך,nepotyzm,nouns,0.95
2314,חופש,oaza,nouns,0.55
2315,חול,stopa,nouns,0.25
2316,גדול,wielki,adjectives,4.7
2317,גמיש,skromny,adjectives,0.1
2318,לחפש,znaleźć,verbs,1.15
2319,מקלדת,światło,nouns,0.0
2320,לברוח,umknąć,verbs,5.45
2321,קפיצה,płot,nouns,0.45
2322,לצרוך,ustalać,verbs,0.4
2323,הגדרה,słownik,nouns,1.55
2324,ילדה,córka,nouns,3.1
2325,סוס,wół,nouns,1.65
2326,באופן שלילי,nienaturalnie,adverbs,0.6
2327,להסתכל,obserwować,verbs,5.0
2328,דעה,wybór,nouns,1.0
2329,אסון,wypadek,nouns,4.35
2330,נשק,hełm,nouns,1.05
2331,ספורטאי,biegacz,nouns,2.45
2332,קמפיין,małpa,nouns,0.0
2333,בוקר,dzień,nouns,2.1
2334,להסביר,wyjaśniać,verbs,4.95
2335,עמק,rzeka,nouns,0.9
2336,ציון,szkoła,nouns,1.15
2337,להחליט,myśleć,verbs,1.5
2338,חבר,facet,nouns,1.5
2339,מתון,ostry,adjectives,0.45
2340,לפגוע,obrazić,verbs,4.4
2341,עמוד,słowo,nouns,0.95
2342,עצב,szczęscie,nouns,0.55
2343,מאוד,niewiarygodnie,adverbs,0.6
2344,ציפורן,kciuk,nouns,1.35
2345,פרוזדור,korytarz,nouns,5.65
2346,יקר ערך,święty,adjectives,1.5
2347,לחבר,budować,verbs,1.6
2348,פסיכולוגיה,nauka,nouns,1.9
2349,לרמות,zwieść,verbs,5.15
2350,מבחן,sylabus,nouns,0.6
2351,קדוש,cenny,adjectives,1.5
2352,בנחישות,miękko,adverbs,0.2
2353,לקרוא,rozumieć,verbs,0.95
2354,מתישהו,czasem,adverbs,1.7
2355,מדים,robótka szydełkowa,nouns,0.15
2356,חלק,ostry,adjectives,0.6
2357,להשאיר,eksmitować,verbs,0.9
2358,חולצה,kardigan,nouns,1.7
2359,זרוע,ciało,nouns,1.5
2360,אופניים,samochód,nouns,1.1
2361,מים,koronacja,nouns,0.05
2362,לזרוח,błyszczeć,verbs,4.45
2363,ציפור,jastrząb,nouns,2.9
2364,רע,nieuczciwy,adjectives,1.75
2365,כנסייה,katedra,nouns,4.1
2366,כדור,kula,nouns,2.6
2367,להמתין,odchodzić,verbs,0.2
2368,לסלוח,zapominać,verbs,1.95
2369,לקבל,akceptować,verbs,2.45
2370,קרסול,łokieć,nouns,1.4
2371,ללמוד,ewaluować,verbs,1.15
2372,נדיר,przyjazny,adjectives,0.55
2373,נדיר,rzadki,adjectives,1.5
2374,חור,porozumienie,nouns,0.0
2375,הזיה,rzeczywistość,nouns,0.65
2376,התחיל,zaczynać,verbs,5.0
2377,שריפה,apokalipsa,nouns,1.05
2378,מבנה,topologia,nouns,2.6
2379,ספסל,krzesło,nouns,2.1
2380,לקנות,dostać,verbs,0.7
2381,באופן אמין,odpowiedzialnie,adverbs,2.25
2382,כינור,gitara,nouns,1.75
2383,לפגוע,naprzykrzać się,verbs,1.9
2384,סל,piłka,nouns,0.8
2385,דבש,nabiał,nouns,0.3
2386,כדור,rakieta,nouns,0.75
2387,עגל,byk,nouns,2.3
2388,אורז,fasola,nouns,1.05
2389,תקופה,epizod,nouns,3.65
2390,גדול,narodowy,adjectives,0.35
2391,יוקרה,bogactwo,nouns,2.1
2392,בגסות,pobieżnie,adverbs,1.15
2393,בולט,oczywisty,adjectives,3.25
2394,בזהירות,niebezpiecznie,adverbs,0.45
2395,חלש,pikantny,adjectives,0.1
2396,ביולוג,mikroskop,nouns,0.9
2397,מחשב נישא,laptop,nouns,5.35
2398,להצליף,bić,verbs,3.6
2399,עסק,przemysł,nouns,2.15
2400,אוויר,hel,nouns,1.55
2401,סוף שבוע,wyścig,nouns,0.05
2402,שמיכה,łóżko,nouns,0.95
2403,צעיר,niespokojny,adjectives,0.6
2404,קיצוני,gwałtowny,adjectives,1.55
2405,לרדוף,wystraszyć,verbs,0.85
2406,צד,wierzch,nouns,0.4
2407,ללכוד,brać,verbs,1.3
2408,אופניים,skóra,nouns,0.1
2409,מעבר,przedpokój,nouns,1.35
2410,לצעוק,wrzeszczeć,verbs,4.95
2411,יין,brandy,nouns,1.85
2412,מסיבה,maska,nouns,0.7
2413,תקשורת,telewizja,nouns,1.6
2414,מאמנים,medal,nouns,0.55
2415,קהל,motłoch,nouns,4.05
2416,לאפות,smażyć,verbs,2.4
2417,גוף,krew,nouns,0.8
2418,חלבון,uchwyt,nouns,0.0
2419,לקחת,uzyskać,verbs,1.3
2420,להשיג,otrzymywać,verbs,1.95
2421,גאווה,radość,nouns,1.75
2422,סיפור,piosenka,nouns,1.5
2423,יין,alkohol,nouns,2.65
2424,מלחין,pisarz,nouns,1.4
2425,לא הוגן,okrutny,adjectives,1.35
2426,רעיון,opinia,nouns,2.05
2427,תפריט,zamówienie,nouns,1.1
2428,סוסה,koń,nouns,3.2
2429,רועש,niegrzeczny,adjectives,0.7
2430,מידע,książka,nouns,1.15
2431,יומן,formuła,nouns,0.65
2432,לקרות,robić,verbs,0.9
2433,טריק,rozmiar,nouns,0.0
2434,רפוי,giętki,adjectives,1.6
2435,ללבוש,drzeć,verbs,0.15
2436,חדר שינה,żołądek,nouns,0.05
2437,להגיד,przypomnieć,verbs,1.55
2438,להתחנן,pożyczać,verbs,0.45
2439,לעצור,gwizdać,verbs,0.15
2440,סירה,pokład,nouns,1.95
2441,תקופה,semestr,nouns,2.1
2442,צד,spód,nouns,1.05
2443,בחוזקה,oficjalnie,adverbs,0.35
2444,נחמד,hojny,adjectives,1.1
2445,ילד,ryż,nouns,0.2
2446,גשר,samochód,nouns,0.4
2447,גדר,skakanie,nouns,0.45
2448,אינסוף,zero,nouns,0.85
2449,מודעות,uwaga,nouns,2.0
2450,אור,klawiatura,nouns,0.0
2451,לשתות,wznosić,verbs,0.1
2452,מפה,kwadrat,nouns,0.45
2453,נסיכה,ciastko,nouns,0.0
2454,מועמד,zwycięzca,nouns,0.95
2455,מבולגן,brzydki,adjectives,1.15
2456,נוסחה,równanie,nouns,4.05
2457,משכורת,pieniądze,nouns,3.45
2458,בדרך כלל,rutynowo,adverbs,4.0
2459,קשה,gęsty,adjectives,0.45
2460,מכונית,fabryka,nouns,0.55
2461,גשם,mżawka,nouns,3.35
2462,קערה,ogon,nouns,0.0
2463,לבקש,ignorować,verbs,0.35
2464,רפובליקה,książę,nouns,0.45
2465,הופעה,kamea,nouns,0.2
2466,להחליט,konkludować,verbs,1.7
2467,בעל ערך,specjalny,adjectives,2.8
2468,מילת מפתח,składnia,nouns,0.65
2469,במדוייק,aktywnie,adverbs,0.95
2470,להכות,miksować,verbs,0.3
2471,היום,dzisiaj wieczorem,adverbs,1.9
2472,גוף,żołądek,nouns,1.45
2473,להפסיד,dostać,verbs,0.4
2474,להפסיק,robić,verbs,0.35
2475,הכרחי,niezbędny,adjectives,5.2
2476,משעמם,mierny,adjectives,1.25
2477,צר,szczupły,adjectives,3.05
2478,תסכול,gniew,nouns,3.55
2479,פלילי,niemoralny,adjectives,1.85
2480,קסדה,broń,nouns,1.05
2481,ספרה,cytoplazma,nouns,0.25
2482,להבהיל,nawiedzać,verbs,0.85
2483,נורא,smutno,adverbs,0.5
2484,ארנב,kot,nouns,1.2
2485,לטעון,usprawiedliwiać,verbs,3.3
2486,חצאית,zegarek,nouns,0.3
2487,מוזר,przebiegły,adjectives,0.35
2488,אי,plaża,nouns,1.5
2489,להשתתף,powiedzieć,verbs,0.3
2490,במאי,kinematografia,nouns,1.15
2491,שלג,lód,nouns,2.4
2492,סוס,klacz,nouns,3.2
2493,לבטא,powiedzieć,verbs,3.9
2494,ילד,żołnierz,nouns,0.45
2495,אדם,charakter,nouns,1.15
2496,להרוויח,zbierać,verbs,1.95
2497,להבין,satysfakcjonować,verbs,0.3
2498,יארד,cal,nouns,1.55
2499,נמלה,mucha,nouns,1.9
2500,בזמן האחרון,niedawno,adverbs,5.75
2501,נורא,szczęśliwie,adverbs,0.15
2502,קיבה,talia,nouns,0.55
2503,לחיות,przeżyć,verbs,2.9
2504,מאפין,pietruszka,nouns,0.4
2505,חבר,matka,nouns,0.85
2506,להחזיק,absorbować,verbs,0.75
2507,אסיפה,wiec,nouns,5.4
2508,גאה,biedny,adjectives,0.2
2509,רגיל,nieprawdopodobny,adjectives,0.45
2510,לתת,zaprzeczać,verbs,0.05
2511,חוטא,święty,nouns,0.45
2512,תעלול,pistolet,nouns,0.15
2513,שלפוחית,ilustracja,nouns,0.0
2514,צלב,mnich,nouns,0.8
2515,גבה,oko,nouns,0.9
2516,ישר,nieuczciwy,adjectives,0.5
2517,רעש,brzęk,nouns,2.6
2518,צמח,rolnictwo,nouns,1.0
2519,לדכא,nawalić,verbs,0.25
2520,בשר,krew,nouns,1.0
2521,נסיכה,wyspa,nouns,0.3
2522,תלותי,bezradny,adjectives,2.6
2523,ברוגע,stanowczo,adverbs,0.5
2524,גג,okno,nouns,0.75
2525,קצף,bańka,nouns,1.85
2526,אכזרי,miły,adjectives,0.4
2527,אפוקליפסה,ogień,nouns,1.05
2528,מיטה,kanapa,nouns,2.95
2529,לעודד,zniechęcać,verbs,0.5
2530,סערה,huragan,nouns,3.0
2531,טייס,glina,nouns,0.6
2532,תרנגולת,ptak,nouns,2.6
2533,לגנות,odrzucić,verbs,2.4
2534,תובע,prawnik,nouns,1.85
2535,סנט,ludzie,nouns,0.7
2536,בסיס,stopa,nouns,0.85
2537,דגל,weksylologia,nouns,1.3
2538,לפנות,wychodzić,verbs,0.9
2539,בוודאי,lokalnie,adverbs,0.1
2540,ציטופלזמה,cyfra,nouns,0.25
2541,ברור,widoczny,adjectives,3.05
2542,חלש,silny,adjectives,0.5
2543,מכונית,powóz,nouns,2.3
2544,להסכים,otrzymywać,verbs,2.45
2545,שטח,region,nouns,4.9
2546,לרוב,głównie,adverbs,4.65
2547,אבא,córka,nouns,0.9
2548,בקול רם,szalenie,adverbs,0.4
2549,חדש,nieużywany,adjectives,4.6
2550,מערך,lista,nouns,2.25
2551,סיר,urządzenie,nouns,0.55
2552,מרפק,kostka,nouns,1.4
2553,לפגוע,kopać,verbs,1.25
2554,שמש,promień,nouns,2.3
2555,כהונה,sułtan,nouns,0.7
2556,שמלה,taniec,nouns,0.35
2557,בקר,owca,nouns,1.95
2558,פיל,dinozaur,nouns,0.8
2559,מכונית,ciężarówka,nouns,3.3
2560,מלוכלך,niesamowity,adjectives,0.15
2561,גודל,trik,nouns,0.0
2562,מהיר,pośpieszny,adjectives,5.05
2563,בשר,stek,nouns,3.75
2564,לחקות,pojmać,verbs,0.15
2565,שסתום,silnik,nouns,1.85
2566,בגדים,schowek,nouns,0.6
2567,לאחרונה,realistycznie,adverbs,0.1
2568,רדיאטור,sensor,nouns,0.45
2569,באופן שגרתי,normalnie,adverbs,4.0
2570,עייף,nudny,adjectives,0.65
2571,בכנות,lojalnie,adverbs,2.15
2572,סלט,dieta,nouns,0.9
2573,לנהוג,zatrzymywać,verbs,0.45
2574,כיסא,sofa,nouns,1.7
2575,צר,biały,adjectives,0.0
2576,מחלה,gorączka,nouns,1.65
2577,להפוך,robić,verbs,0.45
2578,במיוחד,znacząco,adverbs,2.7
2579,לצבוט,walnąć,verbs,0.35
2580,מכוער,niechlujny,adjectives,1.15
2581,אינטואיציה,zmysł,nouns,4.35
2582,לדרג,zaznaczyć,verbs,1.3
2583,שיניים,kość,nouns,1.95
2584,לסגת,absorbować,verbs,0.2
2585,להתערב,spekulować,verbs,2.7
2586,לבשל,stracić,verbs,0.0
2587,באופן אחראי,niezależnie,adverbs,1.15
2588,זכות,sprawiedliwość,nouns,1.15
2589,אי,zadanie,nouns,0.0
2590,שוקולד,placek,nouns,0.7
2591,פינה,obszar,nouns,0.9
2592,מצלמה,robotnik,nouns,0.25
2593,מצביע,slajd,nouns,0.2
2594,לקבל,nabyć,verbs,1.7
2595,חוש,intuicja,nouns,4.35
2596,אף,gardło,nouns,1.0
2597,מתנגד,przeciwnik,nouns,4.65
2598,מילה,słownik,nouns,1.35
2599,משימה,słoma,nouns,0.0
2600,לרכוש,brać,verbs,1.3
2601,רחב,wąski,adjectives,0.5
2602,חיה,bestia,nouns,2.85
2603,חתול,królik,nouns,1.2
2604,בחשאי,oczywiście,adverbs,0.1
2605,להגביר,rosnąć,verbs,2.0
2606,רצפה,sufit,nouns,0.65
2607,מנהל,szef,nouns,5.35
2608,פעמיים,zawsze,adverbs,0.5
2609,לספק,rozumieć,verbs,0.3
2610,צריח,kaplica,nouns,1.25
2611,גוף,nerw,nouns,0.7
2612,בשלווה,chaotycznie,adverbs,0.2
2613,קשה,łatwy,adjectives,0.5
2614,בינוני,nudny,adjectives,1.25
2615,וריד,naczynie,nouns,2.25
2616,שפה,biodro,nouns,0.8
2617,סולטן,ministerstwo,nouns,0.7
2618,משונה,osobliwy,adjectives,3.9
2619,לבעוט,ranić,verbs,1.25
2620,רשימה,ciąg,nouns,2.25
2621,להתחזות,zakładać,verbs,0.1
2622,ביצה,jezioro,nouns,1.0
2623,אינץ',metr,nouns,1.6
2624,אפליקציה,galaktyka,nouns,0.3
2625,שמיכה,wichura,nouns,0.4
2626,לזכור,myśleć,verbs,1.15
2627,עושר,sława,nouns,1.15
2628,קיר,cegła,nouns,1.2
2629,מטרה,zwycięzca,nouns,0.6
2630,שולחן,zachód słońca,nouns,0.0
2631,חריף,słaby,adjectives,0.1
2632,בחשאי,grzecznie,adverbs,0.7
2633,מוח,krew,nouns,1.05
2634,רמז,słowo,nouns,0.8
2635,אוזון,atmosfera,nouns,2.8
2636,שביר,oziębły,adjectives,0.45
2637,לדון,argumentować,verbs,3.25
2638,צנוע,czysty,adjectives,1.0
2639,נוירוזה,umysł,nouns,0.9
2640,להרים,holować,verbs,1.45
2641,להשתתף,przyłączyć się,verbs,2.4
2642,לסמוך,nawalić,verbs,0.2
2643,גמיש,luźny,adjectives,1.6
2644,ספינת תותחים,wybrzeże,nouns,0.6
2645,להצדיק,weryfikować,verbs,2.1
2646,לחנוק,oddychać,verbs,0.5
2647,להחזיק,brać,verbs,2.0
2648,טרגדיה,śmierć,nouns,2.6
2649,להקטין,kurczyć się,verbs,3.25
2650,להאשים,kłamać,verbs,0.4
2651,אקוסטיקה,dźwięk,nouns,2.0
2652,לצעוד,stać  ,verbs,0.65
2653,תפוח,sok,nouns,0.95
2654,בקבוק,puszka,nouns,1.4
2655,ממתק,cynamon,nouns,0.65
2656,מפתח,zamek,nouns,0.95
2657,אך ורק,kompletnie,adverbs,2.0
2658,נמרצות,szczęśliwie,adverbs,0.55
2659,להבין,słuchać,verbs,1.45
2660,המנון,podbój,nouns,0.25
2661,לשקר,oskarżać,verbs,0.4
2662,תשלום,moneta,nouns,1.75
2663,להישאר,odchodzić,verbs,0.5
2664,ברידג',karta,nouns,1.2
2665,קורס,żołądek,nouns,0.0
2666,להיכשל,zniechęcać,verbs,0.25
2667,כתר,klucz,nouns,0.05
2668,מבולגן,uporządkowany,adjectives,0.5
2669,מטלה,zadanie,nouns,5.15
2670,לווה,kredyt,nouns,1.45
2671,לבחון,skontrolować,verbs,3.15
2672,נזיר,krzyż,nouns,0.8
2673,הנהלה,praca,nouns,1.0
2674,גשש,łucznik,nouns,0.85
2675,פגישה,pacjent,nouns,0.55
2676,שנה,urodziny,nouns,1.0
2677,פרדס,struś,nouns,0.1
2678,ראש,bark,nouns,1.05
2679,קתדרלה,kościół,nouns,4.1
2680,בנוחיות,łatwo,adverbs,1.95
2681,שחקן כדורת,kręglarstwo,nouns,2.45
2682,דם,szpik,nouns,1.05
2683,בנדיבות,nigdy,adverbs,0.45
2684,מעולה,zły,adjectives,0.45
2685,קרטון,papier,nouns,3.0
2686,להציע,radzić,verbs,3.9
2687,לעומק,przeważnie,adverbs,0.5
2688,רגשית,smutno,adverbs,0.9
2689,גרגיר,musztarda,nouns,0.7
2690,אי,księżniczka,nouns,0.3
2691,צדק,prawo,nouns,1.15
2692,ברוגע,subtelnie,adverbs,2.55
2693,ברכות,twardo,adverbs,0.2
2694,הנהלה,mysz,nouns,0.05
2695,אמבטיה,trik,nouns,0.0
2696,מיטה,krzesło,nouns,0.75
2697,חגורה,pętla,nouns,0.95
2698,שיחה,komunikacja,nouns,2.5
2699,ורד,motyl,nouns,0.35
2700,שיניים,usta,nouns,1.2
2701,אל,ksiądz,nouns,0.95
2702,להגן,zakryć,verbs,1.85
2703,אננס,smartfon,nouns,0.0
2704,לעשות,stać się,verbs,0.45
2705,עידן,dekada,nouns,2.5
2706,פרפר,róża,nouns,0.35
2707,לאחרונה,ostatnio,adverbs,5.75
2708,יום,poranek,nouns,2.1
2709,ייתכן,prawdopodobnie,adverbs,4.4
2710,באופן לא טבעי,naturalnie,adverbs,0.45
2711,חץ,cel,nouns,0.9
2712,צדק,trybunał,nouns,2.1
2713,אח,chłopiec,nouns,1.85
2714,משונה,dziwny,adjectives,5.25
2715,עיט,sokół,nouns,2.3
2716,סוללה,energia,nouns,2.05
2717,לשלב,łączyć,verbs,4.45
2718,מיליונר,bezdomny,nouns,0.45
2719,להכות,celować,verbs,1.0
2720,בחשיבות,poważnie,adverbs,3.0
2721,כוונה,wola,nouns,3.95
2722,אינטליגנטי,tępy,adjectives,0.45
2723,אלים,radykalny,adjectives,1.55
2724,זעיר,ogromny,adjectives,0.5
2725,מיטה,koc,nouns,0.95
2726,חשמלי,słodki,adjectives,0.0
2727,חדש,starożytny,adjectives,0.5
2728,פרווה,pistolet,nouns,0.0
2729,סוללה,teatr,nouns,0.0
2730,להזהיר,zatrzymywać,verbs,0.65
2731,בית,dywan,nouns,0.6
2732,נוחות,bezpieczeństwo,nouns,1.05
2733,טיפשי,łatwowierny,adjectives,2.35
2734,לסגת,przejść na emeryturę,verbs,2.65
2735,לכפול,dzielić,verbs,0.9
2736,למשוך,uderzyć,verbs,0.45
2737,בפתיחות,ogromnie,adverbs,0.45
2738,תובנה,fakt,nouns,1.9
2739,לצרף,miksować,verbs,4.45
2740,עוינות,agresja,nouns,4.45
2741,צמד,dwójka,nouns,5.35
2742,היסטוריון,historiograf,nouns,2.65
2743,לחשוב,dowiadywać się,verbs,0.8
2744,טפטוף,deszcz,nouns,3.35
2745,לנשום,dusić,verbs,0.5
2746,סקי,snowboard,nouns,2.3
2747,בטוח,pewny,adjectives,5.05
2748,מלך,władca,nouns,4.9
2749,כרגע,delikatnie,adverbs,0.0
2750,סיפור,temat ,nouns,1.15
2751,צר,szeroki,adjectives,0.5
2752,פתי,głupi,adjectives,2.35
2753,עכבר,kierownictwo,nouns,0.05
2754,במרץ,pasywnie,adverbs,0.3
2755,מחשב,dysk,nouns,1.15
2756,לחלוטין,prawdziwie,adverbs,1.25
2757,להזכיר,powiedzieć,verbs,1.55
2758,ים,ocean,nouns,2.75
2759,לקבל,kłaść,verbs,0.4
2760,להשאיל,dać,verbs,2.08
2761,עצם,ramię,nouns,1.1
2762,עז,krowa,nouns,1.4
2763,לשכוח,zatrzymywać,verbs,0.75
2764,צער,wstyd,nouns,0.8
2765,רוח,bóg,nouns,1.6
2766,כובע,płaszcz,nouns,0.75
2767,למכור,iść,verbs,0.05
2768,באופן חריג,normalnie,adverbs,0.45
2769,טבע,flora,nouns,2.7
2770,לתת,zezwalać,verbs,2.25
2771,משרת,niewolnik,nouns,3.95
2772,שעועית,ryż,nouns,1.05
2773,לנדוד,wędrować,verbs,4.35
2774,עיר,miasteczko,nouns,3.65
2775,לחשוב,pamiętać,verbs,1.15
2776,שבוע,weekend,nouns,1.3
2777,משוואה,formuła,nouns,4.05
2778,חוקה,cesarz,nouns,0.3
2779,פה,nos,nouns,0.9
2780,מעולה,wspaniały,adjectives,5.0
2781,בד,ubrania,nouns,1.7
2782,הסכם,dziura,nouns,0.0
2783,לעקוב,ścigać,verbs,2.65
2784,לשלוט,przezwyciężyć,verbs,1.25
2785,כישלון,bankructwo,nouns,1.95
2786,אדם,zwierzę,nouns,0.7
2787,גמיש,łatwy,adjectives,0.85
2788,להשאיל,zachować,verbs,0.55
2789,אצן,atleta,nouns,2.45
2790,לתת,zachować,verbs,0.4
2791,עובד,biuro,nouns,0.75
2792,לנער,zbierać,verbs,0.15
2793,טופולוגיה,struktura,nouns,2.6
2794,מפרק,ramię,nouns,1.45
2795,להרוג,walczyć,verbs,1.0
2796,מועדון,znak,nouns,0.0
2797,חוזה,warunek,nouns,1.5
2798,זכוכית,kryształ,nouns,2.25
2799,שלג,burza,nouns,1.5
2800,ספר,informacja,nouns,1.15
2801,רגיל,nieświadomy,adjectives,0.05
2802,תעשייה,biznes,nouns,2.15
2803,בעוצמה,otwarcie,adverbs,0.45
2804,נדיר,niezwykły,adjectives,4.7
2805,גן טרום חובה,żłobek,nouns,2.0
2806,מוספית,sufiks,nouns,2.4
2807,אגודל,paznokieć,nouns,1.35
2808,בחירה,więzienie,nouns,0.4
2809,בייקון,śniadanie,nouns,1.25
2810,לא ברור,mętny,adjectives,3.85
2811,ארון,ubrania,nouns,0.6
2812,מציאות,iluzja,nouns,0.6
2813,לטגן,piec,verbs,2.4
2814,תקיפה,przestępstwo,nouns,2.3
2815,בר מזל,zawstydzony,adjectives,0.1
2816,עץ,kamień,nouns,0.5
2817,ארוחה,wieczerza,nouns,5.15
2818,בעיקרון,zupełnie,adverbs,1.15
2819,גדול,łatwy,adjectives,0.35
2820,עליז,szczęśliwy,adjectives,4.97
2821,טחב,trawa,nouns,1.45
2822,מנורה,dżin,nouns,0.75
2823,צונאמי,morze,nouns,1.0
2824,מלוכלך,klejący,adjectives,1.3
2825,גלקסיה,astronom,nouns,1.3
2826,מהדר,podprogram,nouns,1.9
2827,משונה,normalny,adjectives,0.5
2828,כבש,jagnię,nouns,3.75
2829,טוב,znany,adjectives,0.45
2830,גברת,dżentelmen,nouns,1.2
2831,להצהיר,ogłaszać,verbs,4.7
2832,מבולגן,zorganizowany,verbs,0.5
2833,כף רגל,baza,nouns,0.85
2834,לתסכל,zniechęcać,verbs,2.3
2835,קריסטל,szkło,nouns,2.25
2836,ויטמין,żelazo,nouns,1.4
2837,אבן,drewno,nouns,0.5
2838,משועמם,nudny,adjectives,1.85
2839,מחבט,piłka,nouns,0.75
2840,להתחיל,rezygnować,verbs,0.5
2841,בקול רם,cicho,adverbs,0.25
2842,לברוח,znaleźć,verbs,0.4
2843,זהב,cynk,nouns,1.05
2844,לנסות,przekonywać,verbs,1.25
2845,להסיק,decydować,verbs,1.7
2846,מטאור,grawitacja,nouns,0.65
2847,להכחיש,unikać,verbs,0.8
2848,לדחות,potępić,verbs,2.4
2849,הליום,powietrze,nouns,1.55
2850,נועז,dumny,adjectives,1.0
2851,לגלות,eksplorować,verbs,3.0
2852,פחמימה,sacharoza,nouns,2.2
2853,מתבייש,skromny,adjectives,1.6
2854,טרי,stary,adjectives,0.5
2855,התחייבות,mianowanie,nouns,0.9
2856,מוזר,zwykły,adjectives,0.5
2857,מוח,nerw,nouns,0.7
2858,אקזוטי,rzadki,adjectives,4.6
2859,קרן,bęben,nouns,0.7
2860,שחקנית,aktor,nouns,3.0
2861,פעילות,gra,nouns,1.95
2862,אקדח,nóż,nouns,1.25
2863,לקבוע,ewakuować,verbs,0.1
2864,אבק,miotła,nouns,0.75
2865,פרח,cebulka,nouns,1.75
2866,בגדים,szuflada,nouns,0.7
2867,להתחיל,iść,verbs,0.15
2868,אמבטיה,sypialnia,nouns,0.9
2869,טלויזיה,scenarzysta,nouns,0.7
2870,למנות,obierać,verbs,1.4
2871,ללבוש,erodować,verbs,0.25
2872,גשם,zamieć,nouns,1.35
2873,באופן אידיאלי,realistycznie,adverbs,0.95
2874,בנימוס,dyskretnie,adverbs,0.7
2875,להצטרף,uczestniczyć,verbs,2.4
2876,להרוס,zabić,verbs,1.8
2877,להגן,chronić,verbs,4.65
2878,לשמוע,słuchać,verbs,3.05
2879,לקנות,kraść,verbs,0.35
2880,באופן לא הוגן,nierozsądnie,adverbs,1.5
2881,להתרחש,zdarzyć się,verbs,4.5
2882,טריק,gra,nouns,1.25
2883,חוזה,porozumienie,nouns,5.0
2884,לגנוב,brać,verbs,1.75
2885,המשך,kamera,nouns,0.0
2886,דיודה,kondensator,nouns,1.2
2887,מבושל,zagotowany,adjectives,3.5
2888,לדשדש,jeździć,verbs,0.4
2889,נוזל,dysza,nouns,0.45
2890,לחם,mięso,nouns,0.45
2891,להרוג,powiesić,verbs,1.75
2892,כומר,bóg,nouns,0.95
2893,לחרוק,trzasnąć,verbs,0.55
2894,עצלן,zajęty,adjectives,0.4
2895,מטומטם,pojętny,adjectives,0.45
2896,סימן,symbol,nouns,5.2
2897,סוודר,bawełna,nouns,1.1
2898,באופן אידיאלי,mechanicznie,adverbs,0.45
2899,ספה,krzesło,nouns,1.7
2900,להיכנס,być dłużnym,verbs,0.0
2901,חשבון,rytm,nouns,0.1
2902,שלום,szczęście,nouns,1.35
2903,שריר,kość,nouns,0.55
2904,מנומס,właściwy,adjectives,1.3
2905,שקרן,zły,adjectives,1.75
2906,ישן,świeży,adjectives,0.5
2907,רחוב,zaułek,nouns,3.4
2908,מקרה,narzędzia,nouns,0.5
2909,לייעץ,polecić,verbs,3.05
2910,לכוון,uderzyć,verbs,1.0
2911,להבריק,informować,verbs,0.0
2912,להמליץ,radzić,verbs,3.05
2913,בקר,krowa,nouns,4.4
2914,רעיה,wanna,nouns,0.05
2915,כישרון,pisarz,nouns,0.65
2916,נשיא,burmistrz,nouns,1.8
2917,יום הולדת,rok,nouns,1.0
2918,עוצמה,siła,nouns,4.6
2919,לקבל,osiągnąć,verbs,1.95
2920,לתת,pożyczać,verbs,2.45
2921,אטום,węgiel,nouns,1.6
2922,צבא,marynarka,nouns,3.5
2923,אבץ,złoto,nouns,1.05
2924,טיפול,behawioryzm,nouns,1.45
2925,לקרוע,nosić,verbs,0.15
2926,אכזר,niesprawiedliwy,adjectives,1.35
2927,כשירות,umiejętność,nouns,4.15
2928,בעוני,pokornie,adverbs,0.3
2929,קדרות,ceramika,nouns,3.25
2930,לעצור,ostrzegać,verbs,0.65
2931,לקבל,wybaczać,verbs,1.95
2932,טלסקופ,krzesło,nouns,0.15
2933,עור,rower,nouns,0.1
2934,עצם,łokieć,nouns,1.45
2935,סיוף,gimnastyka,nouns,1.05
2936,אומלל,obłąkany,adjectives,0.5
2937,מאוד,ciasno,adverbs,1.1
2938,להיכשל,powieść się,verbs,0.5
2939,לחפש,polować,verbs,2.3
2940,תינוקת,córka,nouns,2.9
2941,מוזיאון,mennica,nouns,0.25
2942,שנייה,minuta,nouns,1.6
2943,מטבח,drzwi,nouns,0.55
2944,סביבה,miecz,nouns,0.0
2945,קרדיגן,koszula,nouns,1.7
2946,סימולציה,robotyka,nouns,1.05
2947,תפוח,cukierek,nouns,0.8
2948,להבחין,słyszeć,verbs,0.95
2949,מטחנה,nasienie,nouns,0.5
2950,לשכנע,dążyć,verbs,1.2
2951,לשאוף,przejąć,verbs,0.1
2952,זנב,miska,nouns,0.0
2953,בהכרח,zasadniczo,adverbs,0.9
2954,דשן,wzrost,nouns,0.95
2955,קרושה,mundur,nouns,0.15
2956,לרצות,pragnąć,verbs,4.7
2957,לרחף,śpiewać,verbs,0.2
2958,לא סביר,przyjazny,adverbs,0.05
2959,ספר,artykuł,nouns,1.5
2960,סטייק,kurczak,nouns,1.4
2961,כס,miecz,nouns,0.35
2962,סינמטוגרפיה,reżyser,nouns,1.15
2963,נייר,drewno,nouns,1.15
2964,בעצבנות,trwożnie,adverbs,1.5
2965,באדיבות,chojnie,adverbs,2.35
2966,תוקפני,wygięty,adjectives,0.05
2967,גאה,śmiały,adjectives,1.0
2968,להודיע,proklamować,verbs,4.4
2969,נורמלי,dziwaczny,adjectives,0.5
2970,פרווה,kobieta,nouns,0.2
2971,קתדרלה,sufit,nouns,0.65
2972,שלג,pogoda,nouns,0.65
2973,להביא,przyjść,verbs,0.3
2974,עצם,kolano,nouns,1.45
2975,יריב,oponent,nouns,4.65
2976,זרוע,mięsień,nouns,1.35
2977,דבש,cukier,nouns,1.2
2978,אקדח,futro,nouns,0.0
2979,רגוע,zrelaksowany,adjectives,4.2
2980,פרח,fiołek,nouns,2.85
2981,לבנות,tworzyć,verbs,4.2
2982,משחק,trik,nouns,1.25
2983,תאגיד,biznes,nouns,2.5
2984,לדחוף,winić,verbs,0.2
2985,הכנסה,podatek,nouns,0.8
2986,לבחור,decydować,verbs,3.9
2987,מיץ,mleko,nouns,1.05
2988,בגדים,płaszcz,nouns,2.3
2989,בעצם,koniecznie,adverbs,0.9
2990,זוג,para,nouns,5.35
2991,כבל,czarodziej,nouns,0.15
2992,עוזר,nauczyciel,nouns,0.95
2993,מטומטם,rzadki,adjectives,0.1
2994,הקפת כדור הארץ,bagaż,nouns,0.1
2995,מסדרון,hol,nouns,5.65
2996,להפתיע,celebrować,verbs,0.85
2997,חובל,żeglarz,nouns,3.6
2998,בוודאי,czasem,adverbs,0.05
2999,קש,zadanie,nouns,0.0
3000,בכנות,nigdy,adverbs,0.0
3001,כיסא,ławka,nouns,2.1
3002,מזוייף,sztuczny,adjectives,4.0
3003,זרוע,kość,nouns,1.1
3004,לעזוב,przybywać,verbs,0.45
3005,ליקר,zespół,nouns,0.0
3006,מסגרת,hit,nouns,0.0
3007,לגנוב,kupować,verbs,0.35
3008,להתכנס,spotykać się,verbs,4.9
3009,אירוסין,pierścień,nouns,1.4
3010,מחלבה,miód,nouns,0.3
3011,להכריע,udusić,verbs,0.8
3012,מבצר,ściana,nouns,0.7
3013,תאונה,książka,nouns,0.0
3014,דרום,północ,nouns,0.85
3015,גבול,odgraniczenie,nouns,3.85
3016,צנוע,zawstydzony,adjectives,1.6
3017,בדיוק,niedokładnie,adverbs,0.5
3018,זרם,rzeka,nouns,2.15
3019,דלת,kuchnia,nouns,0.55
3020,לאשר,pozwalać,verbs,4.35
3021,ברור,pewnie,adverbs,3.8
3022,אצבע,dłoń,nouns,1.55
3023,להביא,narzekać,verbs,0.0
3024,תלמיד,nauczyciel,nouns,0.85
3025,ביטחון,własna osoba,nouns,0.8
3026,חרות,swoboda,nouns,5.35
3027,אינטליגנציה,umiejętność,nouns,1.8
3028,הזמנה,menu,nouns,1.1
3029,פחית,butelka,nouns,1.4
3030,מיומנות,inteligencja,nouns,1.8
3031,עבר,poprzednik,nouns,1.75
3032,פעמון,wieża,nouns,0.75
3033,בייסבול,kanapa,nouns,0.1
3034,מטר,cal,nouns,1.6
3035,גדה,brzeg morski,nouns,3.3
3036,פסל,statua,nouns,4.6
3037,כאוס,lekcja,nouns,0.15
3038,דוקטור,usposobienie,nouns,0.0
3039,דקה,sekunda,nouns,1.6
3040,כועס,gwałtowny,adjectives,1.95
3041,מעטפה,dekoracja,nouns,0.3
3042,שוטר,drugi pilot,nouns,0.6
3043,בבהירות,wielce,adverbs,0.4
3044,עצם,mózg,nouns,0.7
3045,לגמרי,wyłącznie,adverbs,2.0
3046,לכסות,zakopać,verbs,2.7
3047,לייבב,płakać,verbs,5.0
3048,אטום,cząsteczka,nouns,3.0
3049,יכולת,kompetencja,nouns,4.2
3050,להיסחף,płynąć,verbs,3.15
3051,דיאטה,sałatka,nouns,0.9
3052,מלאכותי,fałszywy,adjectives,4.0
3053,אורח חיים,cywilizacja,nouns,0.8
3054,לבשל,smażyć,verbs,2.35
3055,וריד,wybór,nouns,0.0
3056,בוס,dyrektor,nouns,5.35
3057,קרב,wojowniczość,nouns,2.95
3058,לשחרר,złapać,verbs,0.5
3059,יהלום,pieniądze,nouns,0.8
3060,חיפוש,cel,nouns,1.3
3061,לעקל,dążyć,verbs,0.1
3062,להקשיב,rozumieć,verbs,1.45
3063,מטומטם,gęsty,adjectives,0.1
3064,שד,lampa,nouns,0.75
3065,לבכות,szlochać,verbs,5.0
3066,המון,parada,nouns,1.8
3067,להקה,trunek,nouns,0.0
3068,לגנוב,nabyć,verbs,1.1
3069,אלומיניום,metal,nouns,2.3
3070,צוואר,ramię,nouns,0.8
3071,פקעת,kwiat,nouns,1.75
3072,מילה,fraza,nouns,3.35
3073,חתיך,facet,nouns,1.2
3074,משרה,szybkość,nouns,0.3
3075,לחשוב,decydować,verbs,1.5
3076,עורלה,obrzezanie,nouns,1.45
3077,מקהלה,kościół,nouns,1.25
3078,לסלוח,rozumieć,verbs,1.6
3079,להאמין,akceptować,verbs,1.4
3080,תוכנית,jedzenie,nouns,0.25
3081,באופן עצמאי,odpowiedzialnie,adverbs,1.15
3082,לשכוח,ignorować,verbs,1.4
3083,מורה,student,nouns,0.85
3084,תאריך,kalendarz,nouns,1.45
3085,להאשים,gardzić,verbs,0.5
3086,זריז,prędki,adjectives,5.05
3087,סימן,klub,nouns,0.0
3088,להתלונן,przynieść,verbs,0.0
3089,אינטליגנציה,logika,nouns,2.55
3090,קערה,talerz,nouns,2.95
3091,רעיה,cent,nouns,0.05
3092,להסכים,zadowalać,verbs,0.9
3093,כעס,nastrój,nouns,1.05
3094,לרדוף,zbadać,verbs,0.7
3095,לכסות,chronić,verbs,1.85
3096,משפטן,prawnik,nouns,4.5
3097,להזניח,wyrzec się,verbs,1.1
3098,אסטרואיד,gwiazda,nouns,1.65
3099,עיתונאי,poeta,nouns,1.05
3100,חילוניות,religia,nouns,0.6
3101,בגדים,kurtka,nouns,1.9
3102,מרוץ,weekend,nouns,0.05
3103,נחמד,towarzyski,adjectives,3.0
3104,פרה,koza,nouns,1.4
3105,עשור,stulecie,nouns,1.15
3106,מחר,dzisiaj wieczorem,adverbs,0.55
3107,תינוק,dorosły,nouns,0.7
3108,סיפון,mysz,nouns,0.05
3109,גאה,silny,adjectives,0.55
3110,בגדים,guzik,nouns,0.95
3111,פיל,kompas,nouns,0.0
3112,פתוגן,zarazek,nouns,3.7
3113,לקחת,kraść,verbs,1.75
3114,לחם,ser,nouns,0.6
3115,באופן פסיבי,cicho,adverbs,1.0
3116,להאשים,pchać,verbs,0.2
3117,אלגברה,operacja,nouns,0.7
3118,חייל,pokój,nouns,0.55
3119,סוכרוז,węglowodan,nouns,2.2
3120,קצר,długi,adjectives,0.5
3121,כיתה,hol,nouns,0.6
3122,שחקן,aktorka,nouns,3.0
3123,ממוצע,regularny,adjectives,3.15
3124,ישן,nowy,adjectives,0.5
3125,בטן,sypialnia,nouns,0.05
3126,להפסיד,zachować,verbs,0.35
3127,בטן,żyła,nouns,0.55
3128,חדר שינה,łazienka,nouns,0.9
3129,פעולה,algebra,nouns,0.7
3130,קולנוע,popcorn,nouns,0.7
3131,מדען,pielęgniarka,nouns,0.25
3132,להבטיח,przysięgać,verbs,4.75
3133,אזור,narożnik,nouns,0.9
3134,סירה,samochód,nouns,1.1
3135,אלפבית,długopis,nouns,0.45
3136,לתקוף,ranić,verbs,2.65
3137,כריך,mięso,nouns,0.55
3138,וילון,pręt,nouns,0.7
3139,דק,wąski,adjectives,3.05
3140,כותנה,sweter,nouns,1.1
3141,כביש,szosa,nouns,4.8
3142,לתלות,kłaść,verbs,0.7
3143,באופן מוזר,inaczej,adverbs,1.05
3144,להפוך,pojawić się,verbs,0.8
3145,לכאורה,prosto,adverbs,0.95
3146,מעונן,prognoza,nouns,0.75
3147,גלוי,nieujawniony,adjectives,0.5
3148,חצוף,głośny,adjectives,0.7
3149,ים,tsunami,nouns,1.0
3150,אבא,mężczyzna,nouns,2.65
3151,באופן מציאותי,niedawno,adverbs,0.1
3152,חקלאות,monokultura,nouns,1.4
3153,יהיר,dumny,adjectives,2.95
3154,הוריקן,burza,nouns,3.0
3155,ערמומי,niewiarygodny,adjectives,2.0
3156,להתעלם,unikać,verbs,2.4
3157,לשכוח,wybaczać,verbs,1.95
3158,בכנות,poważnie,adverbs,1.45
3159,רעיה,dziura,nouns,0.0
3160,מורה,instruktor,nouns,4.5
3161,חומצה,baza,nouns,0.6
3162,אנטרופיה,informacja,nouns,0.9
3163,לסיים,rywalizować,verbs,0.15
3164,להתעורר,chrapać,verbs,0.5
3165,ויסקי,alkohol,nouns,2.65
3166,פרוזדור,klasa,nouns,0.6
3167,פטיש,zęby,nouns,0.0
3168,נינוח,spokojny,adjectives,4.2
3169,לשלוט,wygrać,verbs,2.05
3170,מכונה,komputer,nouns,3.2
3171,מחלה,niebezpieczeństwo,nouns,0.75
3172,מכוסה,odkryty,adjectives,0.55
3173,אגם,bagno,nouns,1.0
3174,פסל,posiadłość,nouns,0.25
3175,עולם,glob,nouns,4.15
3176,בהחלט,prawdopodobnie,adverbs,1.8
3177,סוף שבוע,tydzień,nouns,1.3
3178,אקדח,ludzie,nouns,0.3
3179,זכוכית,odznaka,nouns,0.25
3180,להרוג,dusić,verbs,2.2
3181,שחקן,trener,nouns,1.0
3182,אנשים,populacja,nouns,3.95
3183,מושחת,zły,adjectives,2.65
3184,באופן מסוכן,ostrożnie,adverbs,0.45
3185,בבהירות,lekko,adverbs,0.55
3186,אנרגיה,bateria,nouns,2.05
3187,לא בטוח,przestraszony,adjectives,1.65
3188,עובד,aparat,nouns,0.25
3189,לקבל,dostarczać,verbs,0.5
3190,תחזית,śnieg,nouns,0.65
3191,אסם,dom,nouns,0.95
3192,פוליאסטר,bawełna,nouns,1.0
3193,ג'ויסטיק,radar,nouns,0.1
3194,עצום,malutki,adjectives,0.5
3195,תרשים,wykres,nouns,4.7
3196,להתווכח,zgadzać się,verbs,0.5
3197,להביא,nieść,verbs,2.15
3198,לאחר מכן,nigdy,adverbs,0.65
3199,מידע,entropia,nouns,0.9
3200,ערב,zachód słońca,nouns,2.2
3201,בלתי צפוי,nieprzewidziany,adjectives,5.25
