ID,HEB,SPA,PoS,score
1,בגדים,capa,nouns,1.7
2,להרוג,lucha,verbs,0.75
3,גבה,ojo,nouns,0.85
4,מוח,nervio,nouns,0.85
5,שטח,región,nouns,4.3
6,לסמוך,depender,verbs,2.7
7,זהב,zinc,nouns,1.5
8,לוח שנה,vacaciones,nouns,1.35
9,לקבור,morir,verbs,1.1
10,רוח,chubasco,nouns,1.95
11,לשכוח,recordar,verbs,0.55
12,אלסטי,flexible,adjectives,4.9
13,מרחק,perspectiva,nouns,2.1
14,תלמיד,profesor,nouns,1.05
15,דלת,campana,nouns,0.7
16,לקבל,tomar,verbs,1.3
17,דגל,polo,nouns,0.9
18,עוגן,bote,nouns,1.2
19,להיפגש,saludar,verbs,0.6
20,זרוע,hombro,nouns,1.45
21,לקצור,ganancia,verbs,1.55
22,פרקליט,abogado,nouns,4.6
23,להרוויח,recoger,verbs,1.55
24,אקדח,gente,nouns,0.35
25,כנסייה,coro,nouns,1.35
26,ביצה,lago,nouns,2.1
27,מטבע,pago,nouns,1.95
28,לאפות,freír,verbs,1.75
29,ארכיבישוף,obispo,nouns,3.05
30,זרע,molino,nouns,1.2
31,הורה,padre,nouns,4.15
32,ספינת תותחים,costa,nouns,0.95
33,בחור,semental,nouns,1.1
34,בייסבול,fraternidad,nouns,0.4
35,ביולוג,microscopio,nouns,1.2
36,עצבני,cierto,adjectives,0.2
37,לפתור,terminar,verbs,2.55
38,רע,estupendo,adjectives,0.35
39,מרק,cena,nouns,1.95
40,טלויזיה,actor,nouns,0.95
41,זריז,rápido,adjectives,5.55
42,חלש,poderoso,adjectives,0.65
43,עסק,sociedad,nouns,2.55
44,רחוב,callejón,nouns,3.6
45,כסף,capital,nouns,4.35
46,כותנה,suéter,nouns,1.0
47,לשרוק,detener,verbs,0.35
48,בוודאי,claramente,adverbs,3.35
49,לבקש,rezar,verbs,2.0
50,שמיים,universo,nouns,1.55
51,מותר,legal,adjectives,4.2
52,אחווה,puerta,nouns,0.2
53,קערה,plato,nouns,2.6
54,נמלה,abeja,nouns,1.2
55,לסיים,competir,verbs,0.2
56,אי,armada,nouns,0.4
57,כעס,frustración,nouns,3.8
58,לחסוך,gastar,verbs,0.55
59,עניין,conciencia,nouns,1.45
60,תותח,pistola,nouns,1.95
61,קשה,fácil,adjectives,0.6
62,סטודנט,profesor,nouns,0.9
63,אנרכיה,caos,nouns,4.05
64,כפל,división,nouns,1.2
65,אגודל,uña,nouns,1.65
66,צלחת,cuenco,nouns,2.6
67,לפעמים,seguramente,adverbs,0.5
68,לזרוח,irradiar,verbs,4.15
69,לא סביר,simpático,adverbs,0.0
70,חיל הים,isla,nouns,0.4
71,למסור,tomar,verbs,0.95
72,סטייק,pollo,nouns,2.15
73,חור,esposa,nouns,0.0
74,בית,estado,nouns,0.75
75,חוש,intuición,nouns,4.05
76,היסטריה,confusión,nouns,1.45
77,סילבוס,examen,nouns,0.65
78,שמח,alegre,adjectives,5.3
79,לחלוטין,verdaderamente,adverbs,1.2
80,זרוע,cuerpo,nouns,1.3
81,מתנגד,adversario,nouns,4.45
82,להעציב,herir,verbs,1.2
83,צוואר,espina,nouns,1.0
84,הוכחה,hecho,nouns,2.05
85,לעזור,proteger,verbs,1.4
86,לסדר,recoger,verbs,1.75
87,אגדה,moral,nouns,0.45
88,רופא,ortodoncista,nouns,2.3
89,לנתק,dividir,verbs,1.6
90,שיר,ritmo,nouns,1.55
91,שפה,boca,nouns,1.85
92,כובע,capa,nouns,0.95
93,קמפיין,mono,nouns,0.05
94,מטרייה,calentador,nouns,0.65
95,בחוכמה,maduro,adverbs,1.25
96,ספר,accidente,nouns,0.1
97,נשמה,hermano,nouns,0.25
98,פרוזדור,clase,nouns,0.55
99,כתף,brazo,nouns,1.45
100,גג,piso,nouns,1.2
101,תמימות דעים,moneda,nouns,0.75
102,סערה,nube,nouns,1.65
103,להגדיר,aclarar,verbs,3.15
104,אסטרואיד,estrella,nouns,2.3
105,תפוח,dieta,nouns,0.95
106,מהומה,dibujo,nouns,0.15
107,קישוט,pared,nouns,0.75
108,להסיק,decidir,verbs,1.95
109,מדליה,zapatillas,nouns,0.6
110,רעיון,imagen,nouns,1.25
111,להרוג,destruir,verbs,1.75
112,חשמלי,dulce,adjectives,0.0
113,מבוגר,bebé,nouns,1.0
114,תקרה,tejado,nouns,4.3
115,אישה,pantalones,nouns,0.45
116,אחווה,béisbol,nouns,0.4
117,ערפל,nube,nouns,2.55
118,מצחיק,grave,adjectives,0.45
119,פשע,fraude,nouns,2.65
120,הנהלה,administración,nouns,2.85
121,מקור,caja,nouns,0.1
122,רטוב,pegajoso,adjectives,0.95
123,קיבה,cintura,nouns,1.1
124,תמים,gratis,adjectives,0.15
125,מאה,año,nouns,1.85
126,לדכא,animar,verbs,0.65
127,להרוס,crear,verbs,0.55
128,לדעת,entender,verbs,2.9
129,לציית,castigar,verbs,0.9
130,צנוע,avergonzado,adjectives,1.35
131,עצבני,joven,adjectives,0.3
132,לקבל,negar,verbs,0.25
133,מנהל,líder,nouns,3.2
134,מצלמה,continuación,nouns,0.1
135,התחיל,empezar,verbs,5.65
136,ים,playa,nouns,2.85
137,נפלא,hermoso,adjectives,2.35
138,מוניטור,pantalla,nouns,4.6
139,סטודנט,alumno,nouns,5.35
140,טייס,policía,nouns,0.75
141,לבנה,pared,nouns,1.5
142,פרה,ganado,nouns,3.25
143,מכונית,autopista,nouns,1.4
144,קפיצה,cerca,nouns,0.55
145,להאשים,juzgar,verbs,2.7
146,מטרה,ganador,nouns,0.85
147,למצוא,desaparecer,verbs,0.65
148,זמר,actor,nouns,1.3
149,גודל,truco,nouns,0.0
150,אוטובוס,vehículo,nouns,2.2
151,וקטור,matriz,nouns,2.25
152,סכנה,enfermedad,nouns,1.0
153,ללכת,venir,verbs,1.3
154,לגעור,pedir,verbs,1.25
155,יקר,tímido,adjectives,0.25
156,מכונית,coche,nouns,5.7
157,להחזיר,traer,verbs,0.65
158,מטען,circunnavegación,nouns,0.65
159,תסכול,enfado,nouns,3.8
160,משכורת,dinero,nouns,3.65
161,גלוי,no revelado,adjectives,0.5
162,סקי,snowboard,nouns,2.7
163,זווית,curva,nouns,2.45
164,לשאת,tomar,verbs,1.3
165,מעיל,ropa,nouns,1.63
166,אל,diablo,nouns,1.2
167,אי,tarea,nouns,0.05
168,עכשיו,aquí,adverbs,2.4
169,לרדת,disminución,verbs,2.0
170,רעיון,opinión,nouns,3.3
171,דודה,sobrino,nouns,0.95
172,לשכנע,discutir,verbs,1.5
173,פוליטיקאי,presidente,nouns,2.2
174,מורה,estudiante,nouns,1.05
175,כתר,llave,nouns,0.1
176,הססן,colérico,adjectives,1.0
177,פשתן,tela,nouns,2.45
178,אצן,atleta,nouns,2.8
179,תקופה,episodio,nouns,4.55
180,דביק,sucio,adjectives,1.25
181,גשר,coche,nouns,0.5
182,שונית,playa,nouns,1.8
183,לנדוד,deambular,verbs,4.9
184,טיפול,behaviorismo,nouns,1.1
185,פאסיבי,violento,adjectives,0.4
186,לטבוע,salvar,verbs,0.7
187,לתאר,notificar,verbs,0.75
188,דיודה,condensador,nouns,2.0
189,צעצוע,cubo,nouns,1.25
190,להניח,colgar,verbs,1.55
191,להפסיד,obtener,verbs,0.5
192,להיכשל,desalentar,verbs,0.7
193,מדים,desformado,adjectives,0.4
194,בנייה,destrucción,nouns,0.65
195,טלסקופ,reunión creativa,nouns,0.0
196,לערבב,cocinar,verbs,1.2
197,יום הולדת,cita,nouns,1.5
198,להחליט,retratar,verbs,0.5
199,לעצור,silbar,verbs,0.35
200,רעיה,centavo,nouns,0.15
201,אנשים,centavo,nouns,0.7
202,חלבון,asa,nouns,0.15
203,מסורת,artesanía,nouns,1.3
204,אבא,hombre,nouns,2.5
205,לבשל,perder,verbs,0.05
206,לבעוט,herir,verbs,1.35
207,לעשות,ocurrir,verbs,0.95
208,להתווכח,grito,verbs,1.45
209,ילדותי,crecido,adjectives,0.75
210,מדהים,sucio,adjectives,0.15
211,להתחנן,pedir prestado,verbs,0.65
212,סלט,dieta,nouns,1.2
213,לסלוח,olvidar,verbs,2.0
214,להכות,mezclar,verbs,0.05
215,מערכת אקולוגית,economía,nouns,0.7
216,עטלף,vampiro,nouns,2.35
217,מלאך,demonio,nouns,1.15
218,בערך,fácilmente,adverbs,0.25
219,גוף,nervio,nouns,0.75
220,דם,cuerpo,nouns,0.8
221,חשבון,lógica,nouns,1.7
222,נקי,sucio,adjectives,0.9
223,ללמוד,educar,verbs,1.8
224,בעל ערך,especial,adjectives,3.75
225,תשלום,nota,nouns,0.35
226,לשלוח,asistir,verbs,0.8
227,מסיכה,partido,nouns,0.6
228,אזור,zona,nouns,4.3
229,מלך,nepotismo,nouns,1.45
230,אמונה,flor,nouns,0.05
231,מעיל,sombrero,nouns,0.95
232,באקלר,escudo,nouns,1.8
233,לדעת,dar,verbs,0.25
234,כרכרה,vagón,nouns,3.05
235,שופט,corte,nouns,1.3
236,תוקפני,grosero,adjectives,1.8
237,קומה,cubierta,nouns,1.5
238,חתול,conejo,nouns,1.1
239,להעריץ,admirar,verbs,3.95
240,רע,horrible,adjectives,3.2
241,להעניש,golpear,verbs,1.6
242,פקעת,flor,nouns,1.7
243,אל,espíritu,nouns,1.3
244,ארוחה,sandwich,nouns,1.3
245,כוס,cuchara,nouns,1.35
246,חצוף,agresivo,adjectives,1.8
247,אנטרופיה,información,nouns,1.2
248,משימה,isla,nouns,0.05
249,בחירה,cárcel,nouns,0.5
250,ברנדי,vino,nouns,1.95
251,לנצח,realizar,verbs,1.9
252,פרח,arbusto,nouns,2.25
253,להכחיש,admitir,verbs,0.6
254,לקחת,robar,verbs,1.65
255,טניס,estadística,nouns,0.35
256,אנשים,pistola,nouns,0.35
257,תיאוריה,hipótesis,nouns,4.35
258,קדוש,precioso,adjectives,2.05
259,זרוע,cuello,nouns,0.85
260,מצוין,maravilloso,adjectives,5.1
261,לארגן,gestionar,verbs,4.7
262,להזכיר,vender,verbs,0.0
263,להראות,pretender,verbs,1.8
264,מוסכמה,regla,nouns,2.6
265,כדורסל,béisbol,nouns,1.85
266,באופן לא מדויק,precisamente,adverbs,0.55
267,מקהלה,cantante,nouns,1.7
268,משוואה,fórmula,nouns,4.25
269,לשנוא,disfrutar,verbs,0.25
270,מכללה,clase,nouns,1.45
271,חורף,verano,nouns,1.0
272,טיפשי,crédulo,adjectives,2.2
273,העולם הבא,purgatorio,nouns,2.2
274,אריה,gato,nouns,1.65
275,מחלבה,miel,nouns,0.5
276,לבוש,cubierto,adjectives,2.8
277,מטר,pulgada,nouns,1.7
278,אלפבית,bolígrafo,nouns,0.8
279,לאסוף,organizar,verbs,1.75
280,קל,flexible,adjectives,1.55
281,חור,acuerdo,nouns,0.0
282,לפזול,deslumbrar,verbs,1.0
283,טיעון,conversación,nouns,2.45
284,לסגת,retirarse,verbs,3.45
285,גיל,belleza,nouns,0.75
286,שיר,balada,nouns,4.0
287,פוסטר,papel,nouns,2.15
288,כפתור,ropa,nouns,1.35
289,פגיע,fácil,adjectives,0.7
290,גבר,marido,nouns,2.35
291,נורמלי,extraño,adjectives,0.6
292,להביא,enviar,verbs,1.05
293,מלוכה,democracia,nouns,1.45
294,לטייל,ir,verbs,2.6
295,חצוף,ruidoso,adjectives,0.7
296,ללכוד,imitar,verbs,0.35
297,השתקפות,imagen,nouns,1.65
298,בהירות,estrella,nouns,2.05
299,אבא,hijo,nouns,1.8
300,דין,magistrado,nouns,2.8
301,שטיח,casa,nouns,0.65
302,מכונית,manguera,nouns,0.4
303,נסיכה,novia,nouns,1.2
304,חיוני,necesario,adjectives,5.05
305,אופניים,piel,nouns,0.3
306,צינור,jardín,nouns,0.85
307,ים,delta,nouns,1.4
308,ארוע,recaudación de fondos,nouns,2.05
309,חוקה,senado,nouns,1.2
310,שקופית,puntero,nouns,0.45
311,לנסוג,salir,verbs,3.15
312,תורה,himno,nouns,0.45
313,מתבייש,modesto,adjectives,1.35
314,כומר,dios,nouns,1.45
315,מבצר,pared,nouns,0.95
316,קרן,tambor,nouns,0.8
317,כבד,pulmón,nouns,0.95
318,דיאטה,ensalada,nouns,1.2
319,לדאוג,malgastar,verbs,0.15
320,להתפעל,adorar,verbs,3.95
321,רומן,escritor,nouns,1.4
322,באופן לא סדיר,generalmente,adverbs,0.75
323,להסכים,recibir,verbs,2.85
324,רשמית,fuertemente,adverbs,0.0
325,סכין,pistola,nouns,1.75
326,קולנוע,palomitas de maiz,nouns,1.55
327,עצוב,avergonzado,adjectives,0.9
328,מוכר,bien,adjectives,0.6
329,מחנה,cabina,nouns,1.15
330,זרוע,muñeca,nouns,1.45
331,לעזוב,tomar,verbs,0.35
332,מרתף,puerta,nouns,0.6
333,מסיבה,máscara,nouns,0.6
334,גן חובה,preescolar,nouns,2.7
335,פינה,zona,nouns,0.95
336,לקטוף,seleccionar,verbs,1.35
337,מובך,suerte,adjectives,0.05
338,טלפון סללורי,piña,nouns,0.0
339,וילון,barra,nouns,0.9
340,שד,lámpara,nouns,0.95
341,אמיתי,0,adjectives,0.55
342,אופנה,estilo,nouns,3.65
343,אינטליגנציה,sabiduría,nouns,4.5
344,סוציוביולוגיה,mutante,nouns,0.6
345,לעקל,esforzarse,verbs,0.45
346,מסודר,desorganizado,verbs,0.55
347,להשיג,ganar,verbs,1.9
348,בז,águila,nouns,2.6
349,משמעותי,menor,adjectives,0.55
350,וויסקי,champán,nouns,1.7
351,באופן חריג,normalmente,adverbs,0.55
352,בשר,carne de vaca,nouns,3.2
353,מטומטם,estúpido,adjectives,4.85
354,קיר,decoración,nouns,0.75
355,רגל,arena,nouns,0.45
356,להתייפח,llorar,verbs,4.85
357,בבטחה,secretamente,adverbs,1.0
358,פסנתר,armonía,nouns,0.65
359,ליקר,banda,nouns,0.25
360,טלפון סלולרי,teléfono,nouns,4.7
361,באופן שלילי,antinaturalmente,adverbs,1.45
362,מיידית,una vez,adverbs,0.65
363,דיפלומטיה,negociación,nouns,2.15
364,לתת,poner,verbs,1.0
365,מסע,viaje,nouns,3.9
366,לבלבל,aprender,verbs,0.4
367,ילדה,niña,nouns,3.6
368,נוחות,seguridad,nouns,1.4
369,בשמחה,activamente,adverbs,0.35
370,גברים,fraternidad,nouns,1.05
371,גלקסי,aplicación,nouns,0.4
372,דובדבן,fresa,nouns,1.6
373,בדיוק,inexactamente,adverbs,0.55
374,רעב,sediento,adjectives,1.35
375,לבן,estrecho,adjectives,0.0
376,תינוק,adulto,nouns,1.0
377,פיכח,racional,adjectives,1.5
378,לארגן,volverse,verbs,0.65
379,בחירה,capítulo,nouns,0.35
380,לחקור,ignorar,verbs,0.35
381,אחר,opuesto,adjectives,0.85
382,רופא,ortodoncista,nouns,4.6
383,כריך,almuerzo,nouns,1.3
384,סוודר,algodón,nouns,1.0
385,ספר,artículo,nouns,1.5
386,חד,suave,adjectives,0.7
387,כוס,tarro,nouns,2.3
388,למהר,darse prisa,verbs,5.5
389,מזיק,pesticida,nouns,0.85
390,לאתר,encontrar,verbs,4.95
391,להזהיר,detener,verbs,0.8
392,לעמוד,caminar,verbs,0.75
393,גיטרה,trucha,nouns,0.05
394,כחול,rojo,adjectives,1.0
395,שכר לימוד,beca,nouns,1.25
396,מכוער,crudo,adjectives,0.95
397,לשרוד,vivir,verbs,2.4
398,להיכנס,deber,verbs,0.0
399,מנצח,hombre,nouns,0.75
400,פרטי,personal,adjectives,4.6
401,להאמין,sentir,verbs,1.85
402,סיומת,afijo,nouns,2.55
403,אנתרופולוגיה,arqueología,nouns,1.5
404,לחלוטין,básicamente,adverbs,1.25
405,לברוח,encontrar,verbs,0.55
406,חדשני,creativo,adjectives,3.85
407,משוגע,estupendo,adjectives,0.35
408,מדע,psicología,nouns,1.3
409,להחזיר,reemplazar,verbs,2.55
410,דעה,creencia,nouns,3.5
411,צד,parte superior,nouns,0.85
412,ציפור,gallina,nouns,1.95
413,פסגה,fondo,nouns,0.6
414,לא אמין,tortuoso,adjectives,1.5
415,לצרוח,gritar,verbs,4.85
416,חצאית,reloj,nouns,0.4
417,משעמם,gracioso,adjectives,0.5
418,גוף,sangre,nouns,0.8
419,לנער,recoger,verbs,0.3
420,אנושות,esencialmente,adverbs,0.45
421,לשאת,traer,verbs,1.35
422,עמלה,pago,nouns,3.6
423,לדכא,enfadar,verbs,0.75
424,מהיר,veloz,adjectives,5.55
425,לחקור,descubrir,verbs,2.9
426,מצלמה,obrero,nouns,0.15
427,בחירות,decisión,nouns,3.5
428,פרלמנט,congreso,nouns,3.85
429,צבא,legión,nouns,3.05
430,אומניפוטנטיות,supremacía,nouns,2.6
431,לשמור,recoger,verbs,1.35
432,לתסכל,desalentar,verbs,3.25
433,קליבר,paraguas,nouns,0.4
434,חוקה,emperador,nouns,0.9
435,בחוזקה,oficialmente,adverbs,0.0
436,כתף,cuerpo,nouns,1.3
437,בקר,yogur,nouns,0.8
438,גיהנום,más allá,nouns,2.2
439,אבקן,polinización,nouns,1.45
440,זמר,personal,nouns,0.3
441,חולי,infección,nouns,2.7
442,ספר,manuscrito,nouns,2.2
443,סולטן,ministerio,nouns,0.75
444,ליצור,hacer,verbs,3.7
445,ישן,mezclado,adjectives,0.0
446,מכתב,párrafo,nouns,1.2
447,גיוס כספים,desarrollo,nouns,0.8
448,תיבה,electricidad,nouns,0.2
449,רגל,mano,nouns,1.2
450,בכנות,honestamente,adverbs,5.2
451,רחב,grande,adjectives,2.05
452,להרים,aumentar,verbs,0.85
453,בת,bebé,nouns,3.05
454,להפסיק,hacer,verbs,0.55
455,לרדוף,susto,verbs,0.35
456,קתדרלה,iglesia,nouns,4.3
457,המנון,biblia,nouns,0.45
458,חזה,cuerpo,nouns,1.35
459,יציאה,sufragio,nouns,0.05
460,דלת,portón,nouns,4.6
461,נשק,casco,nouns,1.45
462,חוקי,permitido,adjectives,4.2
463,אורז,frijol,nouns,1.3
464,בעצם,críticamente,adverbs,0.45
465,מכה,marco,nouns,0.15
466,סעודה,pollo,nouns,1.2
467,ביושר,sinceramente,adverbs,5.2
468,מחלה,peligro,nouns,1.0
469,זנב,acantilado,nouns,0.0
470,צבא,armada,nouns,3.95
471,כומר,profeta,nouns,1.5
472,כף,vaso,nouns,1.35
473,אלכוהול,ginebra,nouns,2.25
474,לשחוק,permitir,verbs,0.05
475,בדיל,aluminio,nouns,1.5
476,שחקנית,actor,nouns,3.75
477,להאשים,despreciar,verbs,0.7
478,לפגוע,insultar,verbs,4.1
479,עוף,filete,nouns,2.15
480,מתון,agudo,adjectives,0.7
481,קשה,denso,adjectives,1.25
482,יחידה,ejército,nouns,1.45
483,שמיים,sol,nouns,1.2
484,להבין,leer,verbs,1.3
485,פתח,brecha,nouns,3.2
486,רע,inmoral,adjectives,2.35
487,זרוע,rodilla,nouns,1.0
488,לדחוף,culpar,verbs,0.25
489,פלנטה,luna,nouns,1.65
490,ללא הגיון,sucio,adverbs,0.75
491,להגיע,salir,verbs,0.65
492,שחקן,televisión,nouns,0.95
493,לחנוק,respirar,verbs,0.75
494,בשר,tocino,nouns,1.95
495,לא בטוח,asustado,adjectives,1.7
496,לדחות,condenar,verbs,2.15
497,לשוטט,vagar,verbs,4.9
498,מבצע,canción,nouns,0.65
499,אמונה,impresión,nouns,1.7
500,שקרן,veraz,adjectives,0.55
501,אקוסטיקה,sonido,nouns,3.2
502,מלך,princesa,nouns,1.9
503,לרוץ,montar,verbs,0.7
504,בחשאי,obviamente,adverbs,0.3
505,כומר,monje,nouns,3.45
506,גלריה,abogado,nouns,0.1
507,בהחלט,probablemente,adverbs,1.2
508,מכונית,tanque,nouns,1.05
509,חתול,león,nouns,1.65
510,אך ורק,completamente,adverbs,2.05
511,ליצור,destruir,verbs,0.6
512,סוודר,chaqueta,nouns,2.35
513,יוקרה,riqueza,nouns,1.75
514,לעולם לא,generosamente,adverbs,0.45
515,ויסקי,alcohol,nouns,2.0
516,איום,malo,adjectives,3.6
517,בטן,habitación,nouns,0.15
518,מקרה,programa informático,nouns,0.55
519,הכרחי,importante,adjectives,3.4
520,מידע,libro,nouns,1.3
521,קישוט,sobre,nouns,0.25
522,נחמד,generoso,adjectives,0.75
523,בקבוק,envase,nouns,1.3
524,ארמון,rascacielos,nouns,1.15
525,טיול,ruta,nouns,3.9
526,מידע,entropía,nouns,1.2
527,סבולת,flor,nouns,0.05
528,חקלאות,planta,nouns,1.2
529,בנקאי,abogado,nouns,1.3
530,זעיר,significativo,adjectives,0.55
531,דירה,mueble,nouns,0.75
532,לאסוף,salvar,verbs,1.35
533,דוקטור,templar,nouns,0.15
534,סוללה,teatro,nouns,0.1
535,להילחם,matar,verbs,0.75
536,רעיה,cañita,nouns,0.25
537,להופיע,saludar,verbs,0.45
538,כוכב לכת,estrella,nouns,3.25
539,סופר,novela,nouns,1.4
540,למצוא,localizar,verbs,4.95
541,להתרחב,crecer,verbs,4.65
542,נייר,madera,nouns,1.2
543,עשור,siglo,nouns,1.15
544,תחליף,intercambio,nouns,3.5
545,לכתוב,garabatear,verbs,2.15
546,עורלה,circuncisión,nouns,1.85
547,ממתק,canela,nouns,1.0
548,חצוף,crítico,adjectives,0.95
549,משפטן,licenciado en derecho,nouns,4.6
550,ראש,presidente,nouns,2.0
551,בישוף,musulmán,nouns,0.85
552,תיבה,ascensor,nouns,0.45
553,לספק,comprender,verbs,0.5
554,איבר,hígado,nouns,2.0
555,מיטה,habitación,nouns,1.1
556,גלובליזם,visado,nouns,0.75
557,להשאיל,mendigar,verbs,0.65
558,משפט,veredicto,nouns,2.8
559,עובד,cámara,nouns,0.15
560,חדר שינה,estómago,nouns,0.15
561,סמטה,cuenco,nouns,0.0
562,טפטוף,lluvia,nouns,3.75
563,להציל,proteger,verbs,2.6
564,זרם,río,nouns,2.0
565,תכנית,idea,nouns,2.6
566,משרד,obrero,nouns,0.7
567,להגיע,aparecer,verbs,3.35
568,לצעוק,chillar,verbs,4.85
569,קודם,pasado,nouns,2.85
570,אור,manzana,nouns,0.25
571,עיתונאי,poeta,nouns,1.25
572,כדור,esfera,nouns,2.75
573,לסיים לימודים,terminar,verbs,1.65
574,מכונית,calle,nouns,0.7
575,חבר,madre,nouns,0.75
576,פוליאסטר,algodón,nouns,1.4
577,לצמוח,encoger,verbs,0.75
578,באופן אמין,pasivamente,adverbs,0.5
579,ישר,curvo,adjectives,0.65
580,טוב,conocido,adjectives,0.6
581,איש,sospechar,nouns,0.6
582,לבקש,ayudar,verbs,1.15
583,קרטון,papel,nouns,3.0
584,ענן,calina,nouns,1.4
585,בזהירות,cuidadosamente,adverbs,4.1
586,להרוס,matar,verbs,1.75
587,נסיך,rey,nouns,2.25
588,בחשאיות,con confianza,adverbs,1.0
589,מתרגם,extranjero,nouns,0.55
590,לחלוטין,ligeramente,adverbs,0.45
591,ניהיליזם,película,nouns,0.25
592,עצום,minúsculo,adjectives,0.6
593,להושיע,salvar,verbs,5.6
594,קמפוס,universidad,nouns,2.95
595,להקשיב,hablar,verbs,0.85
596,להתחזות,imaginar,verbs,1.15
597,גמיש,grande,adjectives,0.1
598,ברור,aparente,adjectives,3.35
599,לחנך,aprender,verbs,1.8
600,טריק,juego,nouns,1.75
601,מפתח,casa,nouns,0.95
602,מסך,monitor,nouns,4.6
603,ילדותי,tonto,adjectives,2.05
604,עצלן,ocupado,adjectives,0.55
605,תלמיד,estudiante,nouns,5.35
606,להבריק,informar,verbs,0.0
607,עצום,grande,adjectives,5.0
608,גודל,profundidad,nouns,1.5
609,לגיון,ejército,nouns,3.05
610,צינור,coche,nouns,0.4
611,ליקר,siglo,nouns,0.05
612,בלתי צפוי,imprevisto,adjectives,5.4
613,כימיה,teoría,nouns,0.6
614,למסור,aceptar,verbs,0.7
615,לחבוט,pellizcar,verbs,0.45
616,קופסה,fuente,nouns,0.1
617,בר מזל,avergonzado,adjectives,0.05
618,לספוג,retirar,verbs,0.3
619,מיץ,cuchara,nouns,0.35
620,שפה,cadera,nouns,0.95
621,נוזקה,gusano,nouns,1.5
622,לטעון,diferir de,verbs,2.6
623,נמרצות,precisamente,adverbs,1.15
624,מכריע,importante,adjectives,3.8
625,לגרור,levantar,verbs,0.8
626,לדחות,retirar,verbs,0.9
627,הדיינות,diplomacia,nouns,2.15
628,שיר,bailarín,nouns,0.65
629,לחמניה,princesa,nouns,0.0
630,לתעב,cargar,verbs,0.7
631,מאמץ,dificultad,nouns,2.75
632,חוזה,acuerdo,nouns,5.25
633,צבא,equipo,nouns,1.45
634,גאה,pobre,adjectives,0.2
635,מרוץ,filósofo,nouns,0.15
636,הססני,neutral,adjectives,1.5
637,משוגע,feliz,adjectives,0.55
638,עושר,prestigio,nouns,1.75
639,לקבוע,evacuar,verbs,0.45
640,שורש,hierba,nouns,1.25
641,מרפק,hueso,nouns,1.35
642,להמליץ,aceptar,verbs,0.95
643,מזומן,dinero,nouns,3.75
644,לשלב,golpear,verbs,0.05
645,לטאה,serpiente,nouns,1.55
646,משונה,normal,adjectives,0.6
647,פיקח,tonto,adjectives,0.55
648,עניין,atención,nouns,3.05
649,גבעה,acantilado,nouns,1.85
650,להטריד,ofender,verbs,1.65
651,ממשלה,lagartija,nouns,0.05
652,נשיא,político,nouns,2.2
653,שמחה,suerte,nouns,0.9
654,עצוב,terrible,adjectives,0.95
655,תיל,cable,nouns,3.0
656,מקלדת,ligero,nouns,0.25
657,לתקן,restaurar,verbs,4.4
658,עלה,planta de semilla,nouns,1.65
659,עושר,pobreza,nouns,0.6
660,מרפאה,cama,nouns,0.85
661,גשם,niebla,nouns,1.3
662,להצליח,tratar,verbs,1.1
663,דעה,elección,nouns,1.2
664,קופסה,sombrero,nouns,0.2
665,לקבל,dar,verbs,1.05
666,להאמין,aceptar,verbs,1.4
667,זעיר,enano,adjectives,4.9
668,משכורת,cuota,nouns,1.5
669,בעל,esposa,nouns,1.6
670,להופיע,volverse,verbs,0.5
671,קרב,conquista,nouns,1.95
672,זנב,posterior,nouns,1.95
673,אישה,secretario,nouns,0.9
674,בהגינות,injustamente,adverbs,0.55
675,לבנות,hacer,verbs,3.0
676,דירה,hotel,nouns,1.35
677,זר,extraterrestre,nouns,1.85
678,כאוס,clase,nouns,0.2
679,דלת,ventana,nouns,1.2
680,קבורה,muerte,nouns,1.85
681,דוקטור,médico,nouns,5.25
682,להתווכח,pedir,verbs,0.7
683,נורא,felizmente,adverbs,0.2
684,וידוי,negación,nouns,0.95
685,לזכור,pensar,verbs,1.7
686,לציית,comportarse,verbs,2.1
687,משימה,mujer,nouns,0.1
688,לחבק,ahogar,verbs,0.7
689,מידע,periódico,nouns,1.75
690,כינור,instrumento,nouns,2.15
691,ללמוד,olvidar,verbs,0.5
692,שדה,avena,nouns,1.25
693,פלדה,aleación,nouns,2.0
694,אנציקלופדיה,diccionario,nouns,2.45
695,להרוס,salvar,verbs,0.35
696,בעוני,humildemente,adverbs,0.35
697,מסכן,solitario,adjectives,0.9
698,להחזיק,abrazar,verbs,1.4
699,רגל,brazo,nouns,1.25
700,נשיא,cámara,nouns,0.5
701,ציון,colegio,nouns,1.55
702,נטייה,infección,nouns,0.15
703,מאפין,perejil,nouns,0.65
704,ברכות,firmemente,adverbs,0.35
705,אווירונאוטיקה,aviónica,nouns,2.5
706,ספר,texto,nouns,2.55
707,המון,desfile,nouns,1.85
708,רך,violento,adjectives,0.45
709,חשבון,ritmo,nouns,0.55
710,להחליף,restaurar,verbs,2.55
711,יד,pie,nouns,1.2
712,עצוב,gracioso,adjectives,0.55
713,לפעמים,cuando,adverbs,1.55
714,אטמוספירה,contaminación,nouns,0.95
715,בית,llave,nouns,0.95
716,לפגוש,salir,verbs,1.25
717,להקיא,cerrar,verbs,0.05
718,רפוי,flexible,adjectives,1.5
719,כפפה,pelota,nouns,1.05
720,גיבורה,héroe,nouns,3.3
721,ניתוח,corazón,nouns,0.95
722,לנשוך,luchar,verbs,0.9
723,נפלא,estupendo,adjectives,5.1
724,גורד שחקים,palacio,nouns,1.15
725,אשם,malo,adjectives,1.15
726,מכוסה,vestido,adjectives,2.8
727,מחוספס,frígido,adjectives,1.25
728,גמיש,elástico,adjectives,4.9
729,לאבד,encontrar,verbs,0.65
730,אמא,amigo,nouns,0.75
731,עבר,antecedente,nouns,2.85
732,גודל,tamaño,nouns,4.5
733,מעולה,maravilloso,adjectives,4.45
734,להצטרף,adquirir,verbs,0.55
735,ברונכיטיס,acetaminofeno,nouns,1.05
736,לבחור,recoger,verbs,1.35
737,בנדיבות,amablemente,adverbs,2.9
738,גאה,negrita,adjectives,0.3
739,ליצור,destruir,verbs,0.55
740,מבוגר,niño,nouns,0.95
741,לחיות,sobrevivir,verbs,2.4
742,משרה,administración,nouns,1.3
743,לעולם לא,después,adverbs,0.55
744,מנהל,jefe,nouns,5.05
745,סטייק,carne,nouns,3.55
746,חברה,cultura,nouns,1.75
747,באושר,mortal,adverbs,0.2
748,הר,repisa,nouns,0.4
749,שיניים,hueso,nouns,1.65
750,צר,delgado,adjectives,3.7
751,בלון,gente,nouns,0.35
752,לצלול,crear,verbs,0.1
753,בכנות,seriamente,adverbs,1.65
754,עצרת,reunión,nouns,4.9
755,פונולוגיה,pantalla,nouns,0.2
756,שפה,comunicación,nouns,1.9
757,תינוקת,hija,nouns,3.05
758,עליז,feliz,adjectives,5.03
759,לעזוב,unirse,verbs,0.75
760,לשון,mejilla,nouns,0.85
761,להתווכח,discutir,verbs,2.6
762,בענווה,orgullosamente,adverbs,0.55
763,לטאה,cocodrilo,nouns,2.7
764,פה,diente,nouns,1.55
765,תאונה,emergencia,nouns,2.6
766,גשש,arquero,nouns,0.5
767,שארית,diferencia,nouns,1.05
768,סופר,lector,nouns,1.0
769,דוד,tía,nouns,3.2
770,מנוע,máquina,nouns,2.5
771,מעורבב,antiguo,adjectives,0.0
772,נחמד,cruel,adjectives,0.45
773,נערה,mucama,nouns,0.6
774,נהר,valle,nouns,1.8
775,להרתיח,freír,verbs,1.25
776,אגם,pantano,nouns,2.1
777,נורא,triste,adjectives,0.95
778,כריך,carne,nouns,0.95
779,מדים,tejer,nouns,0.3
780,מנייה,activo,nouns,2.8
781,סל,pelota,nouns,0.65
782,לתעב,odiar,verbs,4.85
783,אינטליגנציה,visión,nouns,1.75
784,סוף שבוע,semana,nouns,1.95
785,עתיק,moderno,adjectives,0.6
786,עבודה,tarea,nouns,4.15
787,להבין,satisfacer,verbs,0.5
788,קוד,símbolo,nouns,2.35
789,טרי,antiguo,adjectives,0.5
790,סביבה,espada,nouns,0.05
791,שמש,cielo,nouns,1.2
792,סירה,cubierta,nouns,1.35
793,נועז,orgulloso,adjectives,0.3
794,מאה,década,nouns,1.15
795,לפגוע,molestia,verbs,1.65
796,אמון,actitud,nouns,1.3
797,לרכוש,encontrar,verbs,1.2
798,לבלוע,beber,verbs,2.0
799,אדם,animal,nouns,0.9
800,לשון,garganta,nouns,1.1
801,להפסיד,mantener,verbs,0.4
802,ענק,grande,adjectives,3.35
803,אכזרי,bonito,adjectives,0.45
804,זיהום,enfermedad,nouns,2.7
805,מעיק,seguro,adjectives,0.15
806,לערבב,beber,verbs,0.75
807,מתוחכם,maduro,adjectives,1.3
808,אלכוהול,whisky,nouns,2.0
809,לשלוח,traer,verbs,1.05
810,לגחך,reír,verbs,5.05
811,בלתי אפשרי,factible,adjectives,0.6
812,להזכיר,contar,verbs,1.25
813,קנה סוכר,segadora,nouns,0.45
814,צוואר,brazo,nouns,0.85
815,צמח,agricultura,nouns,1.2
816,יארד,metro,nouns,2.65
817,חיית מחמד,gato,nouns,3.0
818,רגל,cabeza,nouns,0.8
819,לקבוע,predecir,verbs,1.3
820,מכני,eléctrico,adjectives,1.25
821,מיתוס,sátira,nouns,1.55
822,לשמור,dar,verbs,0.65
823,בור,regular,adjectives,0.05
824,להשאיר,obtener,verbs,0.35
825,יוצא,entrante,adjectives,0.65
826,לדעת,olvidar,verbs,0.6
827,בדרך כלל,anormalmente,adverbs,0.55
828,יום,noche,nouns,1.0
829,נוכחות,ausencia,nouns,0.65
830,וירוס,sangre,nouns,1.15
831,לימודים,grado,nouns,1.55
832,אופניים,habitación,nouns,0.3
833,עגלה,carro,nouns,3.05
834,קרן,sol,nouns,1.45
835,בירה,bebida,nouns,1.95
836,פשוט,duro,adjectives,0.5
837,עצם,codo,nouns,1.35
838,אריג,ropa,nouns,2.35
839,מהנה,maravilloso,adjectives,3.2
840,לוחם,hombre,nouns,1.35
841,דיאטה,manzana,nouns,0.95
842,לרכוש,tomar,verbs,2.15
843,יופי,años,nouns,0.75
844,דלת,pasillo,nouns,1.0
845,בוודאי,a veces,adverbs,0.5
846,כלב,caballo,nouns,0.9
847,לרצות,estar de acuerdo,verbs,1.05
848,קל,rígido,adjectives,0.45
849,מילון,enciclopedia,nouns,2.45
850,בטוח,nervioso,adjectives,0.2
851,לדון,discutir,verbs,3.15
852,הערה,pago,nouns,0.35
853,תיאטרון,batería,nouns,0.1
854,לדכא,frustrar,verbs,3.25
855,נייר,cartulina,nouns,3.0
856,מאוד,brillantemente,adverbs,0.3
857,צנצנת,vaso,nouns,2.3
858,להצדיק,verificar,verbs,2.15
859,היום,esta noche,adverbs,2.0
860,בעדינות,tranquilamente,adverbs,2.25
861,בית,granero,nouns,1.05
862,לחפש,deambular,verbs,1.05
863,מטוס,chorro,nouns,0.7
864,הבדל,recordatorio,nouns,1.05
865,להיפצע,caer,verbs,1.3
866,אבץ,oro,nouns,1.5
867,לטגן,hervir,verbs,1.25
868,מגירה,ropa,nouns,1.2
869,שמח,enojado,adjectives,0.6
870,לרוב,sinceramente,adverbs,0.45
871,סמן,patatas fritas,nouns,0.15
872,לשחוק,vestir,verbs,0.25
873,פרח,creencia,nouns,0.05
874,ראש,nariz,nouns,1.15
875,מפעל,coche,nouns,0.65
876,להימלט,escapar,verbs,5.35
877,אשראי,prestatario,nouns,1.95
878,קרדיגן,camisa,nouns,1.6
879,לרכוש,robar,verbs,1.05
880,לשמור,pedir prestado,verbs,0.65
881,לשכוח,ignorar,verbs,1.9
882,אי,princesa,nouns,0.35
883,ציפורן,cabeza,nouns,0.6
884,לקבל,enviar,verbs,0.75
885,מפוחד,tímido,adjectives,2.05
886,לשלוח,ir,verbs,0.7
887,מנעול,llave,nouns,1.95
888,חוקי,ilegal,adjectives,0.6
889,מאמר,manuscrito,nouns,2.25
890,ידית,proteína,nouns,0.15
891,להנות,entretener,verbs,1.65
892,באופן אחראי,independientemente,adverbs,1.05
893,ספסל,silla,nouns,3.05
894,נייד,flexible,adjectives,1.6
895,שומרת,madre,nouns,1.1
896,אקזמה,dermatitis,nouns,2.0
897,תוף,cuerno,nouns,0.8
898,לבחור,desear,verbs,1.3
899,לקחת,poseer,verbs,2.0
900,מועמד,ganador,nouns,1.45
901,מנזר,ducha,nouns,0.0
902,נורמלי,diferente,adjectives,0.55
903,לאסוף,sacudir,verbs,0.3
904,זרוע,vena,nouns,0.8
905,לקבל,aceptar,verbs,2.85
906,להמתין,permanecer,verbs,2.3
907,בקר,carne,nouns,3.2
908,להשיג,volverse,verbs,0.25
909,לשמור,perder,verbs,0.4
910,משימה,asignación,nouns,5.2
911,הכחשה,confesión,nouns,0.95
912,לצחוק,reirse,verbs,5.05
913,לדבר,oír,verbs,0.85
914,סעודה,sopa,nouns,1.95
915,עיתון,palabra,nouns,1.3
916,רופא,doctor,nouns,5.25
917,לתת,mantener,verbs,0.65
918,בירה,alcohol,nouns,2.35
919,אסון,muerte,nouns,1.75
920,רכבת,tranvía,nouns,2.65
921,לגנוב,tomar,verbs,1.65
922,ליצור,dibujar,verbs,1.8
923,אח,hermana,nouns,3.2
924,נבט,hoja,nouns,1.65
925,ברד,lluvia,nouns,2.05
926,לכפול,dividir,verbs,1.15
927,נהר,mar,nouns,2.3
928,מצב,niño,nouns,0.05
929,כסף,salario,nouns,3.65
930,בהמה,animal,nouns,3.65
931,קובייה,juguete,nouns,1.25
932,מרוץ,fin de semana,nouns,0.05
933,רעיה,bañera,nouns,0.15
934,להצדיע,realizar,verbs,0.45
935,שמחה,tristeza,nouns,0.95
936,מלח,agua,nouns,0.75
937,תנועה,actividad,nouns,2.5
938,פעילות,juego,nouns,1.95
939,להציל,ahogar,verbs,0.7
940,גמור,completar,adjectives,2.65
941,תלמיד,presidente,nouns,0.3
942,מבושל,hervido,adjectives,3.9
943,לצבוט,dar un puñetazo,verbs,0.45
944,גבר,niño,nouns,1.4
945,להכות,atraer,verbs,0.5
946,בית משפט,juez,nouns,1.3
947,לשפוט,testificar,verbs,0.95
948,להתלונן,traer,verbs,0.0
949,גב,cuerpo,nouns,1.15
950,ירח,planeta,nouns,1.65
951,גשם,tormenta de nieve,nouns,1.1
952,ספר,literatura,nouns,2.1
953,להציל,rescatar,verbs,5.6
954,יפה,maravilloso,adjectives,2.35
955,רדאר,palanca de mando,nouns,0.3
956,גיטרה,tambor,nouns,1.45
957,אלכוהול,cóctel,nouns,2.45
958,לפרוש,retirar,verbs,3.45
959,טוב,picante,adjectives,0.45
960,גוף,espina,nouns,1.15
961,חשוב,oficialmente,adverbs,0.65
962,מטומטם,denso,adjectives,0.3
963,בערך,groseramente,adverbs,1.2
964,חימום מראש,recalentamiento,nouns,2.1
965,חסר בית,multimillonario,nouns,0.55
966,לשחק,lucha,verbs,1.05
967,סטטיסטיקה,tenis,nouns,0.35
968,בגדים,cajón,nouns,1.2
969,מוות,catástrofe,nouns,1.75
970,הופעה,camafeo,nouns,0.05
971,סמל,criptograma,nouns,1.95
972,דינוזאור,elefante,nouns,1.0
973,אוהד,grillo,nouns,0.3
974,בסיס,ácido,nouns,1.1
975,להפתיע,celebrar,verbs,1.15
976,כבוד,insignias,nouns,0.85
977,עורך דין,galería,nouns,0.1
978,תהילה,riqueza,nouns,1.7
979,חוף,isla,nouns,1.6
980,פרדס,avestruz,nouns,0.3
981,חורף,temporada,nouns,2.3
982,קשוח,astuto,adjectives,0.4
983,ערב,oscuridad,nouns,2.95
984,לקרוא,morder,verbs,0.0
985,שקיעה,cuerda,nouns,0.0
986,חברה,negocio,nouns,3.7
987,לבכות,lloriquear,verbs,4.85
988,כניסה,puerta,nouns,2.6
989,ויזה,globalismo,nouns,0.75
990,רעב,cansado,adjectives,0.95
991,לצלוע,caminar,verbs,1.2
992,זכוכית,placa,nouns,0.55
993,בודד,pobre,adjectives,0.9
994,עצם,tobillo,nouns,1.45
995,בעדינות,ruidosamente,adverbs,0.25
996,להבין,saber,verbs,2.45
997,קפלה,campanario,nouns,1.45
998,האבקה,estambre,nouns,1.45
999,שדה תעופה,avión,nouns,1.4
1000,אינטליגנטי,tonto,adjectives,0.75
1001,לנסות,lograr,verbs,0.9
1002,הרחק,a casa,adverbs,0.6
1003,באופן יצירתי,originalmente,adverbs,1.3
1004,מוגן,tedioso,adjectives,0.15
1005,ארוך,estrecho,adjectives,1.05
1006,לסרב,aceptar,verbs,0.45
1007,לקבל,perder,verbs,0.5
1008,להודות,negar,verbs,0.6
1009,לקרוע,vestir,verbs,0.15
1010,גרגיר,mostaza,nouns,1.6
1011,שריף,policía,nouns,4.05
1012,להפסיק,empezar,verbs,0.6
1013,חופש,oasis,nouns,0.35
1014,מדביר,parásito,nouns,0.85
1015,מטריצה,vector,nouns,2.25
1016,כביש,coche,nouns,1.4
1017,מכללה,profesión,nouns,1.1
1018,קש,himno,nouns,0.05
1019,לכאורה,simplemente,adverbs,0.6
1020,שמש,rayo,nouns,1.45
1021,לאפשר,permitir,verbs,5.0
1022,עז,vaca,nouns,1.5
1023,בושה,dolor,nouns,0.95
1024,לאחר מכן,nunca,adverbs,0.55
1025,מפתח,corona,nouns,0.1
1026,אלכוהול,brandy,nouns,2.15
1027,לסלוח,aceptar,verbs,2.05
1028,ענן,lago,nouns,0.55
1029,כסף,efectivo,nouns,3.75
1030,צר,ancho,adjectives,0.6
1031,מכונית,cuerno,nouns,0.65
1032,הצגה,matemático,nouns,0.1
1033,לתפוס,lanzar,verbs,0.7
1034,תפוח,salsa,nouns,0.65
1035,מטר,yarda,nouns,2.65
1036,צונאמי,mar,nouns,1.55
1037,להב,hierba,nouns,0.3
1038,רחוב,coche,nouns,0.7
1039,בבגרות,rectamente,adverbs,0.8
1040,בית,alfombra,nouns,0.65
1041,לעודד,desalentar,verbs,0.65
1042,המרה,altitud,nouns,0.8
1043,מוזר,raro,adjectives,5.3
1044,אב,hermano,nouns,1.1
1045,קורא,autor,nouns,1.0
1046,סבולת,banda,nouns,0.15
1047,ספה,silla,nouns,2.45
1048,אישה,hombre,nouns,1.55
1049,באדיבות,generosamente,adverbs,2.9
1050,כיסא,taburete,nouns,3.25
1051,לנדוד,salir,verbs,1.35
1052,לעומק,significativamente,adverbs,2.55
1053,ערפל,lluvia,nouns,1.3
1054,כיף,juego,nouns,1.2
1055,דולר,gente,nouns,0.1
1056,אנטומיה,biología,nouns,2.6
1057,לבנות,añadir,verbs,1.65
1058,להודיע,reconocer,verbs,1.2
1059,חשוב,verdaderamente,adverbs,0.35
1060,בקול רם,sutilmente,adverbs,0.25
1061,מלאכותי,0,adjectives,3.5
1062,לעולם לא,negativo,adjectives,1.7
1063,רצועה,resistencia,nouns,0.15
1064,הסכם,pacto,nouns,5.25
1065,סאטירה,mito,nouns,1.55
1066,לבדר,complacer,verbs,1.1
1067,סמל,dignidad,nouns,0.85
1068,אסטרונום,galaxia,nouns,1.55
1069,נזיר,cruzar,nouns,0.65
1070,ריאה,hígado,nouns,0.95
1071,חומץ,ensalada,nouns,1.1
1072,ציטופלזמה,dígito,nouns,0.25
1073,לשכוח,aprender,verbs,0.5
1074,להציע,asesorar,verbs,3.85
1075,אורתודונט,médico,nouns,2.3
1076,לגנות,acusar,verbs,2.4
1077,לעצור,sospechar,verbs,0.8
1078,בדרך כלל,rutinariamente,adverbs,4.25
1079,קוף,campaña,nouns,0.05
1080,מסע,conquista,nouns,1.05
1081,צופר,coche,nouns,0.65
1082,סירה,motor,nouns,0.85
1083,שחקן,poliedro,nouns,0.6
1084,סימן,club,nouns,0.45
1085,נדיר,tonto,adjectives,0.2
1086,קשה,difícil,adjectives,3.9
1087,לחטוף,robar,verbs,2.1
1088,בנאמנות,honestamente,adverbs,2.1
1089,ממתק,manzana,nouns,0.85
1090,רע,genial,adjectives,0.5
1091,טיפשי,infantil,adjectives,2.05
1092,אבא,progenitor,nouns,4.15
1093,אינטליגנציה,destreza,nouns,1.9
1094,מיטה,manta,nouns,1.25
1095, בענווה,mal,adverbs,0.35
1096,חזק,orgulloso,adjectives,0.65
1097,לעזוב,reunirse,verbs,1.25
1098,בוודאי,aproximadamente,adverbs,0.8
1099,אכסניה,motel,nouns,3.95
1100,פילוסוף,carreras,nouns,0.15
1101,לעומק,principalmente,adverbs,1.2
1102,מפרק,brazo,nouns,1.45
1103,להבהיל,cazar,verbs,0.35
1104,לשלם,tratar,verbs,0.3
1105,זריז,ágil,adjectives,4.4
1106,חבר,amante,nouns,1.8
1107,משחק,acción,nouns,1.95
1108,לדעת,comprender,verbs,2.45
1109,אוויר,helio,nouns,1.65
1110,לעזוב,aparecer,verbs,0.6
1111,תקופה,semestre,nouns,1.9
1112,בת,padre,nouns,0.95
1113,לקחת,llevar,verbs,1.3
1114,נשיא,alumno,nouns,0.3
1115,ענן,tormenta,nouns,1.65
1116,יוצר,creador,nouns,4.45
1117,לבקש,mirar,verbs,1.45
1118,צלב,monje,nouns,0.65
1119,עוזר,profesor,nouns,1.35
1120,רופא,coronel,nouns,0.45
1121,לעדכן,informar,verbs,4.9
1122,בן,hermano,nouns,1.65
1123,ארנק,bolso,nouns,2.3
1124,להלוות,deber,verbs,1.1
1125,קמח,pan,nouns,1.3
1126,בייקון,desayuno,nouns,0.85
1127,קצב,melodía,nouns,3.3
1128,אבן,carbón,nouns,1.95
1129,גרון,nariz,nouns,0.9
1130,חכם,inteligente,adjectives,5.3
1131,גניבה,crimen,nouns,2.7
1132,רובוטיקה,simulación,nouns,1.05
1133,להתחנן,pedir,verbs,3.2
1134,כדור,voleibol,nouns,1.7
1135,כבל,mago,nouns,0.15
1136,תות,cereza,nouns,1.6
1137,בשר,sangre,nouns,1.0
1138,מוט,bandera,nouns,0.9
1139,מהדר,subrutina,nouns,1.3
1140,לשתות,aumentar,verbs,0.0
1141,קל,duro,adjectives,0.6
1142,להתחבק,abrazar,verbs,4.1
1143,יין,brandy,nouns,1.95
1144,בן,niño,nouns,4.1
1145,פגישה,paciente,nouns,0.9
1146,להקשיב,aprender,verbs,1.3
1147,מטומטם,inteligente,adjectives,0.75
1148,חיבור,libro,nouns,1.6
1149,תחביר,palabra principal,nouns,0.9
1150, קפלה,cable,nouns,0.0
1151,להתערב,jugar,verbs,2.75
1152,פסל,palacio,nouns,0.6
1153,הכנסה,impuesto,nouns,0.95
1154,לקרות,ocurrir,verbs,4.9
1155,ממוצע,regular,adjectives,3.65
1156,לשפוט,decidir,verbs,2.35
1157,במדוייק,activamente,adverbs,1.15
1158,צנוע,flexible,adjectives,0.25
1159,שריר,hueso,nouns,0.75
1160,ספר,biblia,nouns,1.8
1161,שיח,flor,nouns,2.25
1162,יוגורט,ganado,nouns,0.8
1163,רגיל,promedio,adjectives,3.65
1164,פחם,carboncillo,nouns,1.95
1165,פרק,noche,nouns,0.4
1166,שביל,túnel,nouns,1.95
1167,לאמוד,aprender,verbs,0.75
1168,להרוג,colgar,verbs,1.05
1169,מחוץ לנישואין,inmencionable,adjectives,0.25
1170,סיגלית,flor,nouns,2.2
1171,לנבוע,descubrir,verbs,1.1
1172,עצם,cuello,nouns,0.75
1173,סגן,oficial,nouns,1.9
1174,נווה מדבר,libertad,nouns,0.35
1175,להביא,llevar,verbs,1.35
1176,להבין,saber,verbs,2.9
1177,עליונות,omnipotencia,nouns,2.6
1178,פרווה,pistola,nouns,0.05
1179,מדען,enfermera,nouns,0.45
1180,כבד,grande,adjectives,1.15
1181,להרשות,dejar,verbs,5.0
1182,מורכב,tedioso,adjectives,3.25
1183,לשבור,agrietar,verbs,3.0
1184,כישרון,escritor,nouns,0.7
1185,קצף,burbuja,nouns,1.9
1186,אמבטיה,tronco,nouns,0.1
1187,שד,ángel,nouns,1.15
1188,חסר צורה,uniforme,adjectives,0.4
1189,מונית,autobús,nouns,2.15
1190,לקרוא,comprender,verbs,1.3
1191,בקר,vaca,nouns,3.25
1192,דלת,piso,nouns,0.95
1193,נרגש,asustado,adjectives,1.05
1194,נביא,sacerdote,nouns,1.5
1195,בקבוק,tarro,nouns,2.55
1196,וריד,elección,nouns,0.0
1197,לדמיין,pretender,verbs,1.15
1198,אינטימי,personal,adjectives,4.95
1199,לשנוא,despreciar,verbs,4.85
1200,אבא,madre,nouns,2.4
1201,רגוע,relajado,adjectives,4.15
1202,עט,alfabeto,nouns,0.8
1203,בכנות,fielmente,adverbs,2.1
1204,לטפל,paga,verbs,0.3
1205,החל,comenzar,verbs,5.65
1206,ליפול,tropezar,verbs,4.1
1207,לגנוב,secuestrar,verbs,2.1
1208,לחשוק,querer,verbs,4.35
1209,ביתן,campamento,nouns,1.15
1210,מכונה,motor,nouns,2.5
1211,נוזל,boquilla,nouns,0.65
1212,מכוער,sucio,adjectives,0.9
1213,הערה,trabajo,nouns,0.7
1214,נטייה,opinión,nouns,2.5
1215,לחפש,cazar,verbs,1.85
1216,לטפס,hacer senderismo,verbs,1.4
1217,מס,ingresos,nouns,0.95
1218,למכור,recordar,verbs,0.0
1219,גרף,gráfico,nouns,5.0
1220,עץ,hoja,nouns,1.45
1221,מנוע,bote,nouns,0.85
1222,להפסיד,fallar,verbs,2.6
1223,סופת שלגים,lluvia,nouns,1.1
1224,מתמטיקאי,show,nouns,0.1
1225,בטן,vena,nouns,0.6
1226,מלוכלך,pegajoso,adjectives,1.25
1227,לחשוד,arrestar,verbs,0.8
1228,אמבטיה,habitación,nouns,1.15
1229,שריר,brazo,nouns,1.4
1230,בגאווה,humildemente,adverbs,0.55
1231,להתכווץ,crecer,verbs,0.75
1232,ללכת,viajar,verbs,2.6
1233,לחנוק,abrumar,verbs,1.05
1234,באופן שולי,completamente,adverbs,0.45
1235,תעשייה,negocio,nouns,2.55
1236,בגדים,tela,nouns,2.35
1237,להמר,apostar,verbs,2.75
1238,מכונאי,obrero,nouns,2.15
1239,פורל,guitarra,nouns,0.05
1240,אגם,nube,nouns,0.55
1241,בגסות,aproximadamente,adverbs,1.2
1242,לעזוב,llegar,verbs,0.65
1243,לעזוב,permanecer,verbs,0.55
1244,בזהירות,peligrosamente,adverbs,0.6
1245,עצם,mandíbula,nouns,1.35
1246,מתוק,eléctrico,adjectives,0.0
1247,נכנס,saliente,adjectives,0.65
1248,מעלית,coche,nouns,0.55
1249,אגורה,ganga,nouns,0.4
1250,להפוך,realizar,verbs,0.25
1251,באמת,en tono rimbombante,adverbs,0.35
1252,מטרייה,calibre,nouns,0.4
1253,לבקש,mendigar,verbs,3.2
1254,בן,niño,nouns,3.67
1255,שמלה,danza,nouns,0.5
1256,למות,desintegrarse,verbs,0.65
1257,אישי,íntimo,adjectives,4.95
1258,צר,sucio,adjectives,0.0
1259,בשלווה,tranquilamente,adverbs,4.55
1260,יקר ערך,sagrado,adjectives,2.05
1261,דבש,lácteos,nouns,0.5
1262,בטן,curso,nouns,0.05
1263,תובע,abogado,nouns,2.45
1264,עוני,riqueza,nouns,0.6
1265,פעם אחת,instantáneamente,adverbs,0.65
1266,תרנגולת,cena,nouns,1.2
1267,פסיכולוגיה,ciencia,nouns,1.3
1268,ציבורי,privado,adjectives,0.6
1269,פעמון,torre,nouns,1.35
1270,מועמדות,solicitante,nouns,2.05
1271,לרצות,escoger,verbs,1.3
1272,להכחיש,dar,verbs,0.1
1273,ללמד,educar,verbs,4.6
1274,דשא,raíz,nouns,1.25
1275,לתקשר,rezar,verbs,0.95
1276,דיונה,desierto,nouns,2.3
1277,פיל,dinosaurio,nouns,1.0
1278,פסל,estatua,nouns,4.7
1279,ביזארי,extraño,adjectives,4.6
1280,חילוניות,religión,nouns,0.7
1281,עיירה,ciudad,nouns,3.15
1282,אפוקליפסה,fuego,nouns,0.95
1283,שבועי,mensual,adjectives,1.05
1284,קדרות,cerámico,nouns,4.35
1285,קשיח,duro,adjectives,4.55
1286,ביישן,asustado,adjectives,2.05
1287,מיטה,mueble,nouns,1.8
1288,להסתמך,confiar,verbs,2.7
1289,חדש,antiguo,adjectives,0.6
1290,קרח,nieve,nouns,2.95
1291,תאגיד,negocio,nouns,2.55
1292,עצב,felicidad,nouns,0.95
1293,להצדיק,discutir,verbs,1.05
1294,אמבטיה,globo,nouns,0.1
1295,כרס,vientre,nouns,4.35
1296,לא חוקי,legal,adjectives,0.6
1297,ביטחון,yo,nouns,0.95
1298,לוחמנות,combate,nouns,3.25
1299,חץ,objetivo,nouns,1.35
1300,מטחנה,semilla,nouns,1.2
1301,הונאה,delito,nouns,2.65
1302,לשוחח,explicar,verbs,1.3
1303,רעשן,ruido,nouns,2.8
1304,להסכים,discrepar,verbs,0.9
1305,לטעון,justificar,verbs,1.05
1306,עכבר,gato,nouns,1.0
1307,בעדינות,actualmente,adverbs,0.0
1308,דלת,bodega,nouns,0.6
1309,נוסחה,ecuación,nouns,4.25
1310,עצוב,orgulloso,adjectives,0.3
1311,להחליט,concluir,verbs,1.95
1312,להרגיש,creer,verbs,1.85
1313,רחב,estrecho,adjectives,0.6
1314,מיץ,batido,nouns,2.7
1315,גיטרה,violín,nouns,1.25
1316,פעולה,curso,nouns,1.65
1317,למחוץ,abrazar,verbs,0.95
1318,ללחוש,hablar,verbs,1.85
1319,לווה,crédito,nouns,1.95
1320,בדיוק,exactamente,adverbs,4.95
1321,מציאה,centavo,nouns,0.4
1322,שותף,niño,nouns,0.7
1323,אל,sacerdote,nouns,1.45
1324,להודיע,retratar,verbs,0.75
1325,המנון,cañita,nouns,0.05
1326,לשוטט,buscar,verbs,1.05
1327,מוסלמי,obispo,nouns,0.85
1328,מעלית,caja,nouns,0.45
1329,לאומי,grande,adjectives,0.5
1330,גב,cuello,nouns,1.0
1331,לשקר,acusar,verbs,0.65
1332,חייל,paz,nouns,0.55
1333,שמיכה,vendaval,nouns,0.45
1334,טרגדיה,muerte,nouns,2.4
1335,אמא,guardián,nouns,1.1
1336,כדור,raqueta,nouns,1.3
1337,רענן,reciente,adjectives,3.75
1338,עבודת יד,tradición,nouns,1.3
1339,רב,ministro,nouns,1.1
1340,לבהות,ojear,verbs,1.0
1341,צר,largo,adjectives,1.05
1342,מים,sal,nouns,0.75
1343,לשלם,comprar,verbs,1.75
1344,קבל,diodo,nouns,2.0
1345,לא צפוי,no previsible,adjectives,5.4
1346,להיכשל,confiar,verbs,0.3
1347,אחיין,tía,nouns,0.95
1348,שחקן,cantante,nouns,1.3
1349,עונה,invierno,nouns,2.3
1350,כלי,trabajo,nouns,0.8
1351,לריב,jugar,verbs,1.05
1352,מושחת,ilegal,adjectives,1.85
1353,לעזוב,ignorar,verbs,0.6
1354,מלוכלך,increíble,adjectives,0.15
1355,לסדר,organizar,verbs,4.7
1356,זנב,capítulo,nouns,0.25
1357,טחב,hierba,nouns,1.95
1358,מצלמה,presidente,nouns,0.5
1359,ציקלון,tifón,nouns,4.5
1360,מצעד,banda,nouns,1.95
1361,לערב,incluir,verbs,3.0
1362,הברה,lema,nouns,1.0
1363,סופית,diferentemente,adverbs,0.1
1364,עובד,mecánico,nouns,2.15
1365,לבחוש,sacudir,verbs,2.65
1366,כדורגל,divertido,nouns,1.0
1367,קשה,fácil,adjectives,0.6
1368,לתאר,decidir,verbs,0.5
1369,זרוע,pierna,nouns,1.25
1370,דומה,igual,adjectives,3.85
1371,לכלול,implicar,verbs,3.0
1372,נוח,vulnerable,adjectives,0.7
1373,מאמר,libro,nouns,1.5
1374,קל,difícil,adjectives,0.6
1375,סיטואציה,condición,nouns,4.85
1376,קתדרלה,techo,nouns,0.6
1377,יקר ערך,perezoso,adjectives,0.0
1378,שחר,día,nouns,2.35
1379,טלפון,teléfono móvil,nouns,4.7
1380,גבר,víctor,nouns,0.75
1381,אקדח,cuaderno,nouns,0.05
1382,גמיש,suelto,adjectives,1.5
1383,הפוך,otro,adjectives,0.85
1384,פרק,elección,nouns,0.35
1385,בשקט,naturalmente,adverbs,0.9
1386,ברור,perceptible,adjectives,3.15
1387,קיסר,constitución,nouns,0.9
1388,ילד,soldado,nouns,0.65
1389,מיטה,hospital,nouns,0.85
1390,לאפשר,ir,verbs,0.25
1391,פופקורן,cine,nouns,1.55
1392,רציונלי,sobrio,adjectives,1.5
1393,להינשא,unir,verbs,3.05
1394,מנחה,contribución,nouns,3.0
1395,ליידע,notificar,verbs,4.9
1396,להתחזות,parecer,verbs,1.8
1397,משאית,paquete,nouns,0.65
1398,רגיל,frío,adjectives,0.25
1399,מינט,museo,nouns,0.2
1400,לשתות,mezcla,verbs,0.75
1401,באופן ידידותי,improbable,adverbs,0.0
1402,אזור,esquina,nouns,0.95
1403,שוביניסט,prejuicio,nouns,2.05
1404,עצום,tonto,adjectives,0.1
1405,ענן,neblina,nouns,2.7
1406,עיר,pueblo,nouns,3.15
1407,בקול רם,locamente,adverbs,0.65
1408,עריסה,cama,nouns,3.3
1409,במרץ,pasivamente,adverbs,0.35
1410,לטייל,escalar,verbs,1.4
1411,לקבל,entregar,verbs,0.7
1412,גייזר,primavera,nouns,0.3
1413,פחמן,átomo,nouns,1.55
1414,הזיה,realidad,nouns,0.8
1415,להבין,perdonar,verbs,1.1
1416,ללכת,enviar,verbs,0.7
1417,מגמה,volcán,nouns,1.8
1418,תפוח,sol,nouns,0.25
1419,הנהלה,ratón,nouns,0.0
1420,אישה,marido,nouns,1.6
1421,קל,sencillo,adjectives,4.0
1422,נורא,genial,adjectives,0.5
1423,אשם,honesto,adjectives,0.35
1424,מבחן,silaba,nouns,0.65
1425,ראש,pie,nouns,0.8
1426,קהל,populacho,nouns,3.8
1427,פרפסיכולוגיה,neuropsicología,nouns,1.2
1428,פשע,violación,nouns,2.6
1429,פרופסור,estudiante,nouns,0.9
1430,פעמיים,siempre,adverbs,0.5
1431,חמאה,patata,nouns,0.85
1432,שומר,hombre,nouns,0.75
1433,מסיבה,gente,nouns,1.15
1434,עצב,intestino,nouns,0.65
1435,שיעור,valor,nouns,2.0
1436,לחקור,perseguir,verbs,1.1
1437,בקר,oveja,nouns,2.65
1438,רכילות,noticias,nouns,2.15
1439,כבידה,meteorito,nouns,1.2
1440,לגמוע,tragar,verbs,2.4
1441,גלובוס,mundo,nouns,3.4
1442,נוקשה,áspero,adjectives,1.25
1443,קנקן,botella,nouns,2.55
1444,אם,papá,nouns,2.4
1445,חליל,música,nouns,1.55
1446,גדול,enorme,adjectives,5.0
1447,זיהום,atmósfera,nouns,0.95
1448,תפוח,caramelo,nouns,0.85
1449,המטולוגיה,patología,nouns,1.9
1450,להשאיל,dar,verbs,2.15
1451,שטן,dios,nouns,1.2
1452,רהיט,apartamento,nouns,0.75
1453,רגוע,neutral,adjectives,1.35
1454,שחר,pistola,nouns,0.0
1455,נוכחות,puerta,nouns,0.45
1456,אנשים,dólar,nouns,0.1
1457,עולם,globo,nouns,3.4
1458,מכוסה,descubierto,adjectives,0.6
1459,פרח,bulbo,nouns,1.7
1460,קצר,largo,adjectives,0.6
1461,להקטין,restringir,verbs,1.95
1462,לעזוב,esperar,verbs,0.4
1463,בעיקר,profundamente,adverbs,1.2
1464,רגש,estado animico,nouns,3.25
1465,לרוב,principalmente,adverbs,4.6
1466,חג,calendario,nouns,1.35
1467,לכסות,enterrar,verbs,3.05
1468,לבנות,destruir,verbs,0.6
1469,ארוחה,tocino,nouns,0.85
1470,אוטובוס,taxi,nouns,2.15
1471,סבולת,fuerza,nouns,2.85
1472,חשוב,necesario,adjectives,3.4
1473,נחש,lagartija,nouns,1.55
1474,לרמות,engañar,verbs,4.75
1475,מבוגר,padre,nouns,1.5
1476,לחנך,enseñar,verbs,4.6
1477,לא הוגן,cruel,adjectives,1.45
1478,לצרף,mezcla,verbs,4.3
1479,נשיא,contaminación,nouns,0.3
1480,שער,puerta,nouns,4.6
1481,חדש,fresco,adjectives,3.75
1482,דרך,acción,nouns,1.65
1483,מצלמה,lente,nouns,2.15
1484,להרשות,refutar,verbs,0.35
1485,עורך דין,fiscal,nouns,2.45
1486,סמל,pistola,nouns,0.55
1487,עץ,papel,nouns,1.2
1488,נפלא,genial,adjectives,4.45
1489,עייף,aburrido,adjectives,1.25
1490,חרק,abeja,nouns,2.4
1491,רגיל,extraño,adjectives,0.6
1492,באופן מקומי,obviamente,adverbs,0.1
1493,כלה,princesa,nouns,1.2
1494,טבע,flora,nouns,2.35
1495,שמח,contento,adjectives,4.75
1496,סירה,ancla,nouns,1.2
1497,לקדם,avanzar,verbs,2.25
1498,לשקר,negar,verbs,1.3
1499,בזוי,despreciativo,adjectives,3.65
1500,טלפון,víctima,nouns,0.15
1501,מונית,coche,nouns,3.25
1502,עלה,árbol,nouns,1.45
1503,ברך,brazo,nouns,1.0
1504,להיכנס,salir,verbs,0.5
1505,דבורה,insecto,nouns,2.4
1506,להתארס,casar,verbs,1.45
1507,לקרות,hacer,verbs,0.95
1508,כבל,capilla,nouns,0.0
1509,להפוך,parecer,verbs,0.25
1510,רעיה,agujero,nouns,0.0
1511,סיפור,tema,nouns,1.1
1512,כיסא,cama,nouns,1.3
1513,מיוחד,valioso,adjectives,3.75
1514,טיפש,tonto,adjectives,4.85
1515,עגל,toro,nouns,2.45
1516,שמיכה,madera,nouns,0.2
1517,יריב,oponente,nouns,4.45
1518,כלב,gato,nouns,1.1
1519,לשפוך,gotear,verbs,2.0
1520,לשלוט,ganar,verbs,2.1
1521,נזק,dolor,nouns,2.1
1522,סיר,aparato,nouns,0.65
1523,לתת,robar,verbs,0.45
1524,קובייה,dado,nouns,4.0
1525,תולעת משי,oruga,nouns,2.75
1526,מכנית,idealmente,adverbs,0.25
1527,המשך,cámara,nouns,0.1
1528,אקזוטי,raro,adjectives,4.4
1529,פעמון,puerta,nouns,0.7
1530,כיף,fútbol,nouns,1.0
1531,להתכנס,asistir,verbs,1.3
1532,ילד,hermano,nouns,2.15
1533,להחליט,juzgar,verbs,2.35
1534,לקלקל,oler,verbs,0.05
1535,להקניט,herir,verbs,2.0
1536,תאריך,cumpleaños,nouns,1.5
1537,פעם אחת,dos veces,adverbs,1.1
1538,לדרוש,preguntar,verbs,1.4
1539,לשיר,reír,verbs,0.55
1540,להעיד,juez,verbs,0.95
1541,לגנוב,dar,verbs,0.45
1542,מהנה,alegre,adjectives,2.95
1543,קורבן,teléfono,nouns,0.15
1544,ילד,chico,nouns,4.0
1545,לעיתים קרובות,a veces,adverbs,2.05
1546,לרצות,alegar,verbs,0.65
1547,לבדר,disfrutar,verbs,1.65
1548,מזל,felicidad,nouns,0.9
1549,להתמוסס,derretir,verbs,2.1
1550,נץ,pájaro,nouns,2.25
1551,להכריז,anunciar,verbs,4.45
1552,מייפל,roble,nouns,1.6
1553,להפוך,hacer,verbs,0.55
1554,פרק,cola,nouns,0.25
1555,דלת,presencia,nouns,0.45
1556,מועמד,solicitud,nouns,2.05
1557,לתת,saber,verbs,0.25
1558,בערך,seguramente,adverbs,0.8
1559,בטוח,legal,adjectives,1.15
1560,להצטרף,participar,verbs,2.8
1561,נפלא,encantador,adjectives,3.2
1562,קש,tarea,nouns,0.05
1563,אופרה,cine,nouns,1.7
1564,עמלה,salario,nouns,1.5
1565,נסיכה,isla,nouns,0.35
1566,לשמור,defender,verbs,4.6
1567,להאמין,saber,verbs,0.9
1568,צוק,cola,nouns,0.0
1569,מטוס,aeropuerto,nouns,1.4
1570,טריק,tamaño,nouns,0.0
1571,פסיקה,juicio,nouns,2.8
1572,פוטבול,fútbol americano,nouns,2.75
1573,צוות,vocalista,nouns,0.3
1574,ספר,materia,nouns,1.2
1575,ללבוש,erosionar,verbs,0.25
1576,טיפש,obstinado,adjectives,0.75
1577,אוויוניקה,aeronáutica,nouns,2.5
1578,צפון,sur,nouns,1.0
1579,קצין,diputado,nouns,1.9
1580,חלש,picante,adjectives,0.1
1581,שותף,chico,nouns,1.25
1582,לעצבן,asaltar,verbs,0.95
1583,להחליט,escoger,verbs,3.65
1584,עצב,cuerpo,nouns,0.75
1585,גף,pierna,nouns,3.25
1586,למצוא,adquirir,verbs,1.2
1587,להקשיב,oír,verbs,4.45
1588,אמונה,valor,nouns,2.1
1589,חבר,huésped,nouns,1.85
1590,נוקשה,fácil,adjectives,0.45
1591,עכבר,envase,nouns,0.05
1592,עמק,río,nouns,1.8
1593,זמר,coro,nouns,1.7
1594,חלק,aeropuerto,nouns,0.1
1595,פעמיים,una vez,adverbs,1.1
1596,במיוחד,significativamente,adverbs,2.6
1597,שלג,hielo,nouns,2.95
1598,לחלק,multiplicar,verbs,1.15
1599,תעלול,bañera,nouns,0.0
1600,בוץ,suciedad,nouns,2.35
1601,לבחור,decidir,verbs,3.65
1602,מלגה,matrícula,nouns,1.25
1603,להגיע,reunir,verbs,1.3
1604,משונה,extraño,adjectives,5.3
1605,אמא,esposa,nouns,2.3
1606,בשלווה,orgullosamente,adverbs,0.2
1607,עפרון,historia,nouns,0.7
1608,ייסורים,dolor,nouns,3.45
1609,להתרכבל,abrazo,verbs,4.1
1610,פיל,brújula,nouns,0.05
1611,להוכיח,explicar,verbs,2.05
1612,אישי,privado,adjectives,4.6
1613,להקטין,empapar,verbs,0.25
1614,נורא,tristemente,adverbs,0.85
1615,לשמוע,escuchar,verbs,4.45
1616,ענן,ventana,nouns,0.65
1617,להיפגש,nadar,verbs,0.05
1618,לפנות,determinar,verbs,0.45
1619,כדורעף,pelota,nouns,1.7
1620,יום הולדת,año,nouns,1.4
1621,בפתיחות,macizamente,adverbs,0.4
1622,למה,sílaba,nouns,1.0
1623,לבזבז,preocuparse,verbs,0.15
1624,רצפה,techo,nouns,0.95
1625,לדרוש,reñir,verbs,1.25
1626,לתת,prestar,verbs,2.15
1627,חשוד,hombre,nouns,0.6
1628,אגודל,mano,nouns,1.55
1629,מושחת,malo,adjectives,2.35
1630,לקחת,salir,verbs,0.35
1631,חוק,convención,nouns,2.6
1632,מפורסם,conocido,adjectives,4.3
1633,להרוס,construir,verbs,0.6
1634,בעיקר,mayormente,adverbs,4.6
1635,רע,deshonesto,adjectives,1.25
1636,לדחות,terminar,verbs,0.6
1637,לרצות,desear,verbs,4.35
1638,חתול,mascota,nouns,3.0
1639,להודיע,proclamar,verbs,4.45
1640,טלויזיה,guionista,nouns,1.2
1641,אשם,avergonzado,adjectives,1.3
1642,קש,esposa,nouns,0.25
1643,הודו,pájaro,nouns,2.15
1644,לעיתים רחוקות,nunca,adverbs,2.0
1645,חומצה,base,nouns,1.1
1646,מאוד,increíblemente,adverbs,0.4
1647,להתווכח,persuadir,verbs,1.55
1648,סיפון,bote,nouns,1.35
1649,פרווה,mujer,nouns,0.35
1650,לחנוק,abrazar,verbs,0.7
1651,פה,labio,nouns,1.85
1652,לנגב,deteriorarse,verbs,0.2
1653,זעם,enfado,nouns,4.6
1654,שריפה,apocalipsis,nouns,0.95
1655,מגן,rodela,nouns,1.8
1656,מוט,cortina,nouns,0.9
1657,צמיחה,fertilizante,nouns,1.05
1658,אורז,pollo,nouns,0.8
1659,שיכור,sobrio,adjectives,0.6
1660,חלב,jugo,nouns,1.1
1661,אלגברה,operación,nouns,1.25
1662,להצטרף,salir,verbs,0.75
1663,חימום מחדש,precalentamiento,nouns,2.1
1664,לבנים,cuerpo,nouns,0.5
1665,כסף,perla,nouns,0.95
1666,עוינות,agresión,nouns,3.65
1667,סוס,potro,nouns,2.55
1668,פרצטמול,bronquitis,nouns,1.05
1669,אסיפה,convocatoria,nouns,4.9
1670,שונה,normal,adjectives,0.55
1671,מוח,sangre,nouns,1.35
1672,לרדוף,capturar,verbs,1.45
1673,להפוך,organizar,verbs,0.65
1674,עצם,músculo,nouns,0.75
1675,מערכת,culpa,nouns,0.3
1676,חדשות,chisme,nouns,2.15
1677,להפציר,complacer,verbs,0.65
1678,מלוכלך,barato,adjectives,0.4
1679,סופני,principalmente,adverbs,0.2
1680,תסריטאי,televisión,nouns,1.2
1681,לתקוף,herir,verbs,2.8
1682,גאה,triste,adjectives,0.3
1683,ארכיאולוגיה,antropología,nouns,1.5
1684,למות,enterrar,verbs,1.1
1685,בן,padre,nouns,1.8
1686,מטאטא,polvo,nouns,1.1
1687,לקבל,disminuir,verbs,0.45
1688,סילון,avión,nouns,0.7
1689,לריב,morder,verbs,0.9
1690,מיומנות,inteligencia,nouns,1.9
1691,להתווכח,convencer,verbs,1.5
1692,להרוס,descomponer,verbs,3.35
1693,דלת,fraternidad,nouns,0.2
1694,במאי,cinematografía,nouns,1.65
1695,אבא,hija,nouns,0.95
1696,פיתוח,recaudación de fondos,nouns,0.8
1697,לקבל,poner,verbs,0.5
1698,יוצר,autor,nouns,4.6
1699,באופן מוזר,diferentemente,adverbs,0.95
1700,צפוף,tonto,adjectives,0.3
1701,שיעור,caos,nouns,0.2
1702,צער,agonía,nouns,3.45
1703,תשלום,moneda,nouns,1.95
1704,פול,café,nouns,0.8
1705,לרחף,cantar,verbs,0.2
1706,באופן מדהים,muy,adverbs,0.4
1707,להחזיק,absorber,verbs,0.6
1708,יופי,soneto,nouns,0.45
1709,צמיגות,chapoteo,nouns,0.7
1710,תחזית,nube,nouns,0.95
1711,קצב,aritmética,nouns,0.55
1712,מכולה,botella,nouns,1.3
1713,חיפוש,objetivo,nouns,1.2
1714,נורא,malo,adjectives,3.2
1715,לבזבז,salvar,verbs,0.55
1716,להעניש,obedecer,verbs,0.9
1717,להסביר,probar,verbs,2.05
1718,אלון,arce,nouns,1.6
1719,ישן,fresco,adjectives,0.5
1720,להתקדם,promover,verbs,2.25
1721,מנוע,pistón,nouns,1.95
1722,רחב,estrecho,adjectives,0.6
1723,ייתכן,con optimismo,adverbs,1.05
1724,חשוף,cubierto,adjectives,0.6
1725,אישה,tarea,nouns,0.1
1726,מוספית,sufijo,nouns,2.55
1727,במקור,creativamente,adverbs,1.3
1728,כף רגל,base,nouns,1.65
1729,אפשרי,imposible,adjectives,0.6
1730,לסדר,exigir,verbs,0.3
1731,במדוייק,precisamente,adverbs,4.95
1732,מוסיקה,melodía,nouns,3.8
1733,עצמי,confianza,nouns,0.95
1734,ביישן,costoso,adjectives,0.25
1735,מטוס,hoja,nouns,0.0
1736,רעיה,madre,nouns,2.3
1737,לילה,capítulo,nouns,0.4
1738,סיפור,libro,nouns,1.6
1739,מוטל,posada,nouns,3.95
1740,לצחוק,cantar,verbs,0.55
1741,תחזית,nublado,nouns,1.3
1742,זול,sucio,adjectives,0.4
1743,מצחיק,triste,adjectives,0.55
1744,ערך,tarifa,nouns,2.0
1745,ים,río,nouns,2.3
1746,עין,frente,nouns,0.85
1747,חוף,mar,nouns,2.85
1748,לגדל,beber,verbs,0.0
1749,באזור,cercanamente,adverbs,2.65
1750,כבוש,himno,nouns,0.4
1751,שמח,enfadado,adjectives,0.6
1752,מד,coche,nouns,0.6
1753,חדר,edificio,nouns,1.1
1754,מפה,cuadrado,nouns,0.65
1755,שלום,soldado,nouns,0.55
1756,קרסול,hueso,nouns,1.45
1757,צפון,oeste,nouns,1.2
1758,לרוקן,desalojar,verbs,4.25
1759,מילה,página,nouns,0.85
1760,לנסות,tener éxito,verbs,1.1
1761,בן,padre,nouns,1.1
1762,אי,península,nouns,1.85
1763,זר,traductor,nouns,0.55
1764,חדר שינה,bicicleta,nouns,0.3
1765,טנק,coche,nouns,1.05
1766,ללמוד,evaluar,verbs,0.75
1767,מטלה,tarea,nouns,5.2
1768,לחלוק,luchar,verbs,1.25
1769,צעיר,feliz,adjectives,0.4
1770,מצביע,diapositiva,nouns,0.45
1771,להימנע,negar,verbs,1.1
1772,איום,peligro,nouns,4.1
1773,חוטא,smo,nouns,0.45
1774,אח,hijo,nouns,1.65
1775,סמל,código,nouns,2.35
1776,נינוח,calma,adjectives,4.15
1777,כתבה,diario,nouns,1.8
1778,קרסול,ventana,nouns,0.05
1779,קרושה,uniforme,nouns,0.3
1780,כלכלה,ecosistema,nouns,0.7
1781,כביש מהיר,carretera,nouns,4.2
1782,חוף,arrecife,nouns,1.8
1783,ציפור,halcón,nouns,2.25
1784,להסביר,aclarar,verbs,4.5
1785,עיט,halcón,nouns,2.6
1786,מילקשייק,jugo,nouns,2.7
1787,לייעץ,sugerir,verbs,3.85
1788,דולר,millonario,nouns,1.15
1789,מכונית,fábrica,nouns,0.65
1790,עקומה,ángulo,nouns,2.45
1791,אחרת,terminalmente,adverbs,0.1
1792,אקדח,truco,nouns,0.2
1793,ציפורן,pulgar,nouns,1.65
1794,צר,blanco,adjectives,0.0
1795,סגסוגת,acero,nouns,2.0
1796,כבש,ganado,nouns,2.65
1797,לעזור,pedir,verbs,1.15
1798,תנור חימום,paraguas,nouns,0.65
1799,בוודאי,en la zona,adverbs,0.1
1800,דמדומים,noche,nouns,2.95
1801,מכונית,ascensor,nouns,0.55
1802,סוס,perro,nouns,0.9
1803,מודעות,atención,nouns,1.45
1804,תשלום,recompensa,nouns,4.1
1805,להפריד,adjuntar,verbs,0.55
1806,משימה,cañita,nouns,0.05
1807,להגן,matar,verbs,0.6
1808,ילד,hombre,nouns,1.4
1809,טבעת,compromiso,nouns,2.1
1810,לסגור,vomitar,verbs,0.05
1811,פשיטת רגל,fracaso,nouns,1.85
1812,חוק,colegio,nouns,0.9
1813,ברוגע,firmemente,adverbs,0.55
1814,קשת,pionero,nouns,0.5
1815,תרשים,grafico,nouns,5.0
1816,צער,vergüenza,nouns,0.95
1817,לספוג,poseer,verbs,0.6
1818,לברר,pensar,verbs,0.95
1819,מדינה,casa,nouns,0.75
1820,לדבר,susurrar,verbs,1.85
1821,להעליב,ofender,verbs,4.1
1822,התזה,viscosidad,nouns,0.7
1823,סוכר,miel,nouns,1.65
1824,סונטה,belleza,nouns,0.45
1825,ברוגע,pacíficamente,adverbs,4.55
1826,עבודה,herramienta,nouns,0.8
1827,מיליונר,dólar,nouns,1.15
1828,מעיל,suéter,nouns,2.35
1829,דשן,crecimiento,nouns,1.05
1830,מחברת,pistola,nouns,0.05
1831,להסכים,discutir,verbs,0.7
1832,באופן לא הוגן,excesivamente,adverbs,0.75
1833,כועס,violento,adjectives,1.65
1834,בצדקנות,maduro,adverbs,0.8
1835,לתת,recibir,verbs,1.05
1836,מועסק,empleador,nouns,1.25
1837,לפרק,destruir,verbs,3.35
1838,בוודאי,discretamente,adverbs,0.3
1839,מוכר,popular,adjectives,4.3
1840,עסק,industria,nouns,2.55
1841,גבר,centinela,nouns,0.75
1842,ספרות,palabra,nouns,1.95
1843,דם,carne,nouns,1.0
1844,לטעון,quejarse,verbs,2.3
1845,ארוחה,cintura,nouns,0.65
1846,פרח,resistencia,nouns,0.05
1847,תשלום,cuota,nouns,3.6
1848,אופנה,modo,nouns,0.5
1849,להגן,ayuda,verbs,1.4
1850,לחשוב,recuerda,verbs,1.7
1851,הזמנה,menú,nouns,1.1
1852,לעצור,prohibir,verbs,2.2
1853,דשא,musgo,nouns,1.95
1854,בבהירות,ligeramente,adverbs,0.4
1855,לנהוג,detener,verbs,0.75
1856,קומביין,caña de azúcar,nouns,0.45
1857,חבר,profesor,nouns,0.65
1858,ברכות,ruidosamente,adverbs,0.3
1859,להונות,hacer trampas,verbs,4.75
1860,גוף,hombro,nouns,1.3
1861,דעה קדומה,chauvinista,nouns,2.05
1862,לספוג,aprender,verbs,1.7
1863,מקהלה,iglesia,nouns,1.35
1864,בלתי נסלח,extramatrimonial,adjectives,0.25
1865,למצוא,escapar,verbs,0.55
1866,להתנהג,obedecer,verbs,2.1
1867,קסדה,arma,nouns,1.45
1868,נדיר,raro,adjectives,4.15
1869,סירה,coche,nouns,1.1
1870,קל,grande,adjectives,0.35
1871,נפש,neurosis,nouns,1.35
1872,כביש,autopista,nouns,4.2
1873,למעוד,caerse,verbs,4.1
1874,ראש,hombro,nouns,1.45
1875,צעיר,inquieto,adjectives,0.3
1876,כוכב,brillo,nouns,2.05
1877,בלון,bañera,nouns,0.1
1878,דעה,parcialidad,nouns,2.5
1879,לדבר,reconocer,verbs,0.8
1880,נוירופסיכולוגיה,parasicología,nouns,1.2
1881,שנה,cumpleaños,nouns,1.4
1882,הסכם,agujero,nouns,0.0
1883,חוף,playa,nouns,2.8
1884,להתפתל,movimiento,verbs,1.0
1885,להחזיק,tomar,verbs,2.0
1886,מקלחת,monasterio,nouns,0.0
1887,תיאטרון,película,nouns,1.35
1888,החלפה,reemplazo,nouns,3.5
1889,עץ,arce,nouns,3.15
1890,הודו,gallina,nouns,1.2
1891,למשוך,golpear,verbs,0.5
1892,זחל,gusano de seda,nouns,2.75
1893,לפספס,hacer huelga,verbs,0.6
1894,סדין,avión,nouns,0.0
1895,לנשום,ahogarse,verbs,0.75
1896,ציוויליזציה,estilo de vida,nouns,1.0
1897,רגל,miembro,nouns,3.25
1898,חד,templado,adjectives,0.7
1899,אצבע,palma,nouns,1.2
1900,בולט,obvio,adjectives,3.15
1901,להתעלם,explorar,verbs,0.35
1902,הרמוניה,piano,nouns,0.65
1903,רגש,pasión,nouns,3.1
1904,חסר ביטחון,necesitado,adjectives,1.0
1905,בערך,obviamente,adverbs,0.8
1906,פתולוגיה,hematología,nouns,1.9
1907,אף,boca,nouns,1.05
1908,תנאי,pacto,nouns,2.05
1909,שמפניה,cerveza,nouns,1.75
1910,להשאיל,desear,verbs,0.6
1911,מלכה,abeja,nouns,1.0
1912,פעמיים,múltiple,adverbs,1.25
1913,הסכמה,discusión,nouns,1.1
1914,לפגוע,enfadar,verbs,1.2
1915,מעוקל,torcido,adjectives,4.0
1916,שוטר,sheriff,nouns,4.05
1917,עובד,empleador,nouns,1.25
1918,בית,apartamento,nouns,4.25
1919,מעוקל,derecho,adjectives,0.65
1920,לצרוך,organizar,verbs,0.3
1921,מלך,príncipe,nouns,2.25
1922,לחשוב,preguntar,verbs,0.95
1923,שטח,zona,nouns,5.1
1924,בהרס,pacíficamente,adverbs,0.25
1925,כאוס,anarquía,nouns,4.05
1926,אנרגיה,batería,nouns,2.65
1927,אוויר,molécula,nouns,1.25
1928,דבורה,reina,nouns,1.0
1929,בקוצר רוח,aproximadamente,adverbs,0.15
1930,תאונה,libro,nouns,0.1
1931,לפצל,despegar,verbs,1.6
1932,פנינה,dinero,nouns,0.95
1933,תוף,guitarra,nouns,1.45
1934,מותן,comida,nouns,0.65
1935,מנהלה,gestión,nouns,2.85
1936,פושע,delincuente,nouns,5.05
1937,חודשי,semanal,adjectives,1.05
1938,לעשות,crear,verbs,3.7
1939,ננסי,pequeñito,adjectives,4.9
1940,לחנוק,matar,verbs,1.7
1941,אוקיינוס,mar,nouns,3.85
1942,צדק,derecho,nouns,1.65
1943,גדול,fácil,adjectives,0.35
1944,אננס,teléfono inteligente,nouns,0.0
1945,לבכות,reír,verbs,0.55
1946,עקשן,estúpido,adjectives,0.75
1947,מורה,ayudante,nouns,1.35
1948,אינטליגנטי,listo,adjectives,5.3
1949,ללמוד,escuchar,verbs,1.3
1950,אביב,géiser,nouns,0.3
1951,זכוכית,cristal,nouns,2.0
1952,להכות,azotar,verbs,4.1
1953,ערפד,murciélago,nouns,2.35
1954,סנט,constitución,nouns,1.2
1955,פרק,capítulo,nouns,4.55
1956,תפוז,cítrico,nouns,3.05
1957,עור,bicicleta,nouns,0.3
1958,להיכחד,esfumarse,verbs,5.0
1959,ללמוד,absorber,verbs,1.7
1960,חתיך,chico,nouns,1.1
1961,נושא,libro,nouns,1.07
1962,קולונל,dentista,nouns,0.45
1963,קיץ,invierno,nouns,1.0
1964,בחור,amigo,nouns,1.8
1965,להשתתף,unirse,verbs,2.8
1966,לדכא,fallar,verbs,0.7
1967,רכב,autobús,nouns,2.2
1968,ילד,hijo,nouns,3.35
1969,סיפון,ratón,nouns,0.05
1970,ערך,creencia,nouns,2.1
1971,עושר,fama,nouns,1.7
1972,אורז,niño,nouns,0.2
1973,חייל,niño,nouns,0.65
1974,משחק,divertido,nouns,1.2
1975,ורד,mariposa,nouns,0.4
1976,מנטה,goma,nouns,0.65
1977,משעמם,mediocre,adjectives,1.0
1978,כן,culpable,adjectives,0.35
1979,מחבר,creador,nouns,4.6
1980,לקבור,cubrir,verbs,3.05
1981,מטבע,intercambio,nouns,1.5
1982,לדמיין,crear,verbs,1.45
1983,גבול,límite,nouns,4.7
1984,רעש,traqueteo,nouns,2.8
1985,טיסה,aviación,nouns,2.55
1986,בחירה,elección,nouns,3.5
1987,לעשות,volverse,verbs,0.55
1988,לקחת,entregar,verbs,0.95
1989,להרוג,defender,verbs,0.6
1990,ספרה,citoplasma,nouns,0.25
1991,אחרי,antes de,adverbs,0.55
1992,אלומיניום,estaño,nouns,1.5
1993,לשרבט,escribir,verbs,2.15
1994,לפגוע,perder,verbs,0.6
1995,לרעוד,congelar,verbs,1.35
1996,חסר אחריות,inmaduro,adjectives,2.7
1997,מהיר,rápido,adjectives,4.4
1998,אטמוספירה,ozono,nouns,2.7
1999,ליפול,herir,verbs,1.3
2000,להציל,destruir,verbs,0.35
2001,מנצח,candidato,nouns,1.45
2002,טרי,amplio,adjectives,0.05
2003,לקפוא,temblar,verbs,1.35
2004,לטפטף,verter,verbs,2.0
2005,זיהום,presidente,nouns,0.3
2006,לחם,queso,nouns,0.75
2007,עץ,piedra,nouns,0.85
2008,מהירות,enviar,nouns,0.5
2009,תורה,libro,nouns,1.8
2010,מצפן,elefante,nouns,0.05
2011,לחלוק,estar de acuerdo,verbs,0.9
2012,ברידג',tarjeta,nouns,0.7
2013,תג,vaso,nouns,0.55
2014,שעועית,arroz,nouns,1.3
2015,בטבעיות,tranquilamente,adverbs,0.9
2016,לנתח,comparar,verbs,2.35
2017,מלון,apartamento,nouns,1.35
2018,לנצח,dominar,verbs,2.1
2019,רוטב,manzana,nouns,0.65
2020,לנסות,pensar,verbs,0.6
2021,לעזוב,retirarse,verbs,3.15
2022,מבולגן,limpiar,adjectives,0.9
2023,מתקפה,bombardeo aéreo,nouns,3.05
2024,גמיש,móvil,adjectives,1.6
2025,לנשל,dar,verbs,0.5
2026,ילד,pareja,nouns,0.7
2027,שחקן,actriz,nouns,3.75
2028,ייאוש,miseria,nouns,2.7
2029,לזהור,brillar,verbs,4.15
2030,אוזון,atmósfera,nouns,2.7
2031,מטאור,gravedad,nouns,1.2
2032,בנדיבות,nunca,adverbs,0.45
2033,להגיד,verificar,verbs,0.8
2034,מורה,amigo,nouns,0.65
2035,כניסה,salida,nouns,1.5
2036,יום,amanecer,nouns,2.35
2037,מבוגר,guardián,nouns,0.95
2038,בוודאי,obviamente,adverbs,2.9
2039,מזוייף,artificial,adjectives,3.5
2040,חופשי,inocente,adjectives,0.15
2041,מסדרון,pasillo,nouns,5.6
2042,תרנגולת,pavo,nouns,1.2
2043,דמוקרטיה,monarquía,nouns,1.45
2044,אל,presa,nouns,0.05
2045,לחוב,prestar,verbs,1.1
2046,לבקר,odiar,verbs,0.75
2047,שרפרף,silla,nouns,3.25
2048,הרבה,dos veces,adverbs,1.25
2049,מכונית,bicicleta,nouns,1.2
2050,מילה,frase,nouns,2.15
2051,להסביר,discutir,verbs,1.3
2052,בעל,hombre,nouns,2.35
2053,המון,multitud,nouns,3.8
2054,לנוע,tejer,verbs,1.0
2055,מציאות,fantasía,nouns,0.8
2056,שופט,juez,nouns,2.8
2057,לבשל,mezclar,verbs,1.2
2058,מצב רוח,emoción,nouns,3.25
2059,מותן,estómago,nouns,1.1
2060,חולצה,cárdigan,nouns,1.6
2061,ספה,cama,nouns,2.2
2062,קערה,cola,nouns,0.1
2063,גג,techo,nouns,4.3
2064,לשלוח,recibir,verbs,0.75
2065,הון,dinero,nouns,4.35
2066,בטן,cuerpo,nouns,1.8
2067,סרט,nihilismo,nouns,0.25
2068,פוטופון,homófono,nouns,0.9
2069,מנורה,genio,nouns,0.95
2070,כדור,guante,nouns,1.05
2071,בשמחה,sin peligro,adverbs,0.5
2072,כדורגל,fútbol,nouns,2.75
2073,משפט,prueba,nouns,1.6
2074,תוכנית,comida,nouns,0.3
2075,משמח,encantador,adjectives,2.95
2076,קופסה,cigarro,nouns,0.7
2077,להשיג,tratar,verbs,0.9
2078,שומר,adulto,nouns,0.95
2079,ביקורת,argumento,nouns,2.2
2080,ביולוגיה,anatomía,nouns,2.6
2081,קרוב,localmente,adverbs,2.65
2082,לגנוב,adquirir,verbs,1.05
2083,להראות,volverse,verbs,0.25
2084,לקבל,estar de acuerdo,verbs,3.35
2085,בסיס,pie,nouns,1.65
2086,חוקי,seguro,adjectives,1.15
2087,שלג,clima,nouns,0.95
2088,תחזית,nieve,nouns,0.95
2089,לכלוך,barro,nouns,2.35
2090,להסכים,aceptar,verbs,3.35
2091,אוטו,automóvil,nouns,5.7
2092,לדשדש,montar,verbs,0.7
2093,בבטחה,felizmente,adverbs,0.5
2094,מחשב,máquina,nouns,3.15
2095,לחפש,preguntar,verbs,1.35
2096,תחתית,lado,nouns,1.35
2097,כס,espada,nouns,0.5
2098,להטריח,agravar,verbs,0.65
2099,מילה,literatura,nouns,1.95
2100,רגיל,ignorante,adjectives,0.05
2101,פוליטיקאי,policía,nouns,0.55
2102,תרבות,sociedad,nouns,1.75
2103,להרים,recorrer,verbs,0.8
2104,ניטרלי,calma,adjectives,1.35
2105,לאחרונה,de manera realista,adverbs,0.1
2106,גביע,cono,nouns,1.8
2107,אבק,escoba,nouns,1.1
2108,עיתון,artículo,nouns,1.8
2109,אורח,amigo,nouns,1.85
2110,מדוייק,incorrecto,adjectives,0.55
2111,שמן,visón,nouns,0.2
2112,בשר,pan,nouns,0.7
2113,לתת,negar,verbs,0.1
2114,בגדים,armario,nouns,1.35
2115,לצוד,buscar,verbs,1.85
2116,עשור,era,nouns,2.5
2117,גשם,granizo,nouns,2.05
2118,חליפין,moneda,nouns,1.5
2119,להתכווץ,desaparecer,verbs,1.1
2120,לסגת,absorber,verbs,0.3
2121,אמבטיה,cocina,nouns,1.05
2122,אלים,enojado,adjectives,1.65
2123,איחוד,combinación,nouns,3.55
2124,התרמה,evento,nouns,2.05
2125,אלוף,ganador,nouns,4.15
2126,גבר,guerrero,nouns,1.35
2127,שור,becerro,nouns,2.45
2128,לגדול,expandir,verbs,4.65
2129,יד,pulgar,nouns,1.55
2130,סנט,tamaño,nouns,0.2
2131,כיסא,sofá,nouns,2.45
2132,רגיל,increíble,adjectives,0.5
2133,לעגני,desdeñoso,adjectives,3.65
2134,כנראה,quizás,adverbs,4.2
2135,לחבר,construir,verbs,1.65
2136,לתלות,matar,verbs,1.05
2137,תובנה,inteligencia,nouns,1.75
2138,סערה,huracán,nouns,3.35
2139,להזניח,desconocer,verbs,1.25
2140,אנדרטה,escultura,nouns,4.7
2141,בוגר,sofisticado,adjectives,1.3
2142,להדפיס,ignorar,verbs,0.1
2143,מעורבב,conjunto,adjectives,2.65
2144,חכם,tonto,adjectives,0.6
2145,להרגיז,desalentar,verbs,0.75
2146,לתלות,poner,verbs,1.55
2147,דבש,azúcar,nouns,1.65
2148,יציאה,puerta,nouns,1.5
2149,ילד,adulto,nouns,0.95
2150,חבר,amigo,nouns,4.15
2151,שחקן כדורת,bolos,nouns,2.55
2152,דמעה,ojo,nouns,1.25
2153,מידה,magnitud,nouns,4.5
2154,נורא,ruidosamente,adverbs,0.65
2155,מוות,tragedia,nouns,2.4
2156,תה,limón,nouns,0.7
2157,חריף,débiles,adjectives,0.1
2158,אינטואיציה,sentido,nouns,4.05
2159,פלילי,inmoral,adjectives,1.85
2160,אחות,científico,nouns,0.45
2161,להיכנס,ir,verbs,0.95
2162,מילון,palabra,nouns,1.55
2163,תעלול,pistola,nouns,0.2
2164,לשיר,flotador,verbs,0.2
2165,לפעמים,uniformemente,adverbs,0.35
2166,תחפושת,pelota,nouns,0.3
2167,לדחות,elegir,verbs,0.3
2168,יין,alcohol,nouns,1.95
2169,יוצא דופן,único,adjectives,4.15
2170,ארוך,corto,adjectives,0.6
2171,לעולם לא,honestamente,adverbs,0.1
2172,אפליקציה,galaxia,nouns,0.4
2173,לחזות,determinar,verbs,1.3
2174,לדעת,creer,verbs,0.9
2175,כדור,cañón,nouns,0.7
2176,לחם,carne,nouns,0.7
2177,גדה,orilla,nouns,2.8
2178,אצטילכולין,iris,nouns,0.45
2179,כאב,daño,nouns,2.1
2180,ספר,historia,nouns,1.6
2181,בייסבול,baloncesto,nouns,1.85
2182,מבולגן,organizado,verbs,0.55
2183,באופן לא טבעי,naturalmente,adverbs,0.5
2184,גבר,padre,nouns,2.5
2185,מוזיקה,flauta,nouns,1.55
2186,אינטליגנציה,ignorancia,nouns,0.8
2187,דגנים,trigo,nouns,2.45
2188,כביש,tarea,nouns,0.05
2189,שלפוחית,ilustración,nouns,0.0
2190,צדק,tribunal,nouns,2.4
2191,תאונה,catástrofe,nouns,3.8
2192,משקה,cerveza,nouns,1.95
2193,דרמטיטיס,eczema,nouns,2.0
2194,מטומטם,raro,adjectives,0.2
2195,זרבובית,fluido,nouns,0.65
2196,פחמימה,sacarosa,nouns,1.95
2197,ללמוד,confundir,verbs,0.4
2198,בורות,inteligencia,nouns,0.8
2199,נוירוזה,mente,nouns,1.35
2200,זרוע,músculo,nouns,1.4
2201,קדוש,pecador,nouns,0.45
2202,מטבח,baño,nouns,1.05
2203,מטבח,puerta,nouns,0.8
2204,קיסר,gobernador,nouns,3.0
2205,מילת מפתח,sintaxis,nouns,0.9
2206,שלילי,nunca,adjectives,1.7
2207,תפריט,orden,nouns,1.1
2208,תאריך,calendario,nouns,1.5
2209,תא,cárcel,nouns,1.05
2210,משרה,velocidad,nouns,0.5
2211,בצורת,agua,nouns,0.85
2212,אמבטיה,truco,nouns,0.0
2213,לקחת,recibir,verbs,1.3
2214,לחפש,buscar,verbs,1.45
2215,בטן,abdomen,nouns,4.35
2216,תא הטייס,copiloto,nouns,1.05
2217,להתלונן,discutir,verbs,2.3
2218,קיר,castillo,nouns,0.95
2219,תוקפני,curvo,adjectives,0.05
2220,סוסון,caballo,nouns,2.55
2221,כועס,feliz,adjectives,0.6
2222,ריקוד,vestir,nouns,0.5
2223,חבילה,camión,nouns,0.65
2224,אף,garganta,nouns,0.9
2225,להבטיח,jurar,verbs,5.15
2226,לבנות,crear,verbs,4.05
2227,מבנה,topología,nouns,2.05
2228,ברך,hueso,nouns,1.2
2229,אנשים,población,nouns,3.5
2230,להיות ראוי,ganar,verbs,0.85
2231,חגיגה,ceremonia,nouns,3.65
2232,תפוח,jugo,nouns,1.15
2233,למכור,ir,verbs,0.1
2234,בעיקר,terminalmente,adverbs,0.2
2235,להאשים,culpa,verbs,2.4
2236,פרה,ganado,nouns,3.65
2237,שוקולד,tarta,nouns,1.2
2238,נייר,póster,nouns,2.15
2239,אור,teclado,nouns,0.25
2240,שסתום,motor,nouns,1.95
2241,מטרה,flecha,nouns,1.35
2242,תרומה,ofrecimiento,nouns,3.0
2243,להישאר,esperar,verbs,2.3
2244,לחשוב,decidir,verbs,1.25
2245,להכריע,ahogar,verbs,1.05
2246,אחוה,hombres,nouns,1.05
2247,עסוק,perezoso,adjectives,0.55
2248,דק,estrecho,adjectives,3.7
2249,בבית,lejos,adverbs,0.6
2250,ענף,brazo,nouns,2.05
2251,מנהרה,camino,nouns,1.95
2252,דגל,vexilología,nouns,1.4
2253,רדיאטור,sensor,nouns,1.0
2254,קולנוע,ópera,nouns,1.7
2255,להגיע,ir,verbs,1.3
2256,יצירה,artista,nouns,1.55
2257,אחות,hermano,nouns,3.2
2258,מנצח,presencia,nouns,0.2
2259,ישר,deshonesto,adjectives,0.55
2260,לייבב,llorar,verbs,4.45
2261,מילון,definición,nouns,2.1
2262,יהלום,dinero,nouns,0.9
2263,לקנות,robar,verbs,0.45
2264,עץ,bañera,nouns,0.1
2265,לקבל,permanecer,verbs,0.35
2266,לבחון,investigar,verbs,3.9
2267,להתפורר,morir,verbs,0.65
2268,להסתכל,observar,verbs,4.8
2269,לתשאל,buscar,verbs,1.35
2270,קבר,renacimiento,nouns,0.9
2271,קרמיקה,cerámica,nouns,4.35
2272,מפולת שלגים,nieve,nouns,1.65
2273,לבלוע,sorber,verbs,2.4
2274,גלוי,obvio,adjectives,3.35
2275,מטריצה,molécula,nouns,0.3
2276,רע,culpable,adjectives,1.15
2277,לטגן,hornear,verbs,1.75
2278,אמבטיה,esposa,nouns,0.15
2279,חיטה,cereal,nouns,2.45
2280,חדשות,editorial,nouns,1.9
2281,ייתכן,probablemente,adverbs,4.2
2282,לחבק,sostener,verbs,1.4
2283,זיהום,dolencia,nouns,2.2
2284,מים,coronación,nouns,0.05
2285,כעס,furia,nouns,4.6
2286,להקה,espíritu,nouns,0.25
2287,דשא,espada,nouns,0.3
2288,לנחש,irritar,verbs,0.05
2289,ערמומי,que no es de fiar,adjectives,1.5
2290,פעולה,álgebra,nouns,1.25
2291,טלויזיה,cine,nouns,2.45
2292,תרנגולת,pájaro,nouns,1.95
2293,מרווח,apertura,nouns,3.2
2294,באופן פסיבי,activamente,adverbs,0.35
2295,להתבונן,mirar,verbs,4.8
2296,קשה,sencillo,adjectives,0.5
2297,ליצור,bucear,verbs,0.1
2298,מטבע,concurrencia,nouns,0.75
2299,לגנוב,comprar,verbs,0.45
2300,אל,padre,nouns,1.1
2301,מוטציה,sociobiología,nouns,0.6
2302,חיה,bestia,nouns,3.65
2303,קמע,actuación,nouns,0.05
2304,חדר,cama,nouns,1.1
2305,להיעלם,desaparecer,verbs,5.0
2306,גובה,conversión,nouns,0.8
2307,שבוע,fin de semana,nouns,1.95
2308,להישאר,salir,verbs,0.55
2309,מעולה,horrible,adjectives,0.5
2310,מובך,trastornado,adjectives,0.9
2311,עכבר,cubierta,nouns,0.05
2312,חדר שינה,baño,nouns,1.15
2313,מאמר מערכת,noticias,nouns,1.9
2314,קיצוני,violento,adjectives,1.75
2315,להתחתן,involucrarse,verbs,1.45
2316,אומללות,desesperación,nouns,2.7
2317,לשחרר,presionar,verbs,0.55
2318,להשאיל,vender,verbs,0.9
2319,לחם,harina,nouns,1.3
2320,להגיע,enviar,verbs,0.8
2321,ג'נטלמן,dama,nouns,1.05
2322,לשים,obtener,verbs,0.5
2323,גג,ventana,nouns,0.8
2324,הנהלה,trabajo,nouns,1.3
2325,סוללה,energía,nouns,2.65
2326,מילה,diccionario,nouns,1.55
2327,יהיר,orgulloso,adjectives,3.6
2328,צוואר,hueso,nouns,0.75
2329,מיליונר,indigente,nouns,0.55
2330,לפגוע,molestar,verbs,2.0
2331,מסך,fonología,nouns,0.2
2332,ספרה,número,nouns,5.05
2333,לעיתים קרובות,raramente,adverbs,0.95
2334,חלק,agudo,adjectives,0.7
2335,לשמור,poseer,verbs,2.7
2336,פרווה,visón,nouns,2.35
2337,לערבב,disolver,verbs,1.9
2338,חום,enfermedad,nouns,2.0
2339,מכונית,taxi,nouns,3.25
2340,קונוס,vaso,nouns,1.8
2341,מנהיג,gerente,nouns,3.2
2342,ביוגרפיה,ficción,nouns,0.75
2343,לרוב,irregularmente,adverbs,0.75
2344,יען,huerta,nouns,0.3
2345,חוזה,condición,nouns,2.05
2346,בקר,ternera,nouns,3.65
2347,בדיה,biografía,nouns,0.75
2348,לברוח,huir,verbs,5.35
2349,אפס,infinito,nouns,0.95
2350,באופן לא טבעי,negativamente,adverbs,1.45
2351,לרדוף,investigar,verbs,1.1
2352,אקדח,amanecer,nouns,0.0
2353,להסכים,complacer,verbs,1.05
2354,להתפלל,comunicar,verbs,0.95
2355,נוקשה,frágil,adjectives,0.35
2356,שחר,noche,nouns,0.95
2357,היעדרות,presencia,nouns,0.65
2358,שעון,falda,nouns,0.4
2359,מפוחד,inseguro,adjectives,1.7
2360,תקשורת,conversacion,nouns,2.65
2361,ללכוד,tomar,verbs,0.7
2362,לגלות,originar,verbs,1.1
2363,אבן,madera,nouns,0.85
2364,רעיון,esquema,nouns,2.6
2365,שקרן,malo,adjectives,1.25
2366,לעצור,advertir,verbs,0.8
2367,מינק,piel,nouns,2.35
2368,גיבור,heroína,nouns,3.3
2369,משימה,nota,nouns,0.7
2370,חשמלי,mecánico,adjectives,1.25
2371,קלף,puente,nouns,0.7
2372,ספר,ensayo,nouns,1.6
2373,תיק,monedero,nouns,2.3
2374,בערך,ligeramente,adverbs,0.65
2375,בבהירות,muy,adverbs,0.3
2376,בקלות,brillantemente,adverbs,0.4
2377,לעצור,controlar,verbs,0.8
2378,מדיה,noticias,nouns,2.5
2379,להתפלל,pedir,verbs,2.0
2380,אשליה,realidad,nouns,0.6
2381,מזג,médico,nouns,0.15
2382,מגדל,campana,nouns,1.35
2383,כבש,cordero,nouns,3.65
2384,קוסם,cable,nouns,0.15
2385,משוגע,enfermos,adjectives,1.3
2386,חריף,bueno,adjectives,0.45
2387,ילד,condición,nouns,0.05
2388,היסטוריון,historiógrafo,nouns,2.9
2389,באופטימיות,posiblemente,adverbs,1.05
2390,רועש,grosero,adjectives,0.7
2391,אלומיניום,metal,nouns,1.95
2392,עצלן,precioso,adjectives,0.0
2393,להכות,objetivo,verbs,0.45
2394,שיניים,martillo,nouns,0.05
2395,מסדרון,puerta,nouns,1.0
2396,זרוע,rama,nouns,2.05
2397,גישה,confianza,nouns,1.3
2398,מנצח,campeón,nouns,4.15
2399,שחקן,entrenador,nouns,0.9
2400,הקפת כדור הארץ,equipaje,nouns,0.65
2401,טלסקופ,silla,nouns,0.25
2402,להחליט,pensar,verbs,1.25
2403,להעניש,enseñar,verbs,0.75
2404,לכווץ,reducir,verbs,3.75
2405,חומרה,caso,nouns,0.55
2406,הוריקן,tormenta,nouns,3.35
2407,גוף,pecho,nouns,1.35
2408,מושל,emperador,nouns,3.0
2409,בוס,director,nouns,5.05
2410,מיטה,habitación,nouns,1.4
2411,גינה,manguera,nouns,0.85
2412,לשרוף,ahogar,verbs,0.4
2413,בישוף,arzobispo,nouns,3.05
2414,גוף,ropa interior,nouns,0.5
2415,בנחישות,tranquilamente,adverbs,0.55
2416,מטומטם,inteligente,adjectives,0.6
2417,נינוח,estresado,adjectives,0.6
2418,עובדה,prueba,nouns,2.05
2419,חדר שינה,cama,nouns,1.4
2420,פה,nariz,nouns,1.05
2421,פונקציה,compilador,nouns,1.3
2422,כלייה,órgano,nouns,2.65
2423,סערה,manta,nouns,0.45
2424,לחפש,encontrar,verbs,1.4
2425,קומה,puerta,nouns,0.95
2426,בניין,habitación,nouns,1.1
2427,בדרך כלל,diariamente,adverbs,3.6
2428,לסגת,rechazar,verbs,0.9
2429,מורכב,fácil,adjectives,0.55
2430,תמונה,reflexión,nouns,1.65
2431,להתאחד,casar,verbs,3.05
2432,הגדרה,diccionario,nouns,2.1
2433,באופן אידיאלי,de modo realista,adverbs,0.85
2434,מוזר,ordinario,adjectives,0.6
2435,פתי,estúpido,adjectives,2.2
2436,לאשר,aceptar,verbs,4.35
2437,אוכלוסייה,gente,nouns,3.5
2438,בד,lino,nouns,2.45
2439,לנשוך,leer,verbs,0.0
2440,משעמם,emocionante,adjectives,0.55
2441,לעיתים רחוקות,a menudo,adverbs,0.95
2442,צמא,hambriento,adjectives,1.35
2443,כיתה,universidad,nouns,1.45
2444,מעצר,célula,nouns,1.05
2445,שוטר,político,nouns,0.55
2446,הכרחי,innecesario,adjectives,0.65
2447,שנה,siglo,nouns,1.85
2448,להרגיז,adivinar,verbs,0.05
2449,מחלה,cáncer,nouns,2.6
2450,לאחד,dividir,verbs,0.6
2451,לכפול,añadir,verbs,1.3
2452,דקה,segundo,nouns,2.4
2453,לולאה,cinturón,nouns,1.25
2454,קינמון,caramelo,nouns,1.0
2455,להישבע,prometer,verbs,5.15
2456,אולם,pasillo,nouns,0.9
2457,לסלוח,entender,verbs,1.1
2458,רשמית,en tono rimbombante,adverbs,0.65
2459,אסון,accidente,nouns,3.8
2460,לאשר,notificar,verbs,1.2
2461,אנשים,globo,nouns,0.35
2462,שקיעה,amanecer,nouns,1.3
2463,תפוד,mantequilla,nouns,0.85
2464,לרכב,correr,verbs,0.7
2465,חיישן,radiador,nouns,1.0
2466,הר געש,magma,nouns,1.8
2467,לעשות,construir,verbs,3.0
2468,נושא,historia,nouns,1.1
2469,שפעת,fiebre,nouns,1.85
2470,מבולגן,ordenado,adjectives,0.6
2471,כיסא,telescopio,nouns,0.25
2472,דיסק,cargador,nouns,0.35
2473,ירך,labio,nouns,0.95
2474,כיכר,mapa,nouns,0.65
2475,בברור,seguramente,adverbs,3.35
2476,פרי הדר,naranja,nouns,3.05
2477,עצם,dientes,nouns,1.65
2478,להחמיר,molestar,verbs,0.65
2479,להופיע,asistir,verbs,3.35
2480,ארון,ropa,nouns,1.35
2481,בעוצמה,abiertamente,adverbs,0.4
2482,כתף,cabeza,nouns,1.45
2483,מונוקלטורה,agricultura,nouns,1.15
2484,חיידק,patógeno,nouns,3.2
2485,לשכוח,conservar,verbs,0.6
2486,להינות,odiar,verbs,0.25
2487,לנצח,tener éxito,verbs,2.65
2488,גן טרום חובה,guardería,nouns,2.7
2489,ציפור,pavo,nouns,2.15
2490,מחלה,infección,nouns,2.2
2491,קבורה מחדש,tumba,nouns,0.9
2492,רע,terrible,adjectives,3.6
2493,סוכרוז,carbohidrato,nouns,1.95
2494,חילוק,multiplicación,nouns,1.2
2495,שקיעה,noche,nouns,1.55
2496,קריסטל,vaso,nouns,2.0
2497,להגן,salvar,verbs,2.6
2498,חופש,censura,nouns,0.6
2499,קונגרס,parlamento,nouns,3.85
2500,בגדים,botón,nouns,1.35
2501,לבכות,sollozar,verbs,4.45
2502,ניטרלי,indeciso,adjectives,1.5
2503,מחבט,pelota,nouns,1.3
2504,לצחוק,llorar,verbs,0.55
2505,קול ,acústica,nouns,3.2
2506,לחנוק,quemar,verbs,0.4
2507,סוסה,caballo,nouns,3.0
2508,מילה,pista,nouns,0.45
2509,אי,playa,nouns,1.6
2510,חולה,loco,adjectives,1.3
2511,שר,rabino,nouns,1.1
2512,שמיים,sueño,nouns,0.65
2513,מציאות,espejismo,nouns,0.6
2514,דם,médula,nouns,1.35
2515,להכחיש,mentir,verbs,1.3
2516,להתעלם,pedir,verbs,0.45
2517,רמז,palabra,nouns,0.45
2518,צורה,moda,nouns,0.5
2519,מנגינה,música,nouns,3.8
2520,פשע,ataque,nouns,2.15
2521,היגיון,inteligencia,nouns,3.05
2522,דוכס,república,nouns,0.55
2523,להצליח,ganar,verbs,2.65
2524,לתפוס,perseguir,verbs,1.45
2525,להתחיל,dejar,verbs,0.6
2526,בזמן האחרון,recientemente,adverbs,5.35
2527,יומיומי,normalmente,adverbs,3.6
2528,למשוך,empujar,verbs,1.45
2529,ברצינות,sinceramente,adverbs,1.65
2530,כרגע,delicadamente,adverbs,0.0
2531,לחבר,separar,verbs,0.55
2532,אמבטיה,habitación,nouns,1.0
2533,משימה,trabajo,nouns,4.15
2534, לנער,remover,verbs,2.65
2535,עצבני,asustado,adjectives,1.55
2536,להופיע,salir,verbs,0.6
2537,מיץ,leche,nouns,1.1
2538,צי,ejército,nouns,3.95
2539,דרום,norte,nouns,1.0
2540,פאון,actor,nouns,0.6
2541,להשפיל,comodidad,verbs,0.35
2542,בטיחות,comodidad,nouns,1.4
2543,לצעוד,estar,verbs,0.75
2544,לסת,hueso,nouns,1.35
2545,קולנוע,televisión,nouns,2.45
2546,אובך,nube,nouns,1.4
2547,ללחוץ,lanzar,verbs,0.55
2548,להפריך,permitir,verbs,0.35
2549,כותנה,poliéster,nouns,1.4
2550,מלחין,escritor,nouns,2.2
2551,לחזות,suponer,verbs,3.1
2552,צריח,capilla,nouns,1.45
2553,בגדים,chaqueta,nouns,1.55
2554,עץ,manta,nouns,0.2
2555,זכות,justicia,nouns,1.65
2556,שריר,lengua,nouns,1.7
2557,טוב,mediocre,adjectives,0.7
2558,מסטיק,menta,nouns,0.65
2559,חצי אי,isla,nouns,1.85
2560,לכוון,golpear,verbs,0.45
2561,ענן,niebla,nouns,2.4
2562,היגיון,aritmética,nouns,1.7
2563,הכרחי,esencial,adjectives,5.05
2564,לחוב,entrar,verbs,0.0
2565,באולינג,jugador de bolos,nouns,2.55
2566,להתעלם,olvidar,verbs,1.9
2567,פסקה,carta,nouns,1.2
2568,קפה,frijol,nouns,0.8
2569,רהיט,cama,nouns,1.8
2570,להתווכח,de acuerdo,verbs,0.7
2571,הלילה,mañana,adverbs,0.75
2572,זיהום,inflexión,nouns,0.15
2573,צוק,colina,nouns,1.85
2574,לעזוב,entrar,verbs,0.5
2575,ביקורתי,grosero,adjectives,0.95
2576,מועדון,sociedad,nouns,2.5
2577,אלכוהול,cerveza,nouns,2.35
2578,באופן פסיבי,silenciosamente,adverbs,0.9
2579,אירוסין,anillo,nouns,2.1
2580,מועדון,marca,nouns,0.45
2581,טרי,nuevo,adjectives,3.75
2582,להקה,orquesta,nouns,4.05
2583,תמיד,dos veces,adverbs,0.5
2584,גאה,fuerte,adjectives,0.65
2585,ערמומי,extraño,adjectives,0.5
2586,מקצוע,universidad,nouns,1.1
2587,לשפוט,acusar,verbs,2.7
2588,קשב,interés,nouns,3.05
2589,מזג אוויר,ola,nouns,0.6
2590,לתקוף,agravar,verbs,0.95
2591,כבד,cargado,adjectives,2.15
2592,לנשל,renunciar,verbs,1.5
2593,בשר,sándwich,nouns,0.95
2594,מיכל,ratón,nouns,0.05
2595,אקדח,cuchillo,nouns,1.75
2596,גאווה,alegría,nouns,1.6
2597,יקום,cielo,nouns,1.55
2598,גדול,nacional,adjectives,0.5
2599,מתכת,estaño,nouns,1.75
2600,זנב,cuenco,nouns,0.1
2601,מעסיק,empleado,nouns,1.25
2602,גשם,llovizna,nouns,3.75
2603,פאי,chocolate,nouns,1.2
2604,סרט,teatro,nouns,1.35
2605,בלבול,histeria,nouns,1.45
2606,תבונה,inteligencia,nouns,4.5
2607,להתעלם,imprimir,verbs,0.1
2608,עסק,empresa,nouns,3.7
2609,אמן,obra de arte,nouns,1.55
2610,דודה,tío,nouns,3.2
2611,יד,dedo,nouns,1.2
2612,סמסטר,término,nouns,1.9
2613,להחזיק,mantener,verbs,2.7
2614,מבוהל,emocionado,adjectives,1.05
2615,מטומטם,enorme,adjectives,0.1
2616,גל,clima,nouns,0.6
2617,מינק,petróleo,nouns,0.2
2618,מוזר,astuto,adjectives,0.5
2619,כובע,caja,nouns,0.2
2620,להתמוסס,mezclar,verbs,1.9
2621,פרוזדור,corredor,nouns,5.6
2622,ילדותי,irresponsable,adjectives,2.7
2623,לחי,lengua,nouns,0.85
2624,יכולת,competencia,nouns,3.55
2625,ספר,información,nouns,1.3
2626,לנחור,despierto,verbs,0.55
2627,להאשים,mentir,verbs,0.65
2628,ציור,alboroto,nouns,0.15
2629,מכונית,puente,nouns,0.5
2630,חבר,chico,nouns,1.8
2631,צמד,pareja,nouns,5.1
2632,ספר,tema,nouns,0.95
2633,להכחיש,evitar,verbs,1.1
2634,קומה,techo,nouns,1.2
2635,טלה,oveja,nouns,3.65
2636,חמישי,parte superior,adjectives,0.3
2637,לשלב,combinar,verbs,4.3
2638,באופן מציאותי,idealmente,adverbs,0.85
2639,חוט,puesta de sol,nouns,0.0
2640,אופניים,coche,nouns,1.2
2641,אוגוסט,mes,nouns,2.65
2642,לשכנע,tratar,verbs,1.4
2643,להגיד,participar,verbs,0.9
2644,אטום,molécula,nouns,2.55
2645,קל,difícil,adjectives,0.55
2646,לגלות,explorar,verbs,2.9
2647,כדור,disfraz,nouns,0.3
2648,דבורה,hormiga,nouns,1.2
2649,להיכשל,perder,verbs,2.6
2650,לשכנע,perseguir,verbs,0.45
2651,אדן,montaña,nouns,0.4
2652,בלדה,canción,nouns,4.0
2653,להתחיל,ir,verbs,0.45
2654,מתבייש,culpable,adjectives,1.3
2655,אחוזה,escultor,nouns,0.6
2656,מעי,nervio,nouns,0.65
2657,צנזורה,libertad,nouns,0.6
2658,מאמנים,medalla,nouns,0.6
2659,ליצור,construir,verbs,4.05
2660,יומן,fórmula,nouns,0.3
2661,ישן,nuevo,adjectives,0.6
2662,פרטי,público,adjectives,0.6
2663,מספר,dígito,nouns,5.05
2664,בד,ropa,nouns,2.0
2665,שיבולת שועל,campo,nouns,1.25
2666,כבל,cuerda,nouns,3.0
2667,זוג,par,nouns,5.1
2668,בחירה,opinión,nouns,1.2
2669,לסיים,resolver,verbs,2.55
2670,בדחיפות,con rapidez,adverbs,3.7
2671,באופן אידיאלי,mecánicamente,adverbs,0.25
2672,להניח,dar,verbs,1.0
2673,תקרה,catedral,nouns,0.6
2674,להצליף,golpear,verbs,4.1
2675,קערה,callejón,nouns,0.0
2676,תמונה,idea,nouns,1.25
2677,מחשב,disco,nouns,1.15
2678,מוזיאון,menta,nouns,0.2
2679,כסף,diamante,nouns,0.9
2680,מיותר,necesario,adjectives,0.65
2681,תזמורת,banda,nouns,4.05
2682,ביוטופ,biología,nouns,1.25
2683,אדום,azul,adjectives,1.0
2684,הליום,aire,nouns,1.65
2685,גדול,flexible,adjectives,0.1
2686,רציני,gracioso,adjectives,0.45
2687,לשתות,tragar,verbs,2.0
2688,תוקפנות,hostilidad,nouns,3.65
2689,ליידע,limpiar,verbs,0.0
2690,סנוברד,esquí,nouns,2.7
2691,באופן אמין,aproximadamente,adverbs,0.8
2692,יד,muñeca,nouns,1.95
2693,עץ,bote,nouns,0.7
2694,מחלה,fiebre,nouns,2.0
2695,ערמומי,difícil,adjectives,0.4
2696,כתב יד,artículo,nouns,2.25
2697,מבחן,juicio,nouns,1.6
2698,בועה,jabonaduras,nouns,1.9
2699,סנט,gente,nouns,0.7
2700,אח,alma,nouns,0.25
2701,אינסוף,cero,nouns,0.95
2702,כינור,guitarra,nouns,1.25
2703,גלקסיה,astrónomo,nouns,1.55
2704,מורתח,cocido,adjectives,3.9
2705,לעיתים,regularmente,adverbs,1.6
2706,לנסות,convencer,verbs,1.4
2707,זרוע,hueso,nouns,1.1
2708,ברזל,vitamina,nouns,1.1
2709,חלון,techo,nouns,0.8
2710,עין,lágrima,nouns,1.25
2711,פסקה,página,nouns,1.95
2712,נערה,niño,nouns,3.6
2713,בכנות,nunca,adverbs,0.1
2714,סמטה,calle,nouns,3.6
2715,להיכשל,tener éxito,verbs,0.6
2716,להיעלם,encoger,verbs,1.1
2717,רפובליקה,duque,nouns,0.55
2718,מעבר,sala,nouns,0.9
2719,מכונית,bote,nouns,1.1
2720,רובה,cañón,nouns,1.95
2721,גדר,saltando,nouns,0.55
2722,עתיק,nuevo,adjectives,0.6
2723,אטום,carbón,nouns,1.55
2724,סיפון,piso,nouns,1.5
2725,לברך,reunirse,verbs,0.6
2726,צד,fondo,nouns,1.35
2727,דירה,casa,nouns,4.25
2728,לטאה,gobierno,nouns,0.05
2729,להשוות,analizar,verbs,2.35
2730,כתב יד,libro,nouns,2.2
2731,תנין,lagartija,nouns,2.7
2732,לימודים,derecho,nouns,0.9
2733,אח,niño,nouns,2.15
2734,גוף,estómago,nouns,1.8
2735,מכונה,computadora,nouns,3.15
2736,תגמול,pago,nouns,4.1
2737,ידיד,compañero,nouns,4.15
2738,ילד,chico,nouns,4.1
2739,צפוף,difícil,adjectives,1.25
2740,גמיש,fácil,adjectives,1.55
2741,בחירה,vena,nouns,0.0
2742,סוס,buey,nouns,1.55
2743,לשמוע,percibir,verbs,1.75
2744,מנגינה,ritmo,nouns,3.3
2745,סנט,esposa,nouns,0.15
2746,באופן עצמאי,responsablemente,adverbs,1.05
2747,טופולוגיה,estructura,nouns,2.05
2748,עוף,arroz,nouns,0.8
2749,קר,ordinario,adjectives,0.25
2750,כועס,alegre,adjectives,0.6
2751,כבד,órgano,nouns,2.0
2752,באופן מציאותי,recientemente,adverbs,0.1
2753,בינוני,bien,adjectives,0.7
2754,קרב,beligerancia,nouns,3.25
2755,לתת,desconocer,verbs,0.5
2756,טייס משנה,cabina,nouns,1.05
2757,דעה,idea,nouns,3.3
2758,לדחוף,tirar,verbs,1.45
2759,חבוי,abierto,adjectives,0.5
2760,שביר,frígido,adjectives,0.35
2761,לשער,predecir,verbs,3.1
2762,מתכת,aluminio,nouns,1.95
2763,חתול,ratón,nouns,1.0
2764,להתווכח,debate,verbs,3.15
2765,להגיד,recordar,verbs,1.25
2766,פרספקטיבה,distancia,nouns,2.1
2767,לאמת,justificar,verbs,2.15
2768,לגדל,levantar,verbs,0.85
2769,מיץ,manzana,nouns,1.15
2770,מולקולה,matriz,nouns,0.3
2771,מלהיב,aburrido,adjectives,0.55
2772,מבולגן,feo,adjectives,0.9
2773,להאשים,empujar,verbs,0.25
2774,אסם,casa,nouns,1.05
2775,משולב,mezclado,adjectives,2.65
2776,הפוך,único,adjectives,0.75
2777,בינוני,templado,adjectives,2.35
2778,כיבוש,viaje,nouns,1.05
2779,להביא,restaurar,verbs,0.65
2780,דיסק,ordenador,nouns,1.15
2781,לבקש,ignorar,verbs,0.45
2782,נכס,valores,nouns,2.8
2783,להקטין,encoger,verbs,3.75
2784,מנצח,gol,nouns,0.85
2785,צר,amplio,adjectives,0.6
2786,בייקון,frijol,nouns,0.65
2787,לחלק,unir,verbs,0.6
2788,שלג,avalancha,nouns,1.65
2789,תקיפה,delito,nouns,2.15
2790,בירה,champán,nouns,1.75
2791,לרכוש,unirse,verbs,0.55
2792,סלט,vinagre,nouns,1.1
2793,כהונה,sultán,nouns,0.75
2794,שגוי,preciso,adjectives,0.55
2795,סוס,yegua,nouns,3.0
2796,חרב,trono,nouns,0.5
2797,נשיא,alcalde,nouns,2.0
2798,לאשר,hablar,verbs,0.8
2799,להריח,mimar,verbs,0.05
2800,באופן אחיד,a veces,adverbs,0.35
2801,לעולם לא,raramente,adverbs,2.0
2802,לפגוע,atacar,verbs,2.8
2803,עובד,oficina,nouns,0.7
2804,אזור,área,nouns,5.1
2805,באופן משמעותי,especialmente,adverbs,2.6
2806,חקר דגלים,bandera,nouns,1.4
2807,לבשל,freír,verbs,2.45
2808,פעילות,movimiento,nouns,2.5
2809,שפך,mar,nouns,1.4
2810,פתוגן,germen,nouns,3.2
2811,עקום,curvo,adjectives,4.0
2812,באופן משמעותי,profundamente,adverbs,2.55
2813,ברית מילה,prepucio,nouns,1.85
2814,משעמם,cansado,adjectives,1.25
2815,דלת,portal,nouns,2.6
2816,סיגר,caja,nouns,0.7
2817,באלגנטיות,hermosamente,adverbs,1.75
2818,שיניים,boca,nouns,1.55
2819,להתדרדר,limpiar,verbs,0.2
2820,לימון,té,nouns,0.7
2821,פטרוזיליה,mollete,nouns,0.65
2822,שמיכה,cama,nouns,1.25
2823,תעופה,vuelo,nouns,2.55
2824,מוכר,nacional,adjectives,0.8
2825,סכנה,amenaza,nouns,4.1
2826,משחק,truco,nouns,1.75
2827,מיטה,sofá,nouns,2.2
2828,ויטמין,plancha,nouns,1.1
2829,ג'ויסטיק,radar,nouns,0.3
2830,לרצות,entretener,verbs,1.1
2831,נסיכה,galleta,nouns,0.0
2832,מיטה,cuna,nouns,3.3
2833,אקדח,sargento,nouns,0.55
2834,בטבעיות,antinaturalmente,adverbs,0.5
2835,הרס,construcción,nouns,0.65
2836,חלון,nube,nouns,0.65
2837,מערב,norte,nouns,1.2
2838,עבריין,criminal,nouns,5.05
2839,באופן מסוכן,cuidadosamente,adverbs,0.6
2840,חול,pie,nouns,0.45
2841,צנוע,puro,adjectives,0.9
2842,בליץ,ataque,nouns,3.05
2843,קומבינציה,unión,nouns,3.55
2844,משורר,periodista,nouns,1.25
2845,להרוס,hacer,verbs,0.6
2846,פרפר,rosa,nouns,0.4
2847,לחגוג,sorprender,verbs,1.15
2848,מודרני,antiguo,adjectives,0.6
2849,גבר,mujer,nouns,1.55
2850,רגשית,tristemente,adverbs,1.3
2851,חירום,accidente,nouns,2.6
2852,אלכוהול,vino,nouns,1.95
2853,ים,océano,nouns,3.85
2854,קושי,esfuerzo,nouns,2.75
2855,כלא,elección,nouns,0.5
2856,בקלות,aproximadamente,adverbs,0.25
2857,טלפון,cabina,nouns,0.9
2858,לשקם,reparar,verbs,4.4
2859,מסגרת,golpear,nouns,0.15
2860,גוף,brazo,nouns,1.3
2861,מעסיק,obrero,nouns,1.25
2862,חרב,ambiente,nouns,0.05
2863,אוניברסיטה,campus,nouns,2.95
2864,ספירה,pelota,nouns,2.75
2865,להבהיר,definir,verbs,3.15
2866,באמת,perfectamente,adverbs,1.2
2867,להגיע,traer,verbs,0.55
2868,נסיבות,situación,nouns,4.95
2869,דוד,hombre,nouns,1.9
2870,לסמוך,fallar,verbs,0.3
2871,תקשורת,televisión,nouns,1.8
2872,מזכירה,mujer,nouns,0.9
2873,כיסא,banco,nouns,3.05
2874,בכנות,generalmente,adverbs,0.45
2875,מדהים,ordinario,adjectives,0.5
2876,כישלון,bancarrota,nouns,1.85
2877,עומק,magnitud,nouns,1.5
2878,גדול,ancho,adjectives,2.05
2879,הלילה,hoy,adverbs,2.0
2880,מולקולה,átomo,nouns,2.55
2881,מאהב,compañero,nouns,1.8
2882,באופן שגרתי,normalmente,adverbs,4.25
2883,שולחן,puesta de sol,nouns,0.05
2884,וריד,estómago,nouns,0.6
2885,להפוך,aparecer,verbs,0.5
2886,מצוין,malo,adjectives,0.35
2887,יפה,esmeradamente,adverbs,1.75
2888,חודש,agosto,nouns,2.65
2889,בחור,pareja,nouns,1.25
2890,לעשות,dejar,verbs,0.55
2891,בשר,filete,nouns,3.55
2892,להקשיב,entender,verbs,1.45
2893,להזדרז,apurarse,verbs,5.5
2894,תא,teléfono,nouns,0.9
2895,להסכים,reconocer,verbs,4.35
2896,גדול,alto,adjectives,3.35
2897,לדרוש,discutir,verbs,0.7
2898,לתפוס,recibir,verbs,0.65
2899,לנחם,humillar,verbs,0.35
2900,חשוב,crucial,adjectives,3.8
2901,עידן,década,nouns,2.5
2902,ענן,clima,nouns,0.95
2903,לחבק,exprimir,verbs,0.95
2904,חלון,tobillo,nouns,0.05
2905,אכזר,injusto,adjectives,1.45
2906,כלי,violín,nouns,2.15
2907,רחב,fresco,adjectives,0.05
2908,מטופל,sesión,nouns,0.9
2909,ילד,arroz,nouns,0.2
2910,מכונית,calibre,nouns,0.6
2911,אישה,piel,nouns,0.35
2912,מילה,periódico,nouns,1.3
2913,חברה,club,nouns,2.5
2914,להרוג,ahogarse,verbs,1.7
2915,פרה,cabra,nouns,1.5
2916,זכות בחירה,salida,nouns,0.05
2917,סינמטוגרפיה,director,nouns,1.65
2918,לפנות,desocupar,verbs,4.25
2919,מיקרוסקופ,biólogo,nouns,1.2
2920,לאמת,decir,verbs,0.8
2921,ליצור,imaginar,verbs,1.45
2922,לשכוח,saber,verbs,0.6
2923,ייחודי,opuesto,adjectives,0.75
2924,פשוט,aparentemente,adverbs,0.6
2925,עמוס,pesado,adjectives,2.15
2926,עמוד,párrafo,nouns,1.95
2927,להוכיח,discutir,verbs,1.15
2928,שלג,tormenta,nouns,1.6
2929,דם,virus,nouns,1.15
2930,מעולה,enojado,adjectives,0.35
2931,עצם,rodilla,nouns,1.2
2932,צופן,símbolo,nouns,1.95
2933,ראש,uña,nouns,0.6
2934,ללכת,salir,verbs,3.1
2935,אשמה,sistema,nouns,0.3
2936,מלוכלך,estrecho,adjectives,0.0
2937,עצם,cerebro,nouns,0.85
2938,דוקטור,dentista,nouns,4.6
2939,נוכחות,ganador,nouns,0.2
2940,להצהיר,anunciar,verbs,4.2
2941,ויכוח,acuerdo,nouns,1.1
2942,סרטן,enfermedad,nouns,2.6
2943,בעיקרון,completamente,adverbs,1.25
2944,לשכוח,perdonar,verbs,2.0
2945,חיה,persona,nouns,0.9
2946,טייפון,ciclón,nouns,4.5
2947,להצליח,fallar,verbs,0.6
2948,לנשל,negar,verbs,1.25
2949,להבחין,oír,verbs,1.75
2950,לילה,día,nouns,1.0
2951,באופן לא הוגן,justamente,adverbs,0.55
2952,פרח,violeta,nouns,2.2
2953,לרדוף,persuadir,verbs,0.45
2954,גודל,centavo,nouns,0.2
2955,פרקליט,banquero,nouns,1.3
2956,גדול,pesado,adjectives,1.15
2957,קוביית משחק,cubo,nouns,4.0
2958,להתעלם,salir,verbs,0.6
2959,לאחרונה,últimamente,adverbs,5.35
2960,לריב,discrepar,verbs,1.25
2961,אוכל,programa,nouns,0.3
2962,חרדל,semilla,nouns,1.6
2963,יומן,fecha,nouns,1.5
2964,שועל,sabueso,nouns,1.55
2965,להבין,escucha,verbs,1.45
2966,להתחרות,terminar,verbs,0.2
2967,לב,cirugía,nouns,0.95
2968,לגנות,rechazar,verbs,2.15
2969,דת,materialista,nouns,0.7
2970,אף,cabeza,nouns,1.15
2971,ללכת,vender,verbs,0.1
2972,מצב,situación,nouns,4.85
2973,ברוגע,sutilmente,adverbs,2.25
2974,שקיעה,mesa,nouns,0.05
2975,עצם,brazo,nouns,1.1
2976,גס,feo,adjectives,0.95
2977,כף,jugo,nouns,0.35
2978,שמח,joven,adjectives,0.4
2979,טהור,modesto,adjectives,0.9
2980,לחוץ,relajado,adjectives,0.6
2981,ביולוגיה,biotopo,nouns,1.25
2982,להמתין,salir,verbs,0.4
2983,שוטר,copiloto,nouns,0.75
2984,מפתח,candado,nouns,1.95
2985,עורף,cola,nouns,1.95
2986,ביהביוריזם,terapia,nouns,1.1
2987,באופן סביל,seguramente,adverbs,0.5
2988,להתווכח,probar,verbs,1.15
2989,מצב,circunstancia,nouns,4.95
2990,ארנב,gato,nouns,1.1
2991,תיאוריה,química,nouns,0.6
2992,מסודר,sucio,adjectives,0.6
2993,אנשים,partido,nouns,1.15
2994,הומופון,fotófono,nouns,0.9
2995,מכשיר,maceta,nouns,0.65
2996,גאה,arrogante,adjectives,3.6
2997,שבבים,cursor,nouns,0.15
2998,בייקון,carne,nouns,1.95
2999,לקבל,recomendar,verbs,0.95
3000,יכולת,fuerza,nouns,2.8
3001,לאבד,cocinar,verbs,0.05
3002,טלויזיה,comunicación,nouns,1.8
3003,לילה,amanecer,nouns,0.95
3004,נדיר,exótico,adjectives,4.4
3005,להתרחש,suceder,verbs,4.9
3006,סוף שבוע,raza,nouns,0.05
3007,מוות,entierro,nouns,1.85
3008,לקחת,obtener,verbs,2.15
3009,מטומטם,listo,adjectives,0.55
3010,ברנדי,alcohol,nouns,2.15
3011,בנחישות,suavemente,adverbs,0.35
3012,לשמור,olvidar,verbs,0.6
3013,מזוייף,real,adjectives,0.55
3014,עדשה,cámara,nouns,2.15
3015,לשנוא,criticar,verbs,0.75
3016,להבהיר,explicar,verbs,4.5
3017,מולקולה,aire,nouns,1.25
3018,קוקטייל,alcohol,nouns,2.45
3019,תקרה,suelo,nouns,0.95
3020,ללכת,empezar,verbs,0.45
3021,סופר,regalo,nouns,0.7
3022,סימולציה,robótica,nouns,1.05
3023,ערב,puesta de sol,nouns,1.55
3024,אלים,radical,adjectives,1.75
3025,למכור,pedir prestado,verbs,0.9
3026,כלב,zorro,nouns,1.55
3027,חדשות,medio,nouns,2.5
3028,חדש,nuevo,adjectives,3.75
3029,לאפשר,erosionar,verbs,0.05
3030,נדיב,bonito,adjectives,0.75
3031,פטיש,dientes,nouns,0.05
3032,חום,gripe,nouns,1.85
3033,נפוטיזם,rey,nouns,1.45
3034,בערך,impacientemente,adverbs,0.15
3035,לסיים,aplazar,verbs,0.6
3036,כנסייה,catedral,nouns,4.3
3037,חתול,perro,nouns,1.1
3038,שנייה,minuto,nouns,2.4
3039,מדבר,duna,nouns,2.3
3040,סיוף,gimnasia,nouns,1.95
3041,כנראה,afirmativamente,adverbs,1.2
3042,נסיכה,rey,nouns,1.9
3043,צמחייה,naturaleza,nouns,2.35
3044,לעצור,conducir,verbs,0.75
3045,מחר,esta noche,adverbs,0.75
3046,אקדח,piel,nouns,0.05
3047,אמונה,opinión,nouns,3.5
3048,הורה,adulto,nouns,1.5
3049,ללכת,entrar,verbs,0.95
3050,לפעמים,a menudo,adverbs,2.05
3051,מפוחד,nervioso,adjectives,1.55
3052,סופר,compositor,nouns,2.2
3053,לחקות,capturar,verbs,0.35
3054,שלם,terminado,adjectives,2.65
3055,להסכים,diferir de,verbs,0.7
3056,קורס,estómago,nouns,0.05
3057,היפותזה,teoría,nouns,4.35
3058,בבגרות,inteligentemente,adverbs,1.25
3059,פח,metal,nouns,1.75
3060,כדור,cesta,nouns,0.65
3061,בעצב,locamente,adverbs,0.85
3062,ייתכן,probable,adverbs,4.6
3063,ללכת,cojear,verbs,1.2
3064,מאמן,jugador,nouns,0.9
3065,איחוד,suma,nouns,3.1
3066,זריחה,puesta de sol,nouns,1.3
3067,שור,caballo,nouns,1.55
3068,חקלאות,monocultivo,nouns,1.15
3069,איריס,acetilcolina,nouns,0.45
3070,תחום,frontera,nouns,4.7
3071,טרף,dios,nouns,0.05
3072,יד,uña,nouns,1.15
3073,הדגמה,ampolla,nouns,0.0
3074,סיפור,lápiz,nouns,0.7
3075,לשחרר,captura,verbs,0.7
3076,להגביל,reducir,verbs,1.95
3077,אלים,pasivo,adjectives,0.4
3078,מוזר,bizarro,adjectives,4.6
3079,דלת,cocina,nouns,0.8
3080,מצחיק,aburrido,adjectives,0.5
3081,גבר,tío,nouns,1.9
3082,מטרה,búsqueda,nouns,1.2
3083,לקבל,perdonar,verbs,2.05
3084,מפרק,mano,nouns,1.95
3085,תותח,pelota,nouns,0.7
3086,חוזק,resistencia,nouns,2.85
3087,לשון,músculo,nouns,1.7
3088,מיטה,silla,nouns,1.3
3089,להביא,quejar,verbs,0.0
3090,לאומי,conocido,adjectives,0.8
3091,קריקט,seguidor,nouns,0.3
3092,לקחת,aprovechar,verbs,0.7
3093,טיעון,crítica,nouns,2.2
3094,לקבל,creer,verbs,1.4
3095,להמיס,disolver,verbs,2.1
3096,חזק,débiles,adjectives,0.65
3097,לפגוע,patear,verbs,1.35
3098,קיר,ladrillo,nouns,1.5
3099,גבינה,un pan,nouns,0.75
3100,עליון,quinto,adjectives,0.3
3101,ספרות,libro,nouns,2.1
3102,המנון,conquista,nouns,0.4
3103,ספורטאי,corredor,nouns,2.8
3104,להודיע,declarar,verbs,4.2
3105,חגורה,lazo,nouns,1.25
3106,כיתה,pasillo,nouns,0.55
3107,לעזוב,deambular,verbs,1.35
3108,כאן,ahora,adverbs,2.4
3109,להתעורר,roncar,verbs,0.55
3110,מתישהו,a veces,adverbs,1.55
3111,בורא,fabricante,nouns,4.45
3112,מסכן,orgulloso,adjectives,0.2
3113,סגנון,moda,nouns,3.65
3114,נוסחה,tronco,nouns,0.3
3115,לחקור,examinar,verbs,3.9
3116,ציפורן,mano,nouns,1.15
3117,בית דין,justicia,nouns,2.4
3118,מטען,disco,nouns,0.35
3119,לצעוק,discutir,verbs,1.45
3120,אחרת,extrañamente,adverbs,0.95
3121,אינטליגנציה,lógica,nouns,3.05
3122,פיכח,borracho,adjectives,0.6
3123,להתווכח,estar de acuerdo,verbs,0.7
3124,עייף,hambriento,adjectives,0.95
3125,תשוקה,emoción,nouns,3.1
3126,סכום,unión,nouns,3.1
3127,עוזרת,niña,nouns,0.6
3128,לרכב,barajar,verbs,0.7
3129,כוח,capacidad,nouns,2.8
3130,רוח,dios,nouns,1.3
3131,הכתרה,agua,nouns,0.05
3132,בגדים,paño,nouns,2.0
3133,סערה,nieve,nouns,1.6
3134,אפשרי,posiblemente,adverbs,4.6
3135,להכות,castigar,verbs,1.6
3136,לחשוב,tratar,verbs,0.6
3137,בקביעות,ocasionalmente,adverbs,1.6
3138,דיון,discusión,nouns,2.45
3139,חדר,bañera,nouns,1.0
3140,חשמלית,tren,nouns,2.65
3141,בגאווה,pacíficamente,adverbs,0.2
3142,חלון,puerta,nouns,1.2
3143,מוסר,leyenda,nouns,0.45
3144,למצוא,buscar,verbs,1.4
3145,לספוג,reducir,verbs,0.25
3146,משימה,autopista,nouns,0.05
3147,עמוד,palabra,nouns,0.85
3148,שמפניה,whisky,nouns,1.7
3149,לשכנע,discutir,verbs,1.55
3150,להשתתף,decir,verbs,0.9
3151,להגן,proteger,verbs,4.6
3152,עכבר,administración,nouns,0.0
3153,חשמל,caso,nouns,0.2
3154,שעועית,tocino,nouns,0.65
3155,אורח חיים,civilización,nouns,1.0
3156,במהירות,urgentemente,adverbs,3.7
3157,לשאוף,ejecutar,verbs,0.45
3158,בייסבול,sofá,nouns,0.2
3159,זועם,vacilante,adjectives,1.0
3160,התעמלות,esgrima,nouns,1.95
3161,ביטוי,palabra,nouns,2.15
3162,חוף,barco de cañón,nouns,0.95
3163,כיבוש,batalla,nouns,1.95
3164,רושם,creencia,nouns,1.7
3165,תקשורת,idioma,nouns,1.9
3166,להתכחש,desconocer,verbs,1.5
3167,חלום,cielo,nouns,0.65
3168,תחתית,parte superior,nouns,0.6
3169,איבר,riñón,nouns,2.65
3170,חייזר,forastero,nouns,1.85
3171,לקנות,paga,verbs,1.75
3172,לסדוק,romper,verbs,3.0
3173,פסגה,lado,nouns,0.85
3174,לטגן,cocinar,verbs,2.45
3175,מתון,medio,adjectives,2.35
3176,ג'ין,alcohol,nouns,2.25
3177,פשע,robo,nouns,2.7
3178,היסטוריוגרף,historiador,nouns,2.9
3179,תולעת,código malicioso,nouns,1.5
3180,ללבוש,romper,verbs,0.15
3181,לצמצם,descender,verbs,2.0
3182,בקפידה,cautelosamente,adverbs,4.1
3183,שיחה,comunicación,nouns,2.65
3184,עיתון,información,nouns,1.75
3185,מייפל,árbol,nouns,3.15
3186,מקצב,poema,nouns,1.55
3187,יצירתי,innovador,adjectives,3.85
3188,לברר,exigir,verbs,1.4
3189,זהה,similar,adjectives,3.85
3190,לצייר,crear,verbs,1.8
3191,אב,dios,nouns,1.1
3192,גברת,hidalgo,nouns,1.05
3193,ברור,seguramente,adverbs,2.9
3194,שדה תעופה,pieza,nouns,0.1
3195,וריד,brazo,nouns,0.8
3196,שמחה,orgullo,nouns,1.6
3197,להוסיף,multiplicar,verbs,1.3
3198,ספה,béisbol,nouns,0.2
3199,ללכת,permitir,verbs,0.25
3200,ים,tsunami,nouns,1.55
3201,לשחות,reunirse,verbs,0.05
3202,ללמד,castigar,verbs,0.75
3203,אלים,suave,adjectives,0.45
3204,להזכיר,olvidar,verbs,0.55
3205,פשוט,fácil,adjectives,4.0
3206,מעונן,pronóstico,nouns,1.3
3207,גמיש,modesto,adjectives,0.25
3208,לעזוב,ir,verbs,3.1
3209,טקסט,libro,nouns,2.55
3210,בינוני,aburrido,adjectives,1.0
3211,בשקט,pasivamente,adverbs,0.9
3212,הפרה,crimen,nouns,2.6
3213,לפני,después,adverbs,0.55
3214,אינץ',metro,nouns,1.7
3215,לקבל,captura,verbs,0.65
3216,להשתכר,merecer,verbs,0.85
3217,תלותי,inseguro,adjectives,1.0
3218,נמרצות,felizmente,adverbs,0.35
3219,נהר,corriente,nouns,2.0
3220,גרון,lengua,nouns,1.1
3221,להכחיש,aceptar,verbs,0.25
3222,בשלווה,caóticamente,adverbs,0.25
3223,סופה,viento,nouns,1.95
3224,לשלוט,detener,verbs,0.8
3225,כשירות,capacidad,nouns,3.55
3226,חדש,antiguo,adjectives,0.6
3227,לסיים,graduarse,verbs,1.65
3228,כוכב,planeta,nouns,3.25
3229,באופן שולי,aproximadamente,adverbs,0.65
3230,להביא,venir,verbs,0.55
3231,מים,sequía,nouns,0.85
3232,תזמורת,desfile,nouns,1.95
3233,שחיתות,fraude,nouns,3.4
3234,מצעד,multitud,nouns,1.85
3235,טקס,celebracion,nouns,3.65
3236,לרצות,pedir prestado,verbs,0.6
3237,ג'ינס,mujer,nouns,0.45
3238,לבחור,rechazar,verbs,0.3
3239,סירה,árbol,nouns,0.7
3240,מאה,espíritu,nouns,0.05
3241,לאסור,detener,verbs,2.2
3242,להשאיל,mantener,verbs,0.65
3243,סיעור מוחות,telescopio,nouns,0.0
3244,מעוקל,agresivo,adjectives,0.05
3245,זעיר,enorme,adjectives,0.6
3246,מעטפה,decoración,nouns,0.25
3247,דביק,mojado,adjectives,0.95
3248,לגמרי,puramente,adverbs,2.05
3249,בקול רם,suavemente,adverbs,0.3
3250,מעולה,malo,adjectives,0.5
3251,כוכב,asteroide,nouns,2.3
3252,הונאה,corrupción,nouns,3.4
3253,בעצב,emocionalmente,adverbs,1.3
3254,בוגר,inmaduro,adjectives,0.75
3255,נזיר,sacerdote,nouns,3.45
3256,שמח,enfadado,adjectives,0.55
