ID,RUS,SWA,PoS,score
1,слайд,teleza,nouns,0.0
2,покрывало,blanketi,nouns,0.0
3,оплата,malipo,nouns,2.27
4,священник,mungu,nouns,0.8
5,полагать,kufikiri,verbs,1.05
6,нелегальный,haramu,adjectives,0.2
7,глубоко,kwa undani,adverbs,0.2
8,ездить,kuendesha,verbs,0.2
9,наклон,benki,nouns,0.0
10,солдат,mwanajeshi,nouns,0.4
11,получать,kutuma,verbs,0.2
12,график,jedwali,nouns,3.5
13,дорогой,ghali,adjectives,0.0
14,участвовать,kusema,verbs,0.35
15,грубо,takribani,adverbs,0.25
16,становиться,kujitokeza,verbs,0.95
17,ложка,kijiko,nouns,0.15
18,мудрость,akili,nouns,3.7
19,собираться,kuhudhuria,verbs,0.4
20,угождать,kuridhisha,verbs,1.95
21,кобыла,farasi,nouns,4.2
22,нападать,kushambulia,verbs,0.32
23,сфера,mviringo,nouns,1.7
24,святой,mkosaji,nouns,0.2
25,завязать,kuvunga,verbs,0.15
26,мед,asali,nouns,0.1
27,громко,kwa sauti,adverbs,0.2
28,решать,kutoa suluhisho,verbs,1.7
29,иметь,kufyonza,verbs,0.25
30,узкий,mrefu,adjectives,0.25
31,задыхаться,kupumua,verbs,0.3
32,бейсбол,undugu,nouns,0.3
33,дерево,gogo,nouns,3.55
34,отец,mungu,nouns,1.7
35,останавливать,kusimamisha,verbs,1.13
36,ассистировать,kusaidia,verbs,4.8
37,желудок,mwili,nouns,1.15
38,дом,ufunguo,nouns,0.8
39,доверчивый,kukubali kirahisi,adjectives,0.25
40,грязный,mwembamba,adjectives,0.0
41,беспомощный,hoi,adjectives,2.05
42,освобождать,kuondoka,verbs,0.45
43,президент,kamera,nouns,0.1
44,жесткий,mkorofi,adjectives,1.35
45,нос,kinywa,nouns,0.6
46,пациент,mgonjwa,nouns,0.15
47,уверенно,kwa kujiamini,adverbs,0.05
48,ученик,rais,nouns,0.2
49,лошадь,farasi wa kike,nouns,4.2
50,эвакуировать,kuondoka,verbs,0.1
51,корова,mbuzi,nouns,0.5
52,фантазия,uhalisi,nouns,0.3
53,храпеть,kung'orota,verbs,0.2
54,принимать,kuamini,verbs,1.55
55,голодный,kua na njaa,adjectives,0.25
56,идеально,walau,adverbs,0.55
57,ценность,imani,nouns,0.65
58,герцог,mjuzi,nouns,0.15
59,творчески,kiubunifu,adverbs,0.65
60,получать,kushindwa,verbs,0.1
61,мина,machimbo,nouns,0.1
62,приносить,kuja,verbs,0.65
63,спокойный,utulivu,adjectives,1.85
64,злой,mwenye furaha,adjectives,0.15
65,древесина,gogo,nouns,2.8
66,скот,ngombe,nouns,2.65
67,падать,kuanguka,verbs,0.7
68,юбилей,mwaka,nouns,0.95
69,народ,bunduki,nouns,0.1
70,металл,bati,nouns,1.35
71,гость,rafiki,nouns,0.65
72,слушать,kutii,verbs,1.75
73,сплетня,habari,nouns,1.75
74,пассивный,kupooza,adjectives,0.05
75,убивать,ua,verbs,0.25
76,исчезать,kupungua,verbs,0.9
77,мальчик,kijana,nouns,3.3
78,оценивать,kuchanganua,verbs,3.85
79,виноватый,mkweli,adjectives,0.1
80,действие,mwendo,nouns,0.55
81,дважды,mara mbili,adverbs,0.05
82,делать,kuacha,verbs,0.15
83,зубы,mfupa,nouns,0.75
84,шериф,polisi,nouns,4.85
85,фильм,filamu,nouns,2.43
86,тремор,kutetemeka,nouns,1.7
87,горчица,mbegu,nouns,0.75
88,трудный,bila jasho,adjectives,0.05
89,милый,mkorofi,adjectives,0.05
90,находить,pata,verbs,0.65
91,угроза,hatari,nouns,4.6
92,коробка,lifti,nouns,0.35
93,пляж,mchanga,nouns,0.75
94,кухня,mlango,nouns,0.45
95,реальность,njozi,nouns,0.35
96,усталый,choka,adjectives,0.25
97,указатель,kionyeshi,nouns,0.0
98,конгресс,mkutano,nouns,2.25
99,ученый,muuguzi,nouns,0.2
100,отвергать,kukubali,verbs,0.1
101,костюм,sherehe,nouns,0.55
102,атмосфера,hali ya anga,nouns,2.2
103,человек,mlinzi,nouns,0.9
104,изучать,kupeleleza,verbs,5.35
105,мгла,wingu,nouns,1.55
106,отвергать,kuepa,verbs,1.3
107,отрицательно,kwa ubaya,adverbs,0.2
108,требовать,hitaji,verbs,0.45
109,решительно,kiukakamavu,adverbs,0.4
110,кость,meno,nouns,0.75
111,ноль,sufuri,nouns,0.25
112,арифметика,pigo,nouns,0.1
113,пытаться,kutimiza,verbs,1.15
114,собирать,kuchukua,verbs,0.0
115,плечо,mwili,nouns,1.05
116,замечать,kutoa maoni,verbs,0.8
117,мотор,boti,nouns,1.45
118,терять,kupata,verbs,0.1
119,беспокоить,kusumbua,verbs,1.32
120,флот,jeshi la wanamaji,nouns,0.35
121,строчить,kuandika,verbs,2.25
122,сжиматься,kupunguza,verbs,3.3
123,большой,mkubwa sana,adjectives,4.55
124,роза,waridi,nouns,0.35
125,разложение,utengano,nouns,0.65
126,рис,mvulana,nouns,0.0
127,барабан,pembe,nouns,0.45
128,биотоп,ekolojia,nouns,0.65
129,рука,bega,nouns,1.75
130,посылать,kupokea,verbs,0.2
131,гонка,mbio,nouns,0.0
132,провалиться,kushidwa,verbs,0.05
133,контролировать,kudhibiti,verbs,0.7
134,автострада,jukumu,nouns,0.2
135,математик,mwanamahesabu,nouns,0.0
136,меч,sime,nouns,0.1
137,современный,wa kale,adjectives,0.1
138,легкое,ini,nouns,0.6
139,обед,ugali,nouns,1.55
140,герцогство,dukedom,nouns,2.15
141,прочный,ngumu,adjectives,2.9
142,ключ,neno,nouns,0.25
143,принимать,kukana,verbs,0.1
144,рисовать,kuchora,verbs,0.5
145,игра,tendo,nouns,1.5
146,недоразвившийся,kutokomaa,adjectives,0.0
147,часто,mara nyingi,adverbs,0.85
148,грязный,rahisi,adjectives,0.05
149,помолвка,uchumba,nouns,0.85
150,посредственный,mtumba,adjectives,0.75
151,брат,roho ,nouns,0.55
152,брать,kuiba,verbs,0.8
153,госпожа,bwana,nouns,1.1
154,предприятие,kampuni,nouns,3.15
155,петь,kuimba,verbs,0.1
156,бок,juu,nouns,0.45
157,входить,kwenda,verbs,0.6
158,подозревать,kushukia,verbs,0.15
159,беспокоить,kusumbua,verbs,0.3
160,уверенный,ana kujiamini,adjectives,3.0
161,верить,kujua,verbs,0.65
162,объединяться,kushirikiana,verbs,3.15
163,компас,dira,nouns,0.0
164,шляпка,msumari,nouns,0.7
165,строить,kuharibu,verbs,0.05
166,заглавное слово,nenokuu,nouns,0.5
167,виза,mhuri,nouns,0.25
168,диод,diode,nouns,1.45
169,крошечный,mkubwa mno,adjectives,0.05
170,воля,hiari,nouns,1.8
171,век,miaka kumi,nouns,0.35
172,задолжать,kukopesha,verbs,0.9
173,ужасный,poa,adjectives,0.05
174,кровь,nyama,nouns,1.25
175,тяжелый,mzigo,adjectives,2.15
176,вода,maji,nouns,0.45
177,десятилетие,karne,nouns,0.35
178,просить,kuomba,verbs,4.4
179,обвинять,kulaumu,verbs,0.0
180,прибор,chungu,nouns,0.55
181,кокпит,chumba cha rubani,nouns,0.5
182,наслаждаться,kufurahia,verbs,0.0
183,туча,dhoruba,nouns,0.75
184,мужчина,mwanamke,nouns,0.45
185,официально,rasmi,adverbs,0.43
186,намерение,nia,nouns,1.8
187,табуретка,kigoda,nouns,3.0
188,шпиль,kanisa dogo,nouns,0.75
189,тупой,mkubwa mno,adjectives,0.0
190,рука,mshipa,nouns,0.65
191,север,kusini,nouns,0.25
192,окно,mlango,nouns,0.85
193,страница,aya,nouns,0.45
194,подождать,kungoja,verbs,0.1
195,осторожно,kwa utaratibu,adverbs,0.3
196,бутерброд,chakula cha mchana,nouns,1.55
197,телевидение,runinga,nouns,1.77
198,печальный,huzuni,adjectives,0.05
199,мышь,menejimenti,nouns,0.35
200,герой,mwanamke wa shujaa,nouns,2.25
201,удар,pigo,nouns,0.0
202,уменьшаться,kupungua,verbs,1.95
203,хромать,kuchechemea,verbs,1.55
204,писатель,mwandishi,nouns,0.7
205,казаться,kuwa,verbs,0.88
206,честно говоря,kwa kweli,adverbs,0.0
207,напоминать,kusahau,verbs,0.05
208,оптимистически,kwa matuamini,adverbs,0.85
209,кукуруза,nafaka,nouns,3.6
210,покидать,kujitokeza,verbs,0.45
211,пустыня,jangwa,nouns,2.15
212,глаз,chozi,nouns,1.2
213,партнер,mvulana,nouns,0.45
214,находить,kupotea,verbs,0.1
215,беспокоиться,kuwa na wasiwasi,verbs,0.0
216,хранить,kutunza,verbs,2.25
217,цивилизация,ustaarabu,nouns,1.2
218,пытаться,kufanikiwa,verbs,0.6
219,анатомия,biolojia,nouns,0.95
220,театр,ukumbi,nouns,0.4
221,жвачка,fizi,nouns,0.15
222,трава,mzizi,nouns,0.55
223,бутылка,chombo,nouns,0.5
224,предприятие,viwanda,nouns,1.65
225,оценивать,kujifunza,verbs,1.5
226,традиция,utamaduni,nouns,0.35
227,думать,kutafakari,verbs,5.15
228,в принципе,kimsingi,adverbs,0.3
229,колокол,mnara,nouns,0.55
230,скорость,mwendo,nouns,0.0
231,гордый,kujivunia,adjectives,0.05
232,ненормальный,wa kigeni,adjectives,3.8
233,ловить,kudaka,verbs,0.05
234,триумф,ushindi,nouns,4.1
235,благоразумно,kwa siri,adverbs,0.25
236,хаос,mchafuko,nouns,4.55
237,комбинировать,kujumuisha,verbs,2.95
238,бумага,kuni,nouns,0.55
239,искусства,mchoro,nouns,1.0
240,невежественный,mjinga,adjectives,0.05
241,беседа,mawasiliano,nouns,4.85
242,утешать,kufaraja,verbs,0.05
243,нырять,piga mbizi,verbs,0.0
244,парад,bendi,nouns,1.5
245,бумага,kadibodi,nouns,2.25
246,основание,besi,nouns,0.3
247,угол,eneo,nouns,0.25
248,бабочка,kipepeo,nouns,0.35
249,цветок,kichaka,nouns,0.75
250,остров,jukumu,nouns,0.0
251,цветок,chavua,nouns,1.15
252,mинт,minti,nouns,0.0
253,красть,kuchukua,verbs,0.8
254,долина,bonde,nouns,0.0
255,мозг,neva,nouns,0.65
256,мужчина,mpiganaji,nouns,1.15
257,помогать,kusaidia,verbs,0.3
258,окно,kifundo cha mguu,nouns,0.0
259,слабый,dhaifu,adjectives,0.0
260,смешивать,kuchanganya,verbs,2.95
261,источник,chanzo,nouns,0.0
262,начинать,kwenda,verbs,0.2
263,ребенок,mvulana,nouns,1.75
264,сонет,ushairi,nouns,0.05
265,получать,kujipatia,verbs,2.35
266,просить,kuuliza,verbs,0.3
267,образ,kioo,nouns,1.6
268,организованный,kupanga,verbs,0.0
269,шланг,bustani,nouns,0.45
270,тело,neva,nouns,0.7
271,длинный,mwembamba,adjectives,0.25
272,спасти,kuokoa,verbs,0.05
273,защищать,kuua,verbs,0.05
274,бревно,mbao,nouns,2.8
275,дружелюбно,kirafiki,adverbs,0.0
276,насекомое,nyuki,nouns,2.15
277,угождать,kusihi,verbs,0.7
278,зрелый,kukomaa,adjectives,0.2
279,дьявол,mungu,nouns,0.2
280,смешной,inayochekesha,adjectives,0.05
281,важно,bila masihara,adverbs,2.4
282,дорога,barabara,nouns,4.8
283,длинный,mfupi,adjectives,0.1
284,лодыжка,kiwiko,nouns,0.55
285,дорожка,bakuli,nouns,0.05
286,кредит,mkopo,nouns,1.45
287,мягкий,laini,adjectives,0.0
288,бал,mavazi,nouns,0.55
289,флаг,bendera,nouns,1.15
290,работник,mfanyakazi,nouns,0.75
291,верование,fikra,nouns,1.1
292,опасность,ugonjwa,nouns,0.65
293,становиться,kutengeneza,verbs,0.45
294,бедствование,ukiwa,nouns,2.0
295,один раз,mara moja,adverbs,0.05
296,полицейский,polisi,nouns,0.05
297,национальный,kitaifa,adjectives,0.05
298,надёжно,pasipo tu,adverbs,0.0
299,карта,daraja,nouns,0.6
300,волдырь,malengelenge,nouns,0.0
301,ключ,nyumba,nouns,0.8
302,шептать,kunong'oneza,verbs,1.2
303,огорчать,kuchukiza,verbs,0.35
304,помощник,mwalimu,nouns,1.35
305,пена,puto,nouns,1.6
306,площадь,mraba,nouns,0.35
307,ритм,muondoko,nouns,0.15
308,книга,hadithi,nouns,1.45
309,стул,kiti,nouns,3.0
310,диета,matofaa,nouns,0.35
311,север,magharibi,nouns,0.3
312,бог,baba,nouns,1.7
313,кирпич,ukuta,nouns,1.4
314,редакционный,uhariri,nouns,0.65
315,молоток,nyundo,nouns,0.05
316,трезвый,kutolewa,adjectives,0.05
317,безумно,kwa hasira,adverbs,0.6
318,грубый,baridi,adjectives,0.05
319,обсуждать,kueleza,verbs,1.3
320,губа,nyonga,nouns,0.35
321,объяснять,kufafanua,verbs,3.75
322,змея,nyoka,nouns,0.65
323,легко,kiurahisi,adverbs,0.05
324,кусок,kipande,nouns,0.0
325,бейсбол,mpira wa kikapu,nouns,0.6
326,аппара́тное обеспече́ние,kifaa,nouns,0.2
327,база,msingi,nouns,0.0
328,шар,watu,nouns,0.0
329,криптограмма,maandishi ya siri,nouns,1.25
330,проснуться,kuamka,verbs,0.2
331,народ,dola,nouns,0.35
332,отклонять,kukataa,verbs,0.75
333,фраза,neno,nouns,1.8
334,рисование,mchoro,nouns,0.0
335,сжиматься,kupotea,verbs,0.9
336,конденсатор,capacitor,nouns,1.45
337,невероятно,kwa umaradufu,adverbs,1.1
338,старинный,wa kisasa,adjectives,0.1
339,звук,sauti,nouns,3.0
340,приносить,kulalamika,verbs,0.15
341,приходить,kwenda,verbs,0.65
342,бороться,kupigana,verbs,0.3
343,мотор,injini,nouns,1.6
344,цель,jitihada,nouns,0.6
345,вычитать,toa ,verbs,0.2
346,забывать,kupuuza,verbs,1.95
347,иначе,kitofauti,adverbs,0.05
348,масло,ngozi,nouns,0.2
349,тянуть,kuvuta,verbs,0.8
350,щедро,kwa ukarimu,adverbs,0.0
351,офицер,ofisa,nouns,1.35
352,жестокий,katili,adjectives,2.1
353,крыша,sakafu,nouns,0.35
354,молекула,hewa,nouns,0.65
355,народ,senti,nouns,0.0
356,опровергать,kukanusha,verbs,0.05
357,кастрюля,kifaa,nouns,0.55
358,необычно,sio kawaida,adverbs,4.15
359,бренди,kileo,nouns,2.6
360,дождь,mvua,nouns,0.65
361,безопасно,kwa usalama,adverbs,0.2
362,фальшивый,feki,adjectives,0.25
363,баллончик,kopo,nouns,1.45
364,ребенок,msichana,nouns,1.1
365,галактика,giligili,nouns,0.75
366,племянник,shangazi,nouns,0.5
367,смешной,mwenye huzuni,adjectives,0.05
368,берег,pwani,nouns,3.75
369,разъедать,kumomonyoka,verbs,0.55
370,мох,nyasi,nouns,1.5
371,танец,densi,nouns,0.35
372,беспорядочный,kutopangilia,verbs,0.0
373,драться,kupigana,verbs,0.05
374,творческий,mbunifu,adjectives,3.5
375,офис,ofisi,nouns,0.75
376,тканевый,amevaa,adjectives,0.75
377,стейк,nyama,nouns,4.55
378,республика,jamhuri,nouns,0.15
379,хлопок,pamba,nouns,0.5
380,писатель,muandishi,nouns,0.4
381,рука,mguu,nouns,1.1
382,берег,pwani,nouns,0.2
383,дважды,mara mbili,adverbs,0.38
384,масло,kiazi,nouns,0.4
385,парень,rafiki,nouns,0.95
386,размер,ukubwa,nouns,4.8
387,вердикт,kesi,nouns,1.25
388,тупой,bila kufikiri,adjectives,3.35
389,информировать,kujulisha,verbs,4.95
390,отклонять,kukataa,verbs,0.1
391,наставник,rabai,nouns,1.3
392,путешествовать,kutembea umbali mrefu,verbs,0.35
393,прощать,samehea,verbs,4.35
394,выражать,kujielezea,verbs,2.3
395,тупой,wa upuzi,adjectives,4.15
396,спускаться,kushuka,verbs,0.2
397,открытый,bila siri,adjectives,0.3
398,достигать,kujaribu,verbs,1.15
399,камень,mwamba,nouns,0.1
400,открывать,kutokana,verbs,0.15
401,старый,mpya,adjectives,0.15
402,потрясающий,mbaya,adjectives,0.15
403,гробница,kaburi,nouns,1.5
404,грудь,mwili,nouns,1.65
405,облако,wingu,nouns,0.2
406,учитель,mkufunzi,nouns,4.65
407,законный,halali,adjectives,0.2
408,терапия,tiba,nouns,0.4
409,самолет,ndege,nouns,0.0
410,океан,bahari,nouns,2.3
411,ловкий,imara,adjectives,1.0
412,гол,mshindi,nouns,0.2
413,укусить,uma,verbs,0.0
414,мошенничество,uhalifu,nouns,2.5
415,волна,wimbi,nouns,0.65
416,мошенничество,ulaghai,nouns,2.35
417,епископ,askofu,nouns,0.2
418,тоннель,shimo,nouns,0.45
419,гостиница,fleti,nouns,0.7
420,пристуствие,kutokuwepo,nouns,0.4
421,задание,mgawo,nouns,0.45
422,неприличный,haionekani,adjectives,0.05
423,знак,alama,nouns,4.2
424,получать,kuweka,verbs,0.3
425,противодействовать,kuteteleza,verbs,0.35
426,страсть,hisia,nouns,2.55
427,больной,ana wazimu,adjectives,0.95
428,соединение,umoja,nouns,1.8
429,свитер,fulana,nouns,0.5
430,активно,kwa juhudi,adverbs,0.2
431,алюминий,alumini,nouns,2.25
432,шалость,kuoga,nouns,0.0
433,работа,kazi,nouns,1.1
434,трамвай,tramu,nouns,1.9
435,воин,mwanaume,nouns,1.15
436,приносить,kurudisha,verbs,0.7
437,дом,kapeti,nouns,0.5
438,витамин,chuma,nouns,0.4
439,ружье,watu,nouns,0.1
440,рассерженный,mwenye furaha,adjectives,0.15
441,ловить,kukamata,verbs,2.85
442,астероид,kimondo,nouns,2.7
443,одеяло,blanketi,nouns,0.0
444,жениться,kuchumbia,verbs,2.4
445,мусульман,mwislamu,nouns,0.2
446,сын,baba,nouns,0.7
447,юриспруденция,shule,nouns,0.45
448,биолог,mbiolojia,nouns,0.8
449,ружье,mzinga,nouns,1.9
450,коробка,kofia,nouns,0.3
451,завтрак,karamu,nouns,0.55
452,ступня,kichwa,nouns,0.45
453,парень,msichana,nouns,0.15
454,устраивать,kuhitaji,verbs,0.1
455,сержант,mjeshi,nouns,0.75
456,проваливать,kufanikiwa,verbs,0.05
457,встревоженный,ogopa,adjectives,4.0
458,акустика,akustik,nouns,3.0
459,решать,kuhitimisha,verbs,0.75
460,мяч,mpira,nouns,0.9
461,старый,mbivu,adjectives,0.1
462,система,mfumo,nouns,0.05
463,ворота,mlango,nouns,4.35
464,назначение,shughuli,nouns,0.85
465,врач,tabia,nouns,0.15
466,игнорировать,kupuuza,verbs,0.0
467,безответственный,habali,adjectives,0.0
468,точно,hakika,adverbs,3.85
469,гора,mwamba,nouns,1.45
470,ранимый,baridi,adjectives,0.1
471,сказка,hadithi,nouns,0.0
472,таксомотор,motokaa,nouns,3.55
473,посещать,kutuma,verbs,0.1
474,настроение,hasira,nouns,0.75
475,бык,ndama,nouns,2.2
476,путешествие,ushindi,nouns,0.05
477,вода,barafu,nouns,2.4
478,просить,kutazamia,verbs,0.7
479,состояние,mvulana,nouns,0.0
480,полицейский,askari,nouns,4.85
481,нажимать,kuvyombo vya habari,verbs,0.0
482,окружение,mazingira,nouns,0.2
483,рубеж,ukingo,nouns,4.25
484,просить,kusali,verbs,1.2
485,выговаривать,kulaani,verbs,0.25
486,незначительный,vuguvugu,adjectives,0.85
487,жена,mume,nouns,0.55
488,учить,kufundisha,verbs,0.2
489,клетка,kizuizi,nouns,0.5
490,жестокий,mkali,adjectives,1.35
491,рис,maharagwe,nouns,0.55
492,преступление,uhalifu,nouns,0.75
493,энциклопедия,ensaiklopidia,nouns,2.3
494,показ,onyesha,nouns,0.0
495,облако,wingu,nouns,0.2
496,принимать,kukubali,verbs,0.1
497,дурацкий,mpumbavu,adjectives,4.15
498,цветок,subira,nouns,0.0
499,взрослый,mtoto,nouns,0.55
500,история,mada,nouns,0.45
501,кино,sinema,nouns,1.43
502,ацетаминофен,acetaminopheni,nouns,0.55
503,соединять,kujumlisha,verbs,0.95
504,компания,biashara,nouns,3.15
505,участвовать,kushirikiana,verbs,2.7
506,дверь,sakafu,nouns,0.35
507,суд,hukumu,nouns,0.55
508,молодой,mwenye furaha,adjectives,0.2
509,покрытый,funikwa,adjectives,0.15
510,развлекать,kujipendekeza,verbs,0.3
511,кот,sungura,nouns,0.35
512,стул,kiti,nouns,0.0
513,талия,tumbo,nouns,0.75
514,целиться,kulenga,verbs,0.85
515,гудок,gari,nouns,0.75
516,осведомленность,uangalifu,nouns,0.8
517,бог,shetani,nouns,0.2
518,червяк,mnyoo,nouns,0.55
519,мэр,rais,nouns,0.9
520,лед,maji,nouns,2.4
521,желать,kua na hamu,verbs,4.85
522,партия,watu,nouns,0.9
523,выбор,sura,nouns,0.35
524,золото,dhahabu,nouns,0.65
525,художник,msanii,nouns,1.0
526,театр,ukumbi,nouns,0.0
527,сегодня,leo,adverbs,1.4
528,значки,insilia,nouns,0.15
529,ранимый,ikawa hatarini,adjectives,0.75
530,взрослый,mlezi,nouns,1.65
531,море,ufuko,nouns,1.9
532,покрывать,kufunika,verbs,3.05
533,симуляция,onyesho,nouns,0.45
534,теленок,fahali,nouns,2.2
535,печень,kiungo,nouns,2.1
536,ребенок,mvulana,nouns,3.3
537,реальность,ndoto,nouns,0.3
538,голодный,kua na njaa ,adjectives,0.75
539,кость,kiwiko,nouns,0.7
540,история,wimbo,nouns,0.55
541,фонарь,taa,nouns,0.1
542,хороший,salama,adjectives,0.1
543,шланг,gari,nouns,0.4
544,подруга,mama,nouns,0.55
545,вирус,kirusi,nouns,0.65
546,кабель,amari,nouns,0.0
547,зерно,viungo,nouns,0.75
548,информация,kitabu,nouns,1.05
549,активно,kikamilifu,adverbs,0.05
550,танк,tenki,nouns,1.05
551,ум,umaizi,nouns,2.3
552,острый,mbutu,adjectives,0.1
553,спальня,tumbo,nouns,0.0
554,значительный,muhimu,adjectives,0.05
555,парламент,bunge,nouns,2.25
556,посредственный,ya kawaida,adjectives,0.7
557,естественно,kiasili,adverbs,0.05
558,раздражать,kusumbua,verbs,0.17
559,плавать,kuelea,verbs,0.05
560,ладонь,kidole,nouns,1.1
561,комбинация,mjumuiko,nouns,2.35
562,голова,mguu,nouns,0.45
563,гимнастика,mazoezi,nouns,0.2
564,прореха,mapatano,nouns,0.0
565,человек,kaka,nouns,0.55
566,безопасный,salama,adjectives,0.65
567,родитель,baba,nouns,3.9
568,опера,opera,nouns,0.85
569,соглашаться,kukubali,verbs,0.15
570,значительно,sana,adverbs,1.1
571,сноуборд,ubao wa theluji,nouns,2.2
572,говорить,kutamka,verbs,1.2
573,законченный,malizika,adjectives,3.4
574,камера,kamera,nouns,0.0
575,копить,kutumia,verbs,0.25
576,необходимый,muhimu,adjectives,3.15
577,хор,kanisa,nouns,1.4
578,обрезание,tohara,nouns,2.35
579,погода,theluji,nouns,0.85
580,землетрясение,tetemeko la ardhi,nouns,1.7
581,следопыт,njia,nouns,0.3
582,вода,chumvi,nouns,0.35
583,часовня,mnara,nouns,0.75
584,солдат,mvulana,nouns,0.6
585,озеро,ziwa,nouns,0.2
586,ритм,mahadhi,nouns,1.1
587,инфекция,ugonjwa,nouns,3.5
588,пляж,bahari,nouns,1.9
589,обязательство,mkutano,nouns,0.85
590,женщина,jukumu,nouns,0.05
591,сегодня ночью,leo usiku,adverbs,0.2
592,десятилетие,enzi,nouns,0.8
593,жеребенок,farasi,nouns,3.25
594,шея,mfupa,nouns,0.45
595,мотор,injini,nouns,4.85
596,хотеть,kutaka,verbs,4.85
597,приятель,mwenzi,nouns,1.25
598,пожертвование,mchango,nouns,3.45
599,господин,bibi,nouns,1.1
600,гордый,mjasiri,adjectives,0.8
601,княжество,mfalme,nouns,2.15
602,ненадёжный,asiyeaminika,adjectives,1.75
603,худенький,nyembamba,adjectives,4.0
604,бедствие,kifo,nouns,1.55
605,шовинист,chauvinist,nouns,1.75
606,летучая мышь,popo,nouns,0.55
607,большой,rahisi,adjectives,0.05
608,мило,kwa uzuri,adverbs,3.6
609,посещать,kukusanya,verbs,0.4
610,занимать,kupa,verbs,0.85
611,наливать,kumwaga,verbs,0.45
612,охранник,mwanaume,nouns,0.9
613,удивлять,kushangaza,verbs,0.1
614,чашка,kijiko,nouns,0.75
615,изогнутый,pinda,adjectives,5.1
616,тайно,kwa siri,adverbs,0.05
617,министерство,huduma,nouns,0.0
618,героиня,mwanaume wa shujaa,nouns,2.25
619,пассивно,pasipo tu,adverbs,0.05
620,слушать,kujifunza,verbs,0.45
621,звезда,nyota,nouns,2.83
622,возможно,ikiwezekana,adverbs,3.55
623,муравей,chungu,nouns,0.5
624,узкий,mpana,adjectives,0.1
625,идти,kuanza,verbs,0.2
626,бунт,mgomo,nouns,0.0
627,зима,msimu wa joto,nouns,0.4
628,виноватый,mbaya,adjectives,1.1
629,лечить,tibu,verbs,0.1
630,вена,tumbo,nouns,0.4
631,социобиология,jamii,nouns,0.25
632,квартира,hoteli,nouns,0.7
633,обычно,kwa kawaida,adverbs,2.25
634,учить,kujifunza,verbs,0.0
635,слово,ishara,nouns,0.25
636,игнорировать,kufanya utafiti,verbs,0.05
637,скот,kondoo,nouns,3.25
638,плакать,kulia,verbs,2.42
639,огромный,mdogo,adjectives,0.05
640,ванная,chumba cha kulala,nouns,0.45
641,музей,jumba la makumbusho,nouns,0.0
642,тупой,hodari,adjectives,0.15
643,зависеть,kuhitaji,verbs,1.25
644,церковь,kanisa,nouns,4.05
645,давать,kuweka,verbs,0.2
646,заказ,menyu,nouns,0.9
647,оставлять,kuchukua,verbs,0.05
648,начинать,kutokana,verbs,0.65
649,дюна,dune,nouns,2.15
650,следовать,kufuata,verbs,2.4
651,искать,kutafuta,verbs,1.07
652,спальня,baisikeli,nouns,0.0
653,драться,pigana,verbs,0.5
654,шоссе,barabara kuu,nouns,4.8
655,толпа,gwaride,nouns,1.0
656,смешанный,kumbakumba,adjectives,0.0
657,стих,shairi,nouns,1.1
658,забывать,kujua,verbs,0.1
659,спиртное,karne,nouns,0.0
660,выиграть,shinda,verbs,0.4
661,суд,mahakama,nouns,1.8
662,бутылка,kopo,nouns,0.95
663,отделять,kutenganisha,verbs,0.1
664,вселенная,anga,nouns,1.05
665,ящерица,mjusi,nouns,0.33
666,многогранник,pembe zaidi ya sita,nouns,0.0
667,тетрадь,daftari,nouns,0.0
668,письмо,aya,nouns,0.7
669,объединять,kuunganisha,verbs,0.2
670,датчик,gari,nouns,0.5
671,справедливость,haki,nouns,1.8
672,брать,kuchukua,verbs,1.3
673,совершенный,kamili,adjectives,3.4
674,язык,shavu,nouns,0.7
675,пытаться,kufikiria,verbs,0.15
676,словарь,kamusi,nouns,2.3
677,принимать,kukataa,verbs,0.1
678,удовлетворять,kufahamu,verbs,0.2
679,понимать,kusoma,verbs,0.9
680,конечно,kwa hakika,adverbs,3.85
681,кроватка,mlazi,nouns,3.6
682,ужасный,ana hasira,adjectives,0.25
683,решать,kuchagua,verbs,1.95
684,размышлять,kuwaza,verbs,5.15
685,опыление,uchavushi,nouns,1.8
686,боб,wali,nouns,0.55
687,официальный,sahihi,adjectives,1.05
688,позвоночник,shingo,nouns,0.9
689,стройный,mwembamba,adjectives,4.0
690,клетка,gerezani,nouns,1.05
691,глупый,mjinga,adjectives,0.25
692,защищать,kuokoa,verbs,1.05
693,священник,mtawa,nouns,3.15
694,локально,kienyeji,adverbs,0.0
695,объяснять,kujadili,verbs,1.3
696,порядоченный,kwa mpangilio,adjectives,0.15
697,экзамен,mtihani,nouns,0.45
698,облако,hali ya hewa,nouns,1.15
699,возможно,labda,adverbs,3.2
700,арестовывать,kukamatwa,verbs,0.15
701,оплата,malipo,nouns,1.2
702,достоинство,hadhi,nouns,0.15
703,создавать,kuharibu,verbs,0.1
704,депрессия,huzuni,nouns,0.0
705,диета,saladi,nouns,0.6
706,жениться,kujiunga,verbs,0.4
707,разбирательство,wamuzi,nouns,1.25
708,представление,imani,nouns,1.1
709,странно,kiajabu,adverbs,1.05
710,занавеска,nguzo,nouns,0.45
711,правонарушитель,mkosaji,nouns,4.95
712,яблоко,juisi,nouns,1.0
713,нижняя одежда,chupi,nouns,0.15
714,напиток,bia,nouns,3.05
715,коза,ngombe,nouns,0.5
716,сахар,asali,nouns,1.85
717,зубы,meno,nouns,0.05
718,идти,kuruhusu,verbs,0.1
719,включают,kukuhusisha,verbs,2.9
720,особый,maalumu,adjectives,2.35
721,пчела,malkia,nouns,0.8
722,давать,kuweka,verbs,0.35
723,аффикс,kiambishi,nouns,0.6
724,судья,hakimu,nouns,1.85
725,избежать,kujiweka mbali,verbs,0.95
726,печальный,mbovu,adjectives,0.45
727,ходить,kutembea ,verbs,0.15
728,упускать,kukosa,verbs,0.0
729,жена,mama,nouns,2.3
730,общение,mazungumzo,nouns,4.85
731,овца,mifugo,nouns,3.25
732,прощать,kukubali,verbs,0.9
733,обескураживать,kufeli,verbs,0.25
734,класс,ushoroba,nouns,0.4
735,робототехника,roboti,nouns,0.45
736,пушка,mpira,nouns,0.7
737,символ,ishara,nouns,4.2
738,галерея,nyumba ya sanaa,nouns,0.0
739,иллюстрация,katuni,nouns,0.0
740,повредить,kuuma,verbs,0.65
741,невеста,mtoto wa mfalme,nouns,0.25
742,доктор,profesa,nouns,1.2
743,лимон,matofaa,nouns,0.6
744,приходящий,inayoingia,adjectives,0.2
745,сыр,mkate,nouns,0.3
746,сказать,kusema,verbs,0.75
747,операция,moyo,nouns,0.7
748,тяжелый,mkubwa,adjectives,1.85
749,иначе,tofauti,adverbs,1.05
750,телевидение,runinga,nouns,0.65
751,появляться,kuondoka,verbs,0.45
752,гвоздь,kichwa,nouns,0.7
753,план,wazo,nouns,1.35
754,помнить,kukumbuka,verbs,1.2
755,грязь,matope,nouns,4.4
756,работодатель,mwajiriwa,nouns,0.65
757,долина,korongo,nouns,1.15
758,студент,profesa,nouns,0.65
759,сигара,sanduku ,nouns,0.45
760,теория,kanuni,nouns,1.8
761,куб,mchemraba,nouns,0.35
762,делить,kuzidisha,verbs,0.1
763,мальчик,mazingira,nouns,0.0
764,противолежащий,kinyume,adjectives,0.6
765,ладить,kujipendekeza,verbs,0.7
766,нормальный,si wa kawaida,adjectives,0.2
767,рассвет,usiku,nouns,0.4
768,принцесса,kisiwa,nouns,0.0
769,дерево,mti,nouns,0.9
770,необходимый,muhimu,adjectives,3.05
771,маска,maski,nouns,0.4
772,тюрьма,chaguo,nouns,0.1
773,кость,mkono,nouns,0.75
774,девушка,mvulana,nouns,0.15
775,год,mwaka,nouns,0.8
776,учебный план,mtaala,nouns,0.45
777,цифра,tarakimu,nouns,5.1
778,повидло,matofaa,nouns,0.55
779,нюхать,kunusa,verbs,0.0
780,удовлетворять,kujipendekeza,verbs,1.95
781,портить,kuharibu,verbs,0.0
782,красота,umri,nouns,0.4
783,муха,nzi,nouns,0.5
784,ядро,mzinga,nouns,0.7
785,протирать,kupanguza,verbs,0.0
786,механик,mfanyakazi,nouns,1.7
787,теорема,nadharia,nouns,1.8
788,широкий,mwembamba,adjectives,0.1
789,президент,mwanasiasa,nouns,2.65
790,электричество,umeme,nouns,0.3
791,опасность,tishio,nouns,4.6
792,странствовать,kutangatanga,verbs,1.4
793,железо,vitamini,nouns,0.4
794,громкий,yenye sauti,adjectives,0.65
795,переулок,mtaa,nouns,2.35
796,говорить,kutambua,verbs,0.5
797,компетенция,uwezo,nouns,3.4
798,свистеть,mluzi,verbs,0.0
799,конфеты,peremende,nouns,0.35
800,пляж,kisiwa,nouns,0.7
801,стол,meza,nouns,0.0
802,принимать,kutambua,verbs,2.1
803,ружье,kisu,nouns,0.65
804,пистолет,bunduki,nouns,0.75
805,ущелье,bonde,nouns,1.15
806,делить,kujumlisha,verbs,0.25
807,совершенно,kiukamilifu,adverbs,1.4
808,жар,utapiamlo,nouns,0.75
809,избегать,kupuuza,verbs,3.0
810,завтра,kesho,adverbs,0.2
811,приношение,toleo,nouns,3.45
812,чистилище,purigatori,nouns,1.65
813,ванна,mbinu,nouns,0.0
814,служанка,msaidizi,nouns,3.45
815,чувствовать,kuhisi,verbs,0.7
816,монах,padri,nouns,3.15
817,легальный,halali,adjectives,0.65
818,получать,kupokea,verbs,1.68
819,забывать,kujifunza,verbs,0.25
820,грязный,chafu,adjectives,0.0
821,хлеб,unga,nouns,1.25
822,обертка,kanga,nouns,0.1
823,кувшин,kikombe,nouns,0.9
824,честный,ana hatia,adjectives,0.1
825,суд,korti,nouns,1.85
826,стеснительный,aibu,adjectives,0.25
827,идеально,walau,adverbs,0.35
828,вампир,vampire,nouns,0.55
829,карта,ramani,nouns,0.35
830,лгать,kudanganya,verbs,2.7
831,статья,kitabu,nouns,1.1
832,картофель,siagi,nouns,0.4
833,глупый,mpumbavu,adjectives,3.9
834,положительно,vyema,adverbs,0.05
835,ящик,kesi,nouns,0.3
836,бык,farasi,nouns,0.5
837,оркестр,gwaride,nouns,1.5
838,палец,mkono,nouns,1.25
839,старый,mpya,adjectives,0.1
840,рассвет,bunduki,nouns,0.0
841,настроение,hisia,nouns,1.85
842,нетерпеливо,bila subira,adverbs,0.5
843,гибкий,flexibo,adjectives,0.9
844,скорее всего,uwezekano,adverbs,3.55
845,редко,mara chache,adverbs,0.25
846,пожар,moto,nouns,0.55
847,шляпа,koti,nouns,0.6
848,трагедия,kifo,nouns,1.85
849,бог,padri,nouns,0.8
850,президент,meya,nouns,0.9
851,болезнь,hatari,nouns,0.65
852,смиренно,kwa unyenyekevu,adverbs,0.1
853,находить,kujipatia,verbs,0.7
854,детский сад,elimu ya awali,nouns,5.5
855,необычный,si wa kawaida,adjectives,3.8
856,прикреплять,kubandika,verbs,0.0
857,тело,kifua,nouns,1.65
858,терминально,mwishoni,adverbs,0.05
859,липкий,natanata,adjectives,0.65
860,газета,taarifa,nouns,2.15
861,отходить,kurudia,verbs,0.2
862,эмоция,hamu,nouns,2.55
863,объединяться,kujipatia,verbs,0.15
864,история,kitabu,nouns,1.45
865,решать,kuonyesha,verbs,0.55
866,ружье,mbinu,nouns,0.1
867,брат,baba,nouns,0.55
868,дерево,mpera,nouns,3.05
869,автомобиль,gari la farasi,nouns,0.95
870,победитель,uwepo,nouns,0.1
871,соглашение,tundu,nouns,0.0
872,скрипка,chombo,nouns,2.15
873,управление,panya,nouns,0.35
874,сценарист,mwandishi wa filamu,nouns,0.65
875,ужасный,mwenye huzuni,adjectives,0.45
876,агрессивный,dhalimu,adjectives,0.6
877,цент,watu,nouns,0.0
878,багаж,mzigo,nouns,0.5
879,путешествие,mwendo,nouns,3.9
880,изучать,kukagua,verbs,3.7
881,класть,kuning'inia,verbs,0.3
882,фонология,fonolojia,nouns,0.15
883,посещать,kuja,verbs,2.65
884,пялиться,kukondoa macho,verbs,0.5
885,литература,kitabu,nouns,2.2
886,директор,mkurugenzi,nouns,4.25
887,автомобиль,geji,nouns,0.5
888,тарелка,bakuli,nouns,3.2
889,энтропия,kuzorota,nouns,0.05
890,дерево,mbao,nouns,0.0
891,мясо,steki,nouns,4.55
892,синий,bluu,adjectives,0.35
893,тратить,takataka,verbs,0.0
894,родить,kubeba,verbs,0.5
895,бить,kukupiga ngumi,verbs,0.5
896,гибкий,mkubwa sana,adjectives,0.15
897,нигилизм,kutoamini dini,nouns,0.0
898,приложение,programu tumishi,nouns,0.3
899,критичный,muhimu,adjectives,0.25
900,меню,agizo,nouns,0.9
901,кошка,mbwa,nouns,0.4
902,делать,kuwa,verbs,0.45
903,твердо,kwa kidete,adverbs,0.05
904,клуб,jamii,nouns,1.2
905,острый,kali,adjectives,0.0
906,заёмщик,mkopi,nouns,1.45
907,странный,mwerevu,adjectives,0.65
908,организовывать,kuandaa,verbs,4.35
909,признавать,kukubali,verbs,1.12
910,гневный,mkali,adjectives,0.05
911,посылать,kuleta,verbs,0.2
912,встряхивать,kutikisa,verbs,0.9
913,парень,patna,nouns,1.0
914,важно,umuhimu zaidi,adverbs,0.65
915,праздновать,kusherekea,verbs,0.1
916,контейнер,chupa,nouns,0.5
917,электрический,chenye umeme,adjectives,0.0
918,входить,kudaiwa,verbs,0.0
919,проверка,jaribio,nouns,0.55
920,молекула,molekuli,nouns,0.5
921,область,mkoa,nouns,4.3
922,дверь,undugu,nouns,0.0
923,красота,uzuri,nouns,0.05
924,дверь,uwepo,nouns,0.1
925,убегать,kuhepa,verbs,0.0
926,молодой,isiyotulia,adjectives,0.55
927,потерять,kupoteza,verbs,0.2
928,спрашивать,kuwaza,verbs,0.55
929,шторм,theluji,nouns,0.6
930,странствовать,kuondoka,verbs,0.55
931,надежно,kwa kuaminika,adverbs,0.05
932,бедность,utajiri,nouns,0.25
933,сокрушать,kuzidiwa,verbs,0.35
934,хотеть,kuazima,verbs,0.3
935,стыд,huzuni,nouns,0.6
936,облачность,kivuli cha mawingu,nouns,0.75
937,рука,kifundo,nouns,1.05
938,остров,ufuko,nouns,0.7
939,короткий,mrefu,adjectives,0.1
940,молиться,kuuliza,verbs,1.2
941,логика,hesabu,nouns,0.7
942,рука,mkono,nouns,0.15
943,легкий,ngumu,adjectives,0.25
944,мать,rafiki,nouns,0.55
945,машина,gari,nouns,3.4
946,неугомонный,mchanga,adjectives,0.55
947,давать,kupokea,verbs,0.35
948,красть,kupa,verbs,0.0
949,спокойно,kwa utulivu,adverbs,2.48
950,становиться,kufanikisha,verbs,0.75
951,пчела,mdudu,nouns,2.15
952,ежедневно,kila siku,adverbs,2.25
953,плохой,wa dhambi,adjectives,2.25
954,обои,karatasi ya kupamba ukuta,nouns,1.8
955,друг,mgeni,nouns,0.65
956,шлем,helmeti,nouns,0.75
957,терять,kuweka,verbs,0.05
958,забывать,kudumisha,verbs,0.1
959,доставлять,kuchukua,verbs,0.35
960,мягкий,vuguvugu,adjectives,0.0
961,орган,ini,nouns,2.1
962,дюйм,mita,nouns,1.65
963,реалистично,kwelikweli,adverbs,0.0
964,редкий,mpumbavu,adjectives,0.0
965,глава,usiku,nouns,0.0
966,юбка,sketi,nouns,0.1
967,засуха,ukame,nouns,0.45
968,мирно,kwa amani,adverbs,0.1
969,прощать,kusahau,verbs,0.95
970,рука,mfupa,nouns,0.75
971,группа,pombe,nouns,0.2
972,режиссер,mkurugenzi,nouns,0.6
973,делить,kugawanya,verbs,0.2
974,действительно,kiukweli,adverbs,0.2
975,понюхать,kunusia,verbs,1.05
976,одалживать,kupa,verbs,2.1
977,сотрудничать,kujiunga,verbs,3.15
978,компьютер,cd,nouns,0.95
979,кипятить,kuchemsha,verbs,0.85
980,плотно,kwa ukakamavu,adverbs,0.55
981,идея,mpango,nouns,1.35
982,курица,batamzinga,nouns,0.95
983,бездомный,wasio na makazi,nouns,0.05
984,маффин,muffini,nouns,0.1
985,суффикс,fitisha,nouns,0.6
986,коррупция,rushwa,nouns,2.35
987,песня,hadithi,nouns,0.55
988,выход,mlangoni,nouns,2.4
989,сельское хозяйство,kilimo,nouns,1.25
990,правдивый,enye ukweli,adjectives,0.05
991,нечестный,danganyifu,adjectives,0.6
992,именно,kwa usahihi,adverbs,2.15
993,возможно,inawezekana,adverbs,0.85
994,плодовый сад,kiunga,nouns,0.0
995,журнал,kanuni,nouns,0.2
996,ткать,kufuma,verbs,0.05
997,искать,kutafuta,verbs,0.7
998,деньги,lulu,nouns,0.15
999,преступник,mhalifu,nouns,4.95
1000,судить,hakimu,verbs,0.25
1001,дрейфовать,kuteleza,verbs,0.6
1002,лошадь,mbwa,nouns,0.35
1003,тихо,kwa ukimya,adverbs,0.05
1004,братство,mlango,nouns,0.0
1005,год,siku ya kuzaliwa,nouns,0.95
1006,ненормально,sikawaida,adverbs,0.0
1007,фон,mandharinyuma,nouns,1.8
1008,желудок,njia,nouns,0.15
1009,кандидат,mshindi,nouns,0.95
1010,ломать,kuufa,verbs,0.7
1011,подражать,kuiga,verbs,0.0
1012,потрясающий,maradufu,adjectives,0.15
1013,император,mtawala,nouns,0.35
1014,рассерженный,safi,adjectives,0.05
1015,автомобиль,motokaa,nouns,5.75
1016,продвигать,kukuza,verbs,0.65
1017,жить,kuishi,verbs,1.2
1018,информация,gazeti,nouns,2.15
1019,добавлять,kujiunga,verbs,0.95
1020,вишня,cheri,nouns,1.35
1021,курятина,chakula cha usiku,nouns,0.55
1022,хороший,nzuri,adjectives,0.35
1023,исчезать,kutafuta,verbs,0.1
1024,слово,fasihi,nouns,0.85
1025,гордо,kwa jeuri,adverbs,0.1
1026,вечеринка,sherehe,nouns,0.4
1027,держать,kuweka,verbs,1.75
1028,захватывающий,sisimsha,adjectives,0.05
1029,плохой,ana hatia,adjectives,1.1
1030,раввин,mchungaji,nouns,1.5
1031,странный,ya kushangaza,adjectives,0.15
1032,поле,uwanja,nouns,0.5
1033,взрослый,mtoto mchanga,nouns,0.5
1034,жемчуг,hela,nouns,0.15
1035,хор,kiitiko,nouns,0.85
1036,сок,maziwa,nouns,0.4
1037,зрело,kwa utu uzima,adverbs,0.35
1038,джинсы,jinzi,nouns,0.15
1039,стакан,koni,nouns,0.35
1040,колено,mfupa,nouns,0.8
1041,в основном,haswa,adverbs,0.25
1042,жарить,kukaanga,verbs,1.55
1043,ненавидеть,chukia,verbs,0.23
1044,бутылка,chupa,nouns,1.45
1045,уровень,kiwango,nouns,0.1
1046,сообщать,kufahamisha,verbs,4.95
1047,оазис,oasisi,nouns,0.1
1048,алгебра,algebra,nouns,0.0
1049,сделка,maafikiano,nouns,0.1
1050,узнавать,kusahau,verbs,0.25
1051,солома,mke,nouns,0.0
1052,принимать,kuitikia,verbs,2.7
1053,бабник,mvulana,nouns,0.45
1054,знать,kuamini,verbs,0.65
1055,холм,jabali,nouns,2.8
1056,срочно,haraka,adverbs,4.15
1057,достигать,kubaki,verbs,0.1
1058,неотъемлемый,lazima,adjectives,3.05
1059,разлагаться,kuoza,verbs,1.2
1060,виски,jini,nouns,2.25
1061,массивно,kwa ukubwa,adverbs,0.25
1062,мнение,imani,nouns,0.35
1063,дельта,delta,nouns,0.5
1064,смерть,balaa,nouns,1.7
1065,убеждать,kufuatilia,verbs,0.85
1066,вопить,kuguta,verbs,0.2
1067,бронхит,ugonja wa bronchitis,nouns,0.55
1068,серия,sura,nouns,1.65
1069,чай,limau,nouns,0.55
1070,гнаться,kimbiza,verbs,2.4
1071,удивительный,kushangaza,adjectives,0.0
1072,часовня,kanisa ,nouns,0.0
1073,неясный,haijulikani,adjectives,4.45
1074,образ,wazo,nouns,1.4
1075,инструмент,kitendea kazi,nouns,1.1
1076,иллюзия,uhalisi,nouns,0.35
1077,бихевиоризм,somo la tabia,nouns,0.4
1078,тесно,kwa karibu,adverbs,0.1
1079,коробка,sanduku,nouns,0.0
1080,когда,kila wakati,adverbs,0.1
1081,противоречить,kukutokubali,verbs,0.35
1082,дядя,shangazi,nouns,0.65
1083,экзема,uwasho,nouns,3.05
1084,складывать,kuzidisha,verbs,0.5
1085,полоскать,kusuuza,verbs,3.35
1086,слуга,mtumishi,nouns,2.45
1087,движимый,inayo hamishika,adjectives,0.9
1088,присоединиться,kukuunga,verbs,0.0
1089,осуждать,kulaumu,verbs,4.65
1090,умный,mpumbavu,adjectives,0.15
1091,ударять,kupiga,verbs,0.0
1092,свежий,mzee,adjectives,0.1
1093,баллада,wimbo,nouns,3.2
1094,демон,pepo,nouns,0.25
1095,нерегулярно,isivyo kawaida,adverbs,0.05
1096,спектакль,utendaji,nouns,0.55
1097,прибывать,kuja,verbs,3.2
1098,присоединиться,kuoa,verbs,0.4
1099,тупой,mkali,adjectives,0.1
1100,смиренно,kwa unyenyekevu,adverbs,0.0
1101,зрело,kiukomavu,adverbs,0.3
1102,мех,ngozi,nouns,2.4
1103,цунами,sunami,nouns,0.85
1104,невероятно,kwa umaradufu,adverbs,0.55
1105,регион,eneo,nouns,4.3
1106,запрещать,kukataza,verbs,1.55
1107,распадаться,kutenganisha,verbs,0.35
1108,в основном,hasa,adverbs,2.15
1109,матрица,matriksi,nouns,0.97
1110,приходить,kufika,verbs,3.2
1111,мутант,jitu,nouns,0.25
1112,корона,taji,nouns,0.0
1113,доллар,dola,nouns,1.35
1114,отговаривать,kukatisha tamaa,verbs,0.35
1115,варёный,pikwa,adjectives,3.3
1116,покидать,kuingia,verbs,0.05
1117,всегда,mara kwa mara,adverbs,0.3
1118,счастливый,enye bahati,adjectives,0.0
1119,гармония,umoja,nouns,0.25
1120,медаль,medali,nouns,0.45
1121,выходные,wikiendi,nouns,0.0
1122,обижать,kukosea,verbs,0.3
1123,приличный,rasmi,adjectives,1.05
1124,ребенок,mtoto wa kike,nouns,1.45
1125,берег,ufuko,nouns,2.55
1126,доступный,nafuu,adjectives,2.5
1127,йогурт,mgando,nouns,0.2
1128,ступня,mguu,nouns,0.0
1129,кампания,kampeni,nouns,0.0
1130,размешать,koroga,verbs,1.8
1131,матка,nyuki,nouns,0.8
1132,ходить,kutembea,verbs,1.55
1133,поезд,treni,nouns,1.9
1134,помрачение,kichaa,nouns,1.35
1135,значок,baji,nouns,0.0
1136,спасать,kuokoa,verbs,4.55
1137,отговаривать,kutia moyo,verbs,0.15
1138,рамка,fremu,nouns,0.0
1139,атмосфера,uchafuzi,nouns,0.5
1140,рассвет,machweo,nouns,1.25
1141,состояние,hali,nouns,1.9
1142,низ,juu,nouns,0.25
1143,автомобиль,mpira wa maji,nouns,0.4
1144,уверенный,uhakika,adjectives,0.05
1145,выигрывать,kutawala,verbs,1.0
1146,присутствие,mlango,nouns,0.1
1147,укусить,kung'ata,verbs,0.5
1148,певец,mchezaji,nouns,0.75
1149,путешествовать,kusafiri,verbs,2.4
1150,слог,silabu,nouns,0.45
1151,локально,hapa ndani,adverbs,0.1
1152,крыша,paa,nouns,0.5
1153,сильный,wa kujivunia,adjectives,0.55
1154,выбор,chaguo,nouns,2.75
1155,автомобиль,kiwanda,nouns,0.25
1156,злак,ngano,nouns,2.65
1157,грустно,kwa huzuni,adverbs,0.8
1158,тупой,ana akili,adjectives,0.2
1159,хижина,makao,nouns,1.1
1160,усилие,shida,nouns,0.8
1161,месяц,agosti,nouns,2.9
1162,искать,tafuta,verbs,1.4
1163,выступать,kutumbuiza,verbs,0.6
1164,убивать,kukinga,verbs,0.05
1165,глава,chaguo,nouns,0.35
1166,развитие,ukuaji,nouns,0.15
1167,износоустойчивость,bendi,nouns,0.0
1168,кровать,chumba,nouns,0.6
1169,углевод,wanga,nouns,1.6
1170,замерзать,kuganda,verbs,0.75
1171,стратег,mkakati,nouns,2.15
1172,забывать,kusamehe,verbs,0.95
1173,выход,mahali ya kutokea,nouns,0.0
1174,прояснять,kueleza,verbs,3.75
1175,обращаться,kupuuza,verbs,0.05
1176,тонуть,kutota,verbs,0.05
1177,представлять,kuamua,verbs,0.55
1178,простынь,gombo,nouns,0.0
1179,доллар,watu,nouns,0.35
1180,лето,msimu wa baridi,nouns,0.4
1181,массивный,kubwa,adjectives,0.4
1182,невежество,akili,nouns,0.45
1183,дыра,mke,nouns,0.0
1184,рожок,kikombe,nouns,0.35
1185,критика,hoja,nouns,0.9
1186,музыка,tuni,nouns,4.35
1187,слякоть,uchafu,nouns,4.4
1188,с гордостью,kwa jeuri,adverbs,0.0
1189,популярный,inayofahamika,adjectives,5.05
1190,давать показания,kushuhudia,verbs,0.25
1191,дешевый,si ghali,adjectives,5.2
1192,дантист,kanali,nouns,0.05
1193,актив,mali,nouns,2.55
1194,шах,saratanji,nouns,2.3
1195,известие,gazeti,nouns,0.75
1196,мех,bunduki,nouns,0.05
1197,бревно,kuoga,nouns,0.0
1198,канонерская лодка,meli ya vita,nouns,0.2
1199,сжимать,kubana,verbs,0.55
1200,хлеб,chizi,nouns,0.3
1201,невроз,ugonjwa wa neurosis,nouns,0.6
1202,деньги,almasi,nouns,0.65
1203,статуя,kinyagu,nouns,4.15
1204,изогнутый,pinda,adjectives,0.15
1205,отрекаться,kukataa,verbs,0.4
1206,динозавр,mijusi ya kale,nouns,0.25
1207,юг,kaskazini,nouns,0.25
1208,угождать,kukubali,verbs,0.7
1209,нагреватель,kipasha joto,nouns,0.0
1210,рот,jino,nouns,1.05
1211,хихикать,kukenua,verbs,3.8
1212,оставаться,kupata,verbs,0.1
1213,чашка,kopo,nouns,0.9
1214,шар,kichochoro,nouns,0.05
1215,экономика,uchumi,nouns,0.5
1216,точно,kabisa,adverbs,2.15
1217,плавать,kuogelea,verbs,0.0
1218,конституция,katiba,nouns,0.55
1219,компетенция,uelekevu,nouns,2.55
1220,трава,mwani,nouns,1.5
1221,разрешать,kuruhusu,verbs,0.03
1222,мнение,chaguo,nouns,1.35
1223,флот,jeshi,nouns,3.15
1224,носить,kuvaa,verbs,0.0
1225,век,pombe,nouns,0.0
1226,комбайн,changanya,nouns,0.1
1227,кисть,kidole gumba,nouns,1.25
1228,управление,kazi,nouns,0.95
1229,личный,kibinasfi,adjectives,3.65
1230,коварный,njia za panya,adjectives,1.75
1231,преуспевать,kujaribu,verbs,0.6
1232,теннис,tenisi,nouns,0.0
1233,покидать,enda,verbs,0.55
1234,калибр,kaliba,nouns,0.0
1235,река,bonde,nouns,0.6
1236,освобождать,kuachilia,verbs,0.0
1237,игрок,mchezaji,nouns,0.9
1238,собор,dari,nouns,0.25
1239,норка,mafuta,nouns,0.2
1240,ответственно,kwa uwajibikaji,adverbs,0.5
1241,рубашка,shati,nouns,1.25
1242,кампус,eneo,nouns,0.75
1243,бесстрастный,mdhaifu,adjectives,0.1
1244,сладкий,tamu,adjectives,0.0
1245,вредитель,wadudu,nouns,0.85
1246,палец,kiganja,nouns,1.1
1247,шаркать,kuchanganya,verbs,0.1
1248,цинк,zinki,nouns,0.65
1249,создавать,kuunda,verbs,3.75
1250,боб,kahawa,nouns,0.6
1251,ружье,manyoya,nouns,0.05
1252,пропадать,kupotea,verbs,5.35
1253,победитель,lengo,nouns,0.2
1254,музыка,muziki,nouns,0.95
1255,баскетбол,baseball,nouns,0.6
1256,орел,tai,nouns,0.8
1257,разрушать,kuumba,verbs,0.1
1258,диск,kompyuta,nouns,0.95
1259,тетя,mpwa,nouns,0.5
1260,пить,kunywa,verbs,0.97
1261,форель,samaki,nouns,0.0
1262,бридж,kadi,nouns,0.6
1263,красный,nyekundu,adjectives,0.35
1264,рот,pua,nouns,0.6
1265,величина,kina,nouns,1.05
1266,глобализм,utandawazi,nouns,0.25
1267,батарейка,betri,nouns,0.0
1268,трудность,bidii,nouns,0.8
1269,король,mfalme,nouns,0.15
1270,факторизация,sababu,nouns,0.65
1271,принцесса,bibi arusi,nouns,0.25
1272,президент,mwanachuo,nouns,0.2
1273,гладкий,nyororo,adjectives,0.05
1274,улица,kichochoro,nouns,2.35
1275,становиться,kuonekana,verbs,0.8
1276,электорат,sherehe,nouns,0.9
1277,шкаф,nguo,nouns,0.5
1278,задача,kisiwa,nouns,0.0
1279,сбор,kusanyiko,nouns,4.5
1280,инструмент,zeze,nouns,2.15
1281,столб,mlingoti,nouns,0.7
1282,актер,mwimbaji,nouns,0.75
1283,пьяный,mlevi,adjectives,0.05
1284,книга,makala,nouns,1.1
1285,женщина,sekretari,nouns,0.65
1286,пальто,nguo,nouns,2.2
1287,наивный,mwenye pupa,adjectives,0.3
1288,нервный,kuoga,adjectives,0.05
1289,султан,sultani,nouns,0.0
1290,щуриться,kufinya macho,verbs,0.5
1291,владеть,kuweka,verbs,1.0
1292,обязательно,kwa ulazima,adverbs,0.55
1293,муравей,nyuki,nouns,0.5
1294,умножение,zidisha,nouns,0.45
1295,поглощать,kumiliki,verbs,0.25
1296,население,watu,nouns,3.0
1297,автомобиль,baisikeli,nouns,0.8
1298,поглощать,kujifunza,verbs,0.15
1299,верование,oni,nouns,0.35
1300,дешевый,mchafu,adjectives,0.05
1301,пряный,pilipili,adjectives,0.0
1302,лемма,lemma,nouns,0.45
1303,бедро,mdomo,nouns,0.35
1304,микшировать,kuchanganya,verbs,0.15
1305,нерв,akili,nouns,0.65
1306,сказать,kusema,verbs,2.3
1307,легкий,imara,adjectives,0.15
1308,уникальный,ya pekee,adjectives,0.4
1309,манера,njia,nouns,4.15
1310,новый,wa kale,adjectives,0.1
1311,пытаться,kujaribu,verbs,0.25
1312,выбор,jela,nouns,0.1
1313,перемешать,kuchanganya,verbs,0.05
1314,индейка,kuku,nouns,0.95
1315,правосудие,haki,nouns,0.9
1316,пост,nguzo,nouns,0.0
1317,редко,nadra,adverbs,0.0
1318,униформа,sare,adjectives,0.05
1319,запястье,mkono,nouns,1.05
1320,приходить,kuhudhuria,verbs,2.65
1321,защищать,kukinga,verbs,4.4
1322,картон,karatasi,nouns,2.25
1323,значительно,kwa maana,adverbs,0.4
1324,несправедливо,si kwa haki,adverbs,0.15
1325,оскорблять,kutukana,verbs,3.15
1326,мышь,sitaha,nouns,0.4
1327,соответствовать,kutofautiana,verbs,0.05
1328,вена,chaguo,nouns,0.05
1329,грузовик,gari la mzigo,nouns,0.15
1330,event,tukio,nouns,0.45
1331,дверь,sela,nouns,0.3
1332,спальня,kitanda,nouns,1.3
1333,счастливо,kwa furaha,adverbs,0.12
1334,актер,mchezaji wa kike,nouns,3.3
1335,атом,kaboni,nouns,1.2
1336,алкоголь,brandi,nouns,2.6
1337,победитель,mgombea wa uchaguzi,nouns,0.95
1338,велосипед,gari,nouns,0.8
1339,отряд,jeshi,nouns,1.95
1340,ходить,kuenda,verbs,2.4
1341,кот,simba,nouns,0.6
1342,камея,kutokea kwenye onyesho,nouns,0.55
1343,мужество,neva,nouns,1.05
1344,адвокат,mwanasheria,nouns,0.0
1345,птица,batamzinga,nouns,3.05
1346,счастье,furaha,nouns,0.15
1347,любезно,kwa fadhili,adverbs,3.6
1348,точно,kwa usahihi,adverbs,0.1
1349,локоть,kifundo cha mguu,nouns,0.55
1350,лейтенант,msaidizi,nouns,1.35
1351,бровь,jicho,nouns,0.6
1352,свободный,pwaya,adjectives,0.9
1353,смутный,isiyo dhahiri,adjectives,4.45
1354,талия,chakula,nouns,0.0
1355,встретить,kukutana,verbs,0.0
1356,странствовать,kuzurura,verbs,4.8
1357,век,muongo,nouns,0.8
1358,батарейка,betri,nouns,1.3
1359,яблоко,peremende,nouns,0.6
1360,отрицать,kukataa,verbs,0.35
1361,лист,jani,nouns,0.98
1362,приблизительно,kwa kukadiria,adverbs,0.25
1363,держать,kuazima,verbs,0.15
1364,телескоп,darubini,nouns,0.0
1365,большой,mzito,adjectives,1.85
1366,нуждающийся,mhitaji,adjectives,0.0
1367,бог,windo,nouns,0.15
1368,осматривать,kuchunguza,verbs,3.7
1369,складывать,kugawanya,verbs,0.25
1370,сиденье,kiti,nouns,0.0
1371,спорить,kujadili,verbs,0.45
1372,доставлять,kukubali,verbs,0.1
1373,уродливый,mbaya,adjectives,0.7
1374,бейсбол,kochi,nouns,0.0
1375,построение,uharibifu,nouns,0.2
1376,забирать,kuondoka,verbs,0.05
1377,общественный,hadharani,adjectives,0.0
1378,долина,mto,nouns,0.6
1379,узкий,mchafu,adjectives,0.0
1380,жечь,kuunguza,verbs,0.0
1381,устраивать,kupanga,verbs,4.35
1382,дочь,baba,nouns,0.55
1383,руководство,menejimenti,nouns,3.95
1384,изучать,kugundua,verbs,2.45
1385,мозговой штурм,changamsha bongo,nouns,0.0
1386,дом,fleti,nouns,4.05
1387,метла,ufagio,nouns,0.85
1388,незначительный,mdogo,adjectives,0.05
1389,гордый,kujivunia,adjectives,0.05
1390,ужин,chakula,nouns,3.3
1391,покидать,kufika,verbs,0.05
1392,необходимый,sio wa lazima,adjectives,0.1
1393,признавать,kuzungumza,verbs,0.5
1394,автомобиль,lifti,nouns,0.75
1395,пол,sitaha,nouns,0.7
1396,удобный,rahisi,adjectives,0.0
1397,видимо,inaonekana,adverbs,2.5
1398,самоуверенный,ana hakika,adjectives,3.0
1399,иностранец,mgeni,nouns,0.35
1400,джойстик,joystiki,nouns,0.55
1401,кофе,maharagwe,nouns,0.6
1402,организовать,panga,verbs,2.2
1403,мода,mtindo,nouns,1.05
1404,глава,mkia,nouns,0.1
1405,невинный,asiye na hatia,adjectives,0.3
1406,кольцо,pete,nouns,0.85
1407,скульптура,sanamu,nouns,4.15
1408,давать,kuruhusu,verbs,1.15
1409,больница,kitanda,nouns,0.7
1410,неделя,wikendi,nouns,1.15
1411,новости,habari,nouns,0.65
1412,жарить,kaanga,verbs,0.85
1413,закрыть,kufunga,verbs,0.0
1414,книга,kitabu,nouns,0.0
1415,спор,mapatano,nouns,0.3
1416,биография,habari za kubuniwa,nouns,0.95
1417,лгать,kudanganya,verbs,0.33
1418,воспринимать,kung'amua,verbs,1.15
1419,мясо,mkate,nouns,0.3
1420,сегодня ночью,usiku huu,adverbs,1.4
1421,обнаруживать,kufanya utafiti,verbs,2.45
1422,ковер,nyumba,nouns,0.5
1423,экран,kiwambo,nouns,0.15
1424,пятый,wa tano,adjectives,0.0
1425,слабый,dhaifu,adjectives,0.15
1426,ученик,mwanafunzi,nouns,2.95
1427,злость,hali,nouns,0.75
1428,забывать,kukumbusha,verbs,0.05
1429,акции,akiba,nouns,2.55
1430,контейнер,mkokoteni,nouns,0.05
1431,народ,idadi ya watu,nouns,3.0
1432,предубеждение,ubaguzi,nouns,1.75
1433,выращивать,kulea,verbs,0.0
1434,скульптор,sonara,nouns,0.25
1435,принимать,kupeleka,verbs,0.1
1436,замок,kufuli,nouns,1.05
1437,ангел,malaika,nouns,0.25
1438,дюйм,yadi,nouns,1.55
1439,апокалипсис,siku ya mwisho,nouns,0.55
1440,астроном,mtaalam wa nyota,nouns,0.75
1441,мужчина,mtoto,nouns,0.5
1442,зонтик,mwavuli,nouns,0.0
1443,штурман,rubani msaidizi,nouns,0.0
1444,демократия,demokrasia,nouns,0.55
1445,врач,mtaalamu wa meno,nouns,2.45
1446,иссохший,kua na kiu,adjectives,0.75
1447,бежать,kimbia,verbs,0.2
1448,занятый,bizi,adjectives,0.1
1449,ступня,mkono,nouns,0.6
1450,выходной,wiki,nouns,1.15
1451,атака,shambulio,nouns,0.75
1452,армия,kundi,nouns,1.95
1453,расстояние,umbali,nouns,0.4
1454,жаловаться,kuleta,verbs,0.15
1455,лучник,mpiga mishale,nouns,0.3
1456,праздник,likizo,nouns,0.45
1457,ручка,mpini,nouns,0.15
1458,останавливаться,kuacha,verbs,0.08
1459,число,nambari,nouns,5.1
1460,наверное,labda,adverbs,0.05
1461,вера,ua,nouns,0.1
1462,избегать,kukataa,verbs,1.3
1463,конь,ng'ombe dume,nouns,0.5
1464,позвоночник,mwili,nouns,0.85
1465,миска,mkia,nouns,0.0
1466,навряд ли,sio rahisi,adverbs,0.0
1467,отказывать,kukataa,verbs,0.1
1468,грешник,mtakatifu,nouns,0.2
1469,смешной,wa kuchosha,adjectives,0.1
1470,светиться,kumeremeta,verbs,4.0
1471,коридор,darasa,nouns,0.4
1472,дипломатия,diplomasia,nouns,1.7
1473,покрытый,kufunikwa,adjectives,0.75
1474,спальня,bafu,nouns,0.45
1475,развлекаться,kufurahia,verbs,3.05
1476,агрессивный,kigomvi,adjectives,0.03
1477,пенни,peni,nouns,0.1
1478,потерять,poteza,verbs,0.0
1479,нож,bunduki,nouns,0.65
1480,переговоры,jadiliano,nouns,1.7
1481,полуостров,peninsula,nouns,1.2
1482,двигатель,mashine,nouns,2.95
1483,бойко,kwa akili,adverbs,0.35
1484,известный,inayojulikana,adjectives,0.1
1485,ушибить,kuumia,verbs,0.7
1486,отец,mtoto wa kike,nouns,0.55
1487,строить,kujumlisha,verbs,0.35
1488,буря,wingu,nouns,0.75
1489,рекомендовать,kushauri,verbs,4.5
1490,заменять,kurudisha,verbs,0.75
1491,ванна,mke,nouns,0.0
1492,клуб,klabu,nouns,0.0
1493,нейтральный,upande wowote,adjectives,0.5
1494,возраст,urembo,nouns,0.4
1495,деление,mgawanyiko,nouns,0.45
1496,кинематография,sinema,nouns,0.6
1497,управление,utawala,nouns,3.95
1498,немой,adimu,adjectives,0.0
1499,взрослый,mzazi,nouns,2.2
1500,огромный,mpumbavu,adjectives,0.0
1501,воровать,kununua,verbs,0.0
1502,человек,mtu,nouns,2.55
1503,счастливый,ana hasira,adjectives,0.15
1504,стейк,kuku,nouns,0.75
1505,ванная,jiko,nouns,0.45
1506,хлопок,plastiki,nouns,0.2
1507,пакт,mapatano,nouns,4.9
1508,рука,mwili,nouns,1.5
1509,изысканный,kisasa,adjectives,0.2
1510,рука,goti,nouns,0.55
1511,легальный,halali,adjectives,2.65
1512,остров,mtoto wa mfalme,nouns,0.0
1513,потом,baadae,adverbs,0.0
1514,корзина,mpira,nouns,0.55
1515,секретарь,mwanamke,nouns,0.65
1516,плоть,damu,nouns,1.25
1517,важно,kwa umuhimu,adverbs,0.2
1518,комната,kitanda,nouns,0.6
1519,индейка,ndege,nouns,3.05
1520,одевать,kuvaa,verbs,0.05
1521,выселять,kufukuza,verbs,0.45
1522,признавать,kujulisha,verbs,0.55
1523,предполагать,kutabiri,verbs,2.6
1524,алкоголь,jini,nouns,2.3
1525,грубо,takriban,adverbs,0.2
1526,пол,mlango,nouns,0.35
1527,микроскоп,darubini,nouns,0.8
1528,бекон,chakula cha asubuhi,nouns,0.8
1529,дядя,mwanaume,nouns,2.3
1530,женщина,mwanaume,nouns,0.45
1531,гитара,gitaa,nouns,0.0
1532,операция,uendeshaji,nouns,0.0
1533,выбор,oni,nouns,1.35
1534,банка,chupa,nouns,0.95
1535,пыль,vumbi,nouns,0.85
1536,сильно,kwa nguvu,adverbs,0.2
1537,множественный,nyingi zaidi,adverbs,0.45
1538,печаль,huzuni,nouns,0.15
1539,небо,anga,nouns,0.25
1540,высказываться,kushiriki,verbs,0.35
1541,читатель,mtunzi,nouns,0.5
1542,ответственно,kwa kuwajibika,adverbs,2.15
1543,шквал,upepo mkali,nouns,4.2
1544,сбор пожертвований,mchango,nouns,0.1
1545,спускаться,teremka,verbs,0.6
1546,опасно,kwa uhatari,adverbs,0.1
1547,автомобиль,gari,nouns,3.2
1548,мать,baba,nouns,0.8
1549,широкий,mbivu,adjectives,0.0
1550,частный,faragha,adjectives,3.65
1551,стрела,lengo,nouns,0.85
1552,хаотично,kwa vurugu,adverbs,0.1
1553,захватить,kudaka,verbs,2.85
1554,коридор,mlango,nouns,0.6
1555,комбинатор,mweka mipango,nouns,2.15
1556,особняк,nyumba,nouns,0.25
1557,слон,ndovu,nouns,0.13
1558,искусственный,sio asili,adjectives,4.55
1559,логика,akili,nouns,2.65
1560,кровать,kiti,nouns,0.4
1561,стоять,kusimama,verbs,0.15
1562,правитель,mtawala,nouns,4.35
1563,записывать,kuchorachora,verbs,2.25
1564,делать,kuumba,verbs,4.45
1565,смешивать,kuchanganya,verbs,0.05
1566,отец,mzazi,nouns,3.9
1567,будка,simu,nouns,1.65
1568,щедро,kwa fadhili,adverbs,2.2
1569,религия,dini,nouns,1.05
1570,дух,mungu,nouns,2.15
1571,спасти,kuokoa,verbs,0.0
1572,печь,kuoka,verbs,1.55
1573,преступление,udanganyifu,nouns,2.5
1574,остров,kisiwa,nouns,0.77
1575,изучение флагов,elimu ya bendera,nouns,1.15
1576,слушать,kuelewa,verbs,0.6
1577,внимание,ufahamu,nouns,0.8
1578,обвинять,kutiachaji,verbs,0.45
1579,планета,sayari,nouns,2.95
1580,присутствие,mshindi,nouns,0.1
1581,строка,uzi,nouns,0.0
1582,преобразование,uongofu,nouns,0.0
1583,читать,kufahamu,verbs,0.9
1584,ложка,kikombe,nouns,0.75
1585,соль,maji,nouns,0.35
1586,тело,uti,nouns,0.85
1587,курятина,wali,nouns,0.4
1588,приобретать,kutafuta,verbs,0.7
1589,дело,kesi,nouns,0.2
1590,отчаяние,taabu,nouns,2.0
1591,джинн,jini,nouns,0.1
1592,проваливать,kukanya,verbs,0.25
1593,автострада,gari,nouns,0.8
1594,автомобиль,boti,nouns,0.65
1595,болезнь,homa,nouns,0.75
1596,тема,kitabu,nouns,0.5
1597,секулярист,mwanaisilamu,nouns,1.05
1598,вязание,krocheti,nouns,0.2
1599,расти,kupungua,verbs,0.05
1600,осуждать,laani,verbs,0.75
1601,разъедать,kumomonyoka,verbs,0.0
1602,горе,uchungu,nouns,2.05
1603,скрытный,mgeni,adjectives,0.65
1604,комната,mahabusu,nouns,0.9
1605,плечо,mkono,nouns,1.75
1606,шея,mkono,nouns,0.45
1607,омофон,nyumba ya nyumbani,nouns,0.1
1608,ксенофобия,ubaguzi,nouns,3.45
1609,говядина,nyama ya ng'ombe,nouns,2.9
1610,сумка,pochi,nouns,4.5
1611,сердце,upasuaji,nouns,0.7
1612,автомобиль,mtaa,nouns,0.4
1613,отговаривать,katisha tamaa,verbs,1.05
1614,боб,nyama ya nguruwe,nouns,0.2
1615,голова,kichwa,nouns,0.85
1616,озон,ozoni,nouns,2.2
1617,рассерженный,mkubwa sana,adjectives,0.25
1618,моряк,kapteni,nouns,1.85
1619,задача,mwanamke,nouns,0.05
1620,оружие,silaha,nouns,0.75
1621,получать,kuchukua,verbs,1.35
1622,журналист,mwanahabari,nouns,0.55
1623,чета,jozi,nouns,5.5
1624,исследовать,kuchunguza,verbs,5.35
1625,пилот,dereva,nouns,2.05
1626,кроватка,kitanda,nouns,4.65
1627,президент,uchafuzi,nouns,0.1
1628,мирно,kwa amani,adverbs,2.27
1629,ключ,funguo,nouns,1.05
1630,часы,saa,nouns,0.1
1631,сумочка,mfuko,nouns,4.5
1632,приобретать,kujiunga,verbs,0.15
1633,слово,kamusi,nouns,1.25
1634,сок,matofaa,nouns,1.0
1635,играть,kucheza,verbs,0.05
1636,забор,uzio,nouns,0.3
1637,пустяк,jukumu,nouns,0.05
1638,палуба,sakafu,nouns,0.7
1639,дерево,mbao,nouns,0.1
1640,безумный,ana wazimu,adjectives,5.55
1641,происходить,kugundua,verbs,0.15
1642,выступ,mlima,nouns,1.45
1643,похожий,sawasawa,adjectives,5.15
1644,выбирать,kuamua,verbs,1.95
1645,нарушение,uhalifu,nouns,3.65
1646,платье,gauni,nouns,0.35
1647,отстаивать,kulinda,verbs,4.4
1648,радостный,mwenye furaha,adjectives,4.6
1649,сезон,msimu wa baridi,nouns,2.3
1650,оставаться,kuondoka,verbs,0.05
1651,неправильный,kosa,adjectives,0.0
1652,носить,kupeleka,verbs,0.5
1653,незрелый,kutokomaa,adjectives,0.05
1654,утро,mchana,nouns,1.1
1655,шахматы,chess,nouns,2.3
1656,скромный,ana aibu,adjectives,0.25
1657,кисть,mguu,nouns,0.6
1658,тупой,mjinga,adjectives,3.9
1659,прекращать,kufanya,verbs,0.15
1660,якорь,boti,nouns,0.95
1661,шар,kuoga,nouns,0.0
1662,плохой,mbaya,adjectives,0.68
1663,ортодонт,daktari,nouns,2.45
1664,смеяться,kucheka,verbs,3.8
1665,обычно,kawaida,adverbs,0.03
1666,пальто,kofia,nouns,0.6
1667,теория,kemia,nouns,0.7
1668,низ,upande,nouns,0.5
1669,серьезный,makini,adjectives,0.05
1670,пляж,uwanda wa bahari,nouns,2.55
1671,пачка,sigara,nouns,0.45
1672,ружье,alfajiri,nouns,0.0
1673,ребенок,mtu mzima,nouns,0.55
1674,энергия,nishati,nouns,1.3
1675,закат,machweo,nouns,0.0
1676,ручка,kalamu,nouns,0.25
1677,крайняя плоть,govi,nouns,2.35
1678,бок,chini,nouns,0.5
1679,ездить,endesha,verbs,0.1
1680,оставаться,kudumisha,verbs,0.55
1681,ситуация,mazingira,nouns,1.9
1682,отрицание,kukiri,nouns,0.15
1683,структура,muundo,nouns,3.05
1684,птица,kuku,nouns,2.5
1685,великодушный,wa kirafiki,adjectives,2.6
1686,узнавать,kusikiliza,verbs,0.45
1687,морось,mvua,nouns,4.45
1688,большой,kubwa,adjectives,0.1
1689,плохой,mkubwa sana,adjectives,0.15
1690,телефон,simu,nouns,0.0
1691,соревноваться,kushindana,verbs,0.1
1692,счастливый,mchangamfu,adjectives,4.6
1693,ананас,nanasi,nouns,0.0
1694,монархия,ufalme,nouns,0.55
1695,ветер,upepo,nouns,4.2
1696,создавать,kutengeneza,verbs,1.65
1697,помогать,kufadhili,verbs,4.8
1698,курсор,mshale,nouns,0.1
1699,зима,msimu,nouns,2.3
1700,посылать,kuhudhuria,verbs,0.1
1701,выжимать,kuminya,verbs,0.1
1702,курица,ndege,nouns,2.5
1703,грязный,chafu,adjectives,1.05
1704,внимательно,kwa utaratibu,adverbs,0.1
1705,корень,nyasi,nouns,0.55
1706,наслаждаться,kuburudisha,verbs,3.05
1707,дуб,mpera,nouns,0.9
1708,петля,mkanda,nouns,1.2
1709,плохой,mbovu,adjectives,5.0
1710,банкир,mwanasheria,nouns,0.65
1711,завоевание,nyimbo,nouns,0.05
1712,бродить,kutangatanga,verbs,4.8
1713,трапеза,kiuno,nouns,0.0
1714,сад,mpira wa maji,nouns,0.45
1715,открыто,wazi,adverbs,0.25
1716,тычинка,stameni,nouns,1.8
1717,книга,taarifa,nouns,1.05
1718,беспорядок,vurugu,nouns,0.1
1719,изготовитель,muumbaji,nouns,4.55
1720,огромный,mkubwa sana,adjectives,5.2
1721,работник,kamera,nouns,0.25
1722,пузырь,mapovu,nouns,1.6
1723,монета,sarafu,nouns,1.2
1724,новый,ya zamani,adjectives,0.15
1725,мускул,mfupa,nouns,0.55
1726,сахарный тростник,muwa,nouns,0.1
1727,спор,ukosoaji,nouns,0.9
1728,море,ziwa,nouns,2.3
1729,гонорар,malipo,nouns,4.3
1730,работодатель,mfanyakazi,nouns,0.8
1731,откладывать,kuhairisha,verbs,0.7
1732,актер,mwigaji,nouns,0.35
1733,дешевый,rahisi,adjectives,2.5
1734,двигаться,kutoka,verbs,0.05
1735,занимать,kutaka,verbs,0.3
1736,умножать,kujumlisha,verbs,0.5
1737,тема,hadithi,nouns,0.45
1738,загробный мир,kuzimu,nouns,1.65
1739,гордость,furaha,nouns,0.85
1740,приветствовать,kukutana,verbs,1.45
1741,конечно,hakika,adverbs,1.57
1742,недавно,hivi majuzi,adverbs,3.45
1743,серьезно,kwa umakini,adverbs,2.4
1744,полковник,daktari wa meno,nouns,0.05
1745,скромный,pole,adjectives,1.5
1746,молоко,juisi,nouns,0.4
1747,разрушать,kujenga,verbs,0.05
1748,печень,pafu,nouns,0.6
1749,форма,sare,nouns,0.2
1750,муж,mke,nouns,0.55
1751,цензура,udhibiti,nouns,0.5
1752,неестественно,si asili,adverbs,0.28
1753,обвинять,laumu,verbs,4.65
1754,домой,nyumbani,adverbs,0.1
1755,обычно,zaidi,adverbs,2.15
1756,кожа,ngozi,nouns,0.0
1757,пушка,bunduki,nouns,1.9
1758,отекать,dondoka,verbs,0.45
1759,приносить,kutuma,verbs,0.2
1760,психология,sayansi,nouns,2.05
1761,карниз,pazia,nouns,0.45
1762,задание,jukumu,nouns,3.8
1763,довольный,ana hasira,adjectives,0.05
1764,стена,tofali,nouns,1.4
1765,разум,akili,nouns,0.6
1766,уничтожить,haribu,verbs,1.2
1767,примечание,kumbuku,nouns,0.45
1768,напоминать,kumbusha,verbs,0.75
1769,камень,jiwe,nouns,0.1
1770,шалость,bunduki,nouns,0.1
1771,дружелюбный,mkarimu,adjectives,2.6
1772,ванна,gogo,nouns,0.0
1773,угождать,kuburudisha,verbs,0.3
1774,входить,kuondoka,verbs,0.05
1775,наставник,msaidizi,nouns,1.35
1776,перчатка,mpira,nouns,0.75
1777,назначать,kupata,verbs,0.3
1778,миска,sahani,nouns,3.2
1779,изучать,kufuatilia,verbs,3.35
1780,домик,kambi,nouns,0.85
1781,великолепный,mbaya,adjectives,0.05
1782,квартира,nyumba,nouns,4.05
1783,символ,ishara,nouns,1.25
1784,мощь,nguvu,nouns,4.0
1785,проход,mlango wa kutoka,nouns,2.4
1786,молиться,kuwasiliana,verbs,0.3
1787,смертельно,hatari sana,adverbs,0.1
1788,рукопись,muswada,nouns,1.7
1789,мягко,kwa ulaini,adverbs,0.05
1790,предрешать,kukuifungia,verbs,0.0
1791,помощница,mfanyakazi wa nyumbani,nouns,3.45
1792,становиться,kupanga,verbs,0.25
1793,трапеза,karamu,nouns,3.3
1794,трапеза,chakula cha usiku,nouns,3.5
1795,дерзкий,wa kujivunia,adjectives,0.8
1796,дверь,mlangoni,nouns,3.25
1797,почка,kiungo,nouns,2.3
1798,дочь,mtoto mchanga,nouns,1.0
1799,цитоплазма,cytoplasm,nouns,0.0
1800,уходящий,inayotoka,adjectives,0.2
1801,горло,ulimi,nouns,1.0
1802,горло,pua,nouns,0.7
1803,лазить,kupanda,verbs,0.35
1804,автомобиль,njia kuu,nouns,0.8
1805,первый,juu,adjectives,0.0
1806,сплав,aloyi,nouns,1.4
1807,мебель,fleti,nouns,0.5
1808,мечта,ndoto,nouns,0.25
1809,понимать,kusikiliza,verbs,0.6
1810,брать,kurithi,verbs,1.35
1811,пропитывать,kulowesha,verbs,0.0
1812,предупреждать,onya,verbs,0.2
1813,подтверждать,kusema,verbs,0.35
1814,скучный,wa kuchekesha,adjectives,0.1
1815,иногда,mara chache,adverbs,0.45
1816,идти,kuingia,verbs,0.6
1817,беспорядочный,chafu,adjectives,0.45
1818,зарядное устройство,chaja,nouns,0.6
1819,легенда,hadithi,nouns,0.3
1820,понять,kuelewa,verbs,3.2
1821,тело,mwili,nouns,0.38
1822,крикет,kriketi,nouns,0.0
1823,ловить,kamata,verbs,0.65
1824,платформа,chombo,nouns,0.05
1825,спрашивать,ulizia,verbs,1.5
1826,жена,senti,nouns,0.0
1827,получать,kufaida,verbs,1.65
1828,необычный,mgeni,adjectives,4.1
1829,унижать,kuaibisha,verbs,0.05
1830,окно,dirisha,nouns,0.5
1831,нерешительный,sitasita,adjectives,0.05
1832,воздух,molekuli,nouns,0.65
1833,спокойно,kiutulivu,adverbs,0.0
1834,широкий,mwembamba,adjectives,0.1
1835,слеза,jicho,nouns,1.2
1836,ценный,yenye thamani,adjectives,2.35
1837,преступление,kosa,nouns,3.65
1838,мальчик,mtoto,nouns,1.75
1839,старый,zamani,adjectives,0.0
1840,книга,mada,nouns,0.6
1841,деньги,mshahara,nouns,2.9
1842,волшебник,mchawi,nouns,0.0
1843,неудачно,kwa ubaya,adverbs,0.0
1844,обижать,kukashifu,verbs,3.15
1845,диск,diski,nouns,0.6
1846,программа,mradi,nouns,0.25
1847,университет,chuo kikuu,nouns,0.75
1848,автомобиль,daraja,nouns,0.25
1849,пристыженный,kua na aibu,adjectives,0.0
1850,поэт,mshairi,nouns,0.55
1851,церковь,kwaya,nouns,1.4
1852,мотель,hoteli,nouns,3.25
1853,жесткий,ngumu,adjectives,0.15
1854,получать,kupa,verbs,0.35
1855,человек,mnyama,nouns,0.65
1856,палуба,boti,nouns,0.95
1857,сжиматься,kukua,verbs,0.05
1858,одежда,koti,nouns,2.2
1859,другой,wengine,adjectives,0.6
1860,фильм,filamu,nouns,0.0
1861,яблоко,mwanga wa jua,nouns,0.05
1862,победа,fora,nouns,4.1
1863,сумма,jumla,nouns,1.8
1864,фотоаппарат,mfanyakazi,nouns,0.25
1865,календарь,kalenda,nouns,0.45
1866,запад,kaskazini,nouns,0.3
1867,давать,kujua,verbs,0.2
1868,глава,meya,nouns,2.5
1869,утес,kilima,nouns,2.8
1870,анализировать,kuchambua,verbs,3.85
1871,брат,kaka,nouns,1.55
1872,критиковать,kupinga,verbs,0.63
1873,жена,tundu,nouns,0.0
1874,преуспевать,kufeli,verbs,0.05
1875,продавать,kwenda,verbs,0.4
1876,крупный,mkubwa,adjectives,4.55
1877,хладнокровие,matumbo,nouns,1.05
1878,день,alfajiri,nouns,1.1
1879,вешать,kuweka,verbs,0.3
1880,организовывать,kuwa,verbs,0.25
1881,звезда,nyota,nouns,2.1
1882,терминально,mwisho,adverbs,0.25
1883,платеж,ada,nouns,4.3
1884,небо,jua,nouns,1.05
1885,включать,kumhusisha,verbs,2.9
1886,сиять,kuangaza,verbs,4.0
1887,риф,ufuko,nouns,0.75
1888,мышь,chombo,nouns,0.0
1889,бог,roho,nouns,2.15
1890,водитель,rubani,nouns,2.05
1891,избирательное право,haki ya upigaji kura,nouns,0.0
1892,песок,mchanga,nouns,0.0
1893,говорить,kuhakikisha,verbs,0.35
1894,фотоаппарат,lenzi,nouns,1.6
1895,животное,mtu,nouns,0.65
1896,пруток,zizi,nouns,0.5
1897,яркость,nuru,nouns,2.1
1898,идти,kutuma,verbs,0.1
1899,скрипка,fidia,nouns,0.45
1900,действительно,kweli,adverbs,1.4
1901,задача,kazi,nouns,3.8
1902,сгибание,inflection,nouns,0.75
1903,главная плата,bodi kuu,nouns,4.1
1904,закат,macheo,nouns,1.25
1905,квартира,fanicha,nouns,0.5
1906,игнорировать,kuondoka,verbs,0.35
1907,сохранить,kubakisha,verbs,1.75
1908,собака,paka,nouns,0.4
1909,дышать,kukaba,verbs,0.3
1910,пол,paa,nouns,0.35
1911,плечо,kichwa,nouns,0.7
1912,знать,kusahau,verbs,0.1
1913,странный,wa kigeni,adjectives,4.1
1914,эссе,kitabu,nouns,1.1
1915,захватить,kushika,verbs,0.0
1916,глубина,ukubwa,nouns,1.05
1917,желудок,kiuno,nouns,0.75
1918,ехать,endesha,verbs,0.05
1919,изучать,kuchambua,verbs,1.5
1920,культура,utamaduni,nouns,1.15
1921,ум,ujinga,nouns,0.45
1922,яблоко,mpangilio wa chakula,nouns,0.35
1923,подчиниться,kutii,verbs,0.1
1924,счастливый,mchanga,adjectives,0.2
1925,узкий,mpana,adjectives,0.1
1926,злость,ghadhabu,nouns,4.6
1927,ортодонт,mtaalamu wa meno,nouns,4.85
1928,продолжение,mwendelezo,nouns,0.0
1929,кошка,panya,nouns,0.45
1930,счастливый,wa ghadhabu,adjectives,0.15
1931,тратить,kuokoa,verbs,0.25
1932,дерево,mti,nouns,0.3
1933,чип,kibanzi,nouns,0.1
1934,маис,mahindi,nouns,3.6
1935,салат,mpangilio wa chakula,nouns,0.6
1936,башня,kengele,nouns,0.55
1937,толкать,kusukuma,verbs,0.0
1938,холодный,baridi,adjectives,0.0
1939,колыбель,kitanda cha mtoto,nouns,3.6
1940,выбирать,kutaka,verbs,0.8
1941,коттедж,kibanda,nouns,4.2
1942,шляпа,sanduku,nouns,0.3
1943,истерика,ghasia,nouns,1.35
1944,иногда,muda mwingine,adverbs,0.1
1945,родитель,mtu mzima,nouns,2.2
1946,отец,mwanaume,nouns,2.05
1947,нуждаться,kuandaa,verbs,0.1
1948,готовить,kupika,verbs,0.07
1949,верх,chini,nouns,0.25
1950,отрицать,kukana,verbs,0.95
1951,маскировать,kuficha,verbs,3.05
1952,клен,mti,nouns,3.05
1953,наука,saikolojia,nouns,2.05
1954,цент,mke,nouns,0.0
1955,провал,ukosefu,nouns,3.45
1956,снег,hali ya hewa,nouns,0.85
1957,оставаться,kubaki,verbs,1.25
1958,воздухоплавание,aeronauts,nouns,0.85
1959,кость,kifundo cha mguu,nouns,1.5
1960,верить,kuamini,verbs,0.7
1961,ночь,sura,nouns,0.0
1962,кровь,uboho,nouns,0.6
1963,подбодрять,kukanya,verbs,0.15
1964,правительство,serikali,nouns,0.0
1965,верить,kukubali,verbs,1.55
1966,библия,kitabu,nouns,2.2
1967,притворяться,jifanya,verbs,2.7
1968,код,alama,nouns,1.5
1969,кривой,isiyonyooka,adjectives,5.1
1970,пшеница,nafaka,nouns,2.65
1971,пирог,chokoleti,nouns,0.85
1972,скромный,mnyenyekevu,adjectives,0.2
1973,слышать,kuzungumza,verbs,0.35
1974,пестицид,dawa ya wadudu,nouns,0.85
1975,уксус,saladi,nouns,0.4
1976,пояс,kitanzi,nouns,1.2
1977,задолжать,kuingia,verbs,0.0
1978,эпоха,miaka kumi,nouns,0.8
1979,сейчас,sasahivi,adverbs,1.3
1980,карандаш,penseli,nouns,0.0
1981,комната,chumba,nouns,0.85
1982,обычный,mara kwa mara,adjectives,0.05
1983,толпа,kikundi,nouns,4.1
1984,профессор,daktari,nouns,1.2
1985,читать,kusoma,verbs,0.0
1986,противоположный,kinyume,adjectives,0.4
1987,мешать,kunyanyasa,verbs,2.6
1988,семя,mbegu,nouns,0.6
1989,безопасный,lindwa,adjectives,0.0
1990,монастырь,monasteri,nouns,0.0
1991,мальчик,mwanajeshi,nouns,0.6
1992,аэропорт,ndege,nouns,1.4
1993,пара,vitu viwili,nouns,5.5
1994,нерв,mwili,nouns,0.7
1995,падать,kuanguka,verbs,1.5
1996,упрямый,msumbufu,adjectives,0.8
1997,область,kona,nouns,0.25
1998,мужчины,undugu,nouns,0.6
1999,писатель,msomaji,nouns,0.5
2000,задача,majani makavu,nouns,0.05
2001,происходить,kuanza,verbs,0.65
2002,пастбище,uwanda wenye majani,nouns,2.05
2003,создавать,kuwazia,verbs,0.25
2004,подобный,sawa,adjectives,5.15
2005,советовать,kupendekeza,verbs,4.5
2006,сила тяжести,mvuto,nouns,0.1
2007,перспектива,mtazamo,nouns,0.4
2008,сумасшедший,mgonjwa,adjectives,0.95
2009,жена,kuoga,nouns,0.0
2010,скучный,zorota,adjectives,0.05
2011,вонять,kutoa harufu,verbs,1.05
2012,вера,maadili,nouns,0.65
2013,отбивать,kupiga,verbs,0.4
2014,страница,neno,nouns,0.45
2015,спотыкаться,kujikwaa,verbs,1.5
2016,реалистично,kihalisia,adverbs,0.55
2017,игнорировать,kuuliza,verbs,0.05
2018,наставник,rafiki,nouns,1.15
2019,удобрение,samadi,nouns,0.15
2020,кость,shingo,nouns,0.45
2021,штурман,rubani msaidizi,nouns,0.5
2022,радиатор,radiator,nouns,0.5
2023,острый,ncha kali,adjectives,0.05
2024,актриса,mchezaji,nouns,3.3
2025,нерешительный,kuwa yumba,adjectives,0.5
2026,жена,majani makavu,nouns,0.0
2027,ругаться,kulalamika,verbs,0.85
2028,ужин,chakula cha asubuhi,nouns,0.4
2029,штат сотрудников,wafanyakazi,nouns,0.15
2030,агрессивный,kua na hasira,adjectives,0.05
2031,собака,farasi,nouns,0.35
2032,принцесса,mtoto mke wa mfalme,nouns,0.0
2033,презирать,kuchukia,verbs,0.45
2034,душ,shower,nouns,0.0
2035,кость,goti,nouns,0.8
2036,пристыженный,mwenye kiasi,adjectives,0.25
2037,обычный,tofauti,adjectives,0.1
2038,пиво,kinywaji,nouns,3.05
2039,самолет,uwanja wa ndege,nouns,1.4
2040,ноготь,kidole gumba,nouns,1.35
2041,ненужный,lazima,adjectives,0.1
2042,прыжки,kuruka,nouns,0.3
2043,болезнь,ugonjwa wa kuambukiza ,nouns,3.5
2044,дрожать,kutetemeka,verbs,0.75
2045,список,orodha,nouns,0.9
2046,легкий,ana shida,adjectives,0.1
2047,завтрак,chakula cha usiku,nouns,0.4
2048,монах,mtawa,nouns,0.8
2049,твердый,imara,adjectives,2.9
2050,футбол,burudani,nouns,1.0
2051,мускул,mkono,nouns,0.7
2052,судить,kuhukumu,verbs,2.1
2053,сестра,dada,nouns,1.55
2054,гордый,mwenye nguvu,adjectives,0.55
2055,кипячёный,chemshwa,adjectives,3.3
2056,автомобиль,teksi,nouns,3.55
2057,астрономический,unajimu,adjectives,0.4
2058,женщина,mwanamke,nouns,0.15
2059,совпадение,mapatano,nouns,0.0
2060,покидать,kuondoka,verbs,0.03
2061,посылка,furushi,nouns,0.15
2062,тащить,kuvuta,verbs,0.8
2063,дом,jimbo,nouns,0.35
2064,спутывать,kuchanganya,verbs,0.0
2065,экосистема,mfumo wa ikolojia,nouns,0.5
2066,необычный,wa kawaida,adjectives,0.1
2067,сессия,kikao,nouns,0.15
2068,свет,mwanga,nouns,0.0
2069,стараться,kujitahidi,verbs,0.0
2070,область,kanda,nouns,4.25
2071,хранить,kumiliki,verbs,1.0
2072,металл,chuma,nouns,2.25
2073,смартфон,simu mahiri,nouns,0.0
2074,каденция,uharamia,nouns,0.15
2075,биология,viungo,nouns,0.95
2076,смеяться,kucheka,verbs,0.05
2077,добиваться,kushawishi,verbs,0.85
2078,ждать,kusubiri,verbs,1.25
2079,дерево,karatasi,nouns,0.55
2080,толкать,kusukuma,verbs,0.8
2081,продаваться,kuuza,verbs,0.4
2082,мэр,mkuu,nouns,2.5
2083,удивительно,kwa kushangaza,adverbs,3.7
2084,подозреваемый,mshukiwa,nouns,0.1
2085,увядать,kufifia,verbs,0.55
2086,первоначально,ya uhalisia,adverbs,0.65
2087,выручать,okoa,verbs,4.55
2088,ремесло,kazi za mikono,nouns,0.35
2089,аэропорт,uwanja wa ndege,nouns,0.0
2090,бекон,maharagwe,nouns,0.2
2091,автомобиль,honi,nouns,0.75
2092,велосипед,baiskeli,nouns,0.0
2093,роман,wasifu,nouns,0.95
2094,привлекать,kuvutia,verbs,0.0
2095,иногда,mara nyingine,adverbs,0.48
2096,исполнитель,mwigizaji,nouns,0.8
2097,прекращать,kuanza,verbs,0.1
2098,авионики,umeme wa ndege,nouns,0.85
2099,знать,kupa,verbs,0.2
2100,братство,wanaume,nouns,0.6
2101,мельница,koboa,nouns,0.6
2102,мораль,adili,nouns,0.3
2103,потерпевший,mwathirika,nouns,0.0
2104,довольно,kwa haki,adverbs,0.15
2105,липкий,kunata,adjectives,1.05
2106,окно,dirisha,nouns,0.2
2107,яблоко,malimau,nouns,0.6
2108,груженный,mzito,adjectives,2.15
2109,обмен,ubadilishaji,nouns,0.45
2110,распечатать,kuchapisha,verbs,0.0
2111,сохранять,kushindwa,verbs,0.05
2112,убеждать,kushawishi,verbs,0.25
2113,простой,ngumu,adjectives,0.05
2114,мех,mwanamke,nouns,0.2
2115,эпизод,sehemu,nouns,1.65
2116,взрослый,umekua,adjectives,0.05
2117,бутерброд,nyama,nouns,0.6
2118,миллионер,milionea,nouns,1.35
2119,рыдать,kutoa machozi,verbs,4.85
2120,безнравственный,mbaya,adjectives,2.25
2121,клен,mnazi,nouns,0.9
2122,статистика,takwimu,nouns,0.0
2123,самообладание,daktari,nouns,0.15
2124,мир,amani,nouns,0.4
2125,конец,sura,nouns,0.1
2126,любезно,kiupole,adverbs,2.2
2127,инновационный,bunifu,adjectives,3.5
2128,язык,misuli,nouns,0.55
2129,надежно,kwa kuaminika,adverbs,2.15
2130,лодка,meli,nouns,0.3
2131,факультет,sheria,nouns,0.45
2132,примечание,noti,nouns,0.55
2133,воспользоваться,kamata,verbs,1.3
2134,марка,ishara,nouns,0.0
2135,галакси,giligili,nouns,0.3
2136,суть,ukweli,nouns,2.5
2137,подчиняться,kusikiliza,verbs,1.75
2138,форма,njia,nouns,1.05
2139,любезно,kwa ukarmu,adverbs,0.3
2140,дар,zawadi,nouns,0.4
2141,кровь,damu,nouns,0.6
2142,детский сад,shule ya mapema,nouns,5.5
2143,испуганный,kua na uoga,adjectives,0.35
2144,собирать,kukusanya,verbs,2.2
2145,отделка,ukuta,nouns,0.7
2146,украшение,mapambo,nouns,0.1
2147,конвенция,kusanyiko,nouns,0.6
2148,тупой,mjanja,adjectives,0.15
2149,мебель,kitanda,nouns,2.7
2150,тяжелый,bila jasho,adjectives,0.05
2151,вознаграждение,thawabu,nouns,4.0
2152,соглашение,makubaliano,nouns,4.9
2153,ирис,boriti,nouns,0.0
2154,предсказывать,kubainisha,verbs,0.75
2155,фехтование,uzio,nouns,0.2
2156,палуба,panya,nouns,0.4
2157,расслабленный,kupumzika,adjectives,0.95
2158,платить,kulipa,verbs,0.95
2159,соглашаться,kukana,verbs,0.1
2160,стипендия,ufadhili wa elimu,nouns,1.35
2161,словарь,neno,nouns,1.25
2162,полагаться,tegemea,verbs,0.65
2163,образ жизни,mtindo wa maisha,nouns,1.2
2164,книга,dhima,nouns,0.4
2165,двигатель,mota,nouns,4.85
2166,завтрак,nyama ya nguruwe,nouns,0.8
2167,душить,kuziba,verbs,0.0
2168,способность,ustadi,nouns,3.4
2169,мозаика,mosaic,nouns,0.2
2170,гитара,gita,nouns,0.45
2171,величина,saizi,nouns,4.8
2172,улица,gari,nouns,0.4
2173,шоколад,keki,nouns,0.85
2174,способность,ustadi,nouns,2.55
2175,метр,yadi,nouns,2.35
2176,желудок,chumba cha kulala,nouns,0.0
2177,день,asubuhi,nouns,1.1
2178,часто,mara nyingi,adverbs,0.05
2179,дантист,daktari wa meno,nouns,4.85
2180,обезьяна,nyani,nouns,0.0
2181,работа,menejimenti,nouns,0.95
2182,здание,jengo,nouns,0.85
2183,колледж,weledi,nouns,0.7
2184,прямой,nyooka,adjectives,0.15
2185,механический,a kifundi,adjectives,0.15
2186,просто,kirahisi,adverbs,0.65
2187,армия,jeshi la wanamaji,nouns,3.15
2188,ненормальный,wa kawaida,adjectives,0.2
2189,друг,mwalimu,nouns,1.15
2190,благоразумно,kwa usiri,adverbs,0.4
2191,разрушать,kutengeneza,verbs,0.1
2192,роман,simulizi,nouns,0.7
2193,валюта,sarafu,nouns,0.23
2194,переводчик,mtafsiri,nouns,0.35
2195,слава,utajiri,nouns,0.6
2196,дочь,kijana,nouns,1.45
2197,интеллектуальный,ana akili,adjectives,2.9
2198,пчела,sisimizi,nouns,0.5
2199,телескоп,darubini,nouns,0.0
2200,добавлять,kuunda,verbs,0.35
2201,собор,kanisa kuu,nouns,4.05
2202,луна,sayari,nouns,1.85
2203,дверь,kengele,nouns,0.65
2204,общение,lugha,nouns,1.8
2205,литература,neno,nouns,0.85
2206,узкий,nyembamba,adjectives,0.0
2207,биология,biolojia,nouns,0.65
2208,ночь,alfajiri,nouns,0.4
2209,пол,dari,nouns,0.4
2210,богатство,umasikini,nouns,0.25
2211,орава,umati,nouns,4.1
2212,стекло,glasi,nouns,0.0
2213,мужчина,mjomba,nouns,2.3
2214,колено,mkono,nouns,0.55
2215,продавать,kuazima,verbs,0.05
2216,книга,fasihi,nouns,2.2
2217,граница,mpaka,nouns,4.25
2218,лимон,chai,nouns,0.55
2219,джин,kileo,nouns,2.3
2220,ветка,shina,nouns,0.15
2221,комфорт,usalama,nouns,0.75
2222,подъемник,gari,nouns,0.75
2223,критично,kwa uweledi,adverbs,0.55
2224,работник,makanika,nouns,1.7
2225,нечестный,si mwaminifu,adjectives,0.05
2226,учитель,mwalimu,nouns,1.0
2227,человек,mshindi,nouns,0.45
2228,авария,ajali,nouns,0.0
2229,мускул,ulimi,nouns,0.55
2230,умолять,kujipendekeza,verbs,0.7
2231,в восторге,sisimka,adjectives,0.35
2232,проницательность,akili,nouns,2.3
2233,язык,mawasiliano,nouns,1.8
2234,покидать,kubaki,verbs,0.05
2235,вина,kosa,nouns,0.05
2236,сторонник,msaidizi,nouns,0.0
2237,общество,jamii,nouns,1.15
2238,шум,sauti,nouns,4.6
2239,младенец,mtu mzima,nouns,0.5
2240,снег,dhoruba,nouns,0.6
2241,яблоко,sosi,nouns,0.55
2242,механически,kwa ustadi,adverbs,0.35
2243,угадывать,kubuni,verbs,0.0
2244,кровать,chumba cha kulala,nouns,1.3
2245,убежище,kibanda,nouns,1.1
2246,поднимать,nyanyua,verbs,0.8
2247,саженец,miche,nouns,1.05
2248,подавлять,kukandamiza,verbs,0.4
2249,ритм,hesabu,nouns,0.1
2250,давать,kuazima,verbs,0.85
2251,отрекаться,kutelekeza,verbs,0.05
2252,факт,umaizi,nouns,2.5
2253,сообразительный,mpumbavu,adjectives,0.2
2254,человек,mwanaume,nouns,0.1
2255,занимать,kuweka,verbs,0.15
2256,мужчина,baba,nouns,2.05
2257,крупный,nama,adjectives,0.15
2258,такси,gari,nouns,3.55
2259,углерод,atomu,nouns,1.2
2260,трон,kiti cha enzi,nouns,0.1
2261,овца,mwanakondoo,nouns,3.4
2262,средний,wastani,adjectives,0.85
2263,посылать,kwenda,verbs,0.1
2264,пить,kunywa,verbs,0.05
2265,ярд,mita,nouns,2.35
2266,еженедельный,kwa wiki,adjectives,0.15
2267,загрязнение,angahewa,nouns,0.5
2268,хороший,sawa,adjectives,0.7
2269,принимать,kusamehe,verbs,0.9
2270,после,baada ya,adverbs,0.05
2271,овёс,ngano,nouns,0.5
2272,тяжелый,rahisi,adjectives,0.25
2273,койка,hospitali,nouns,0.7
2274,прекрасный,wa kutisha,adjectives,0.05
2275,украсть,iba,verbs,0.2
2276,игрок в боулинг,bowler,nouns,2.15
2277,загрязнение,rais,nouns,0.1
2278,пуговица,nguo,nouns,0.95
2279,идея,picha,nouns,1.4
2280,клавиатура,kibodi,nouns,0.0
2281,завершать,kuamua,verbs,0.75
2282,перезахоронения,zika upya,nouns,1.5
2283,такси,teksi,nouns,3.55
2284,безопасность,starehe,nouns,0.75
2285,судно,gari,nouns,0.65
2286,естественно,kwa uhalisia,adverbs,0.35
2287,символ,msimbo,nouns,1.5
2288,мишень,mshale,nouns,0.85
2289,зона,eneo,nouns,4.25
2290,ступня,mguu,nouns,0.0
2291,лыжи,skiing,nouns,2.2
2292,сумасшедший,ana kichaa,adjectives,5.55
2293,цветок,imani,nouns,0.1
2294,фотофон,picha,nouns,0.1
2295,предсказывать,kutabiri,verbs,1.05
2296,выносливость,ua,nouns,0.0
2297,коро́ва,mifugo,nouns,0.2
2298,ванна,chumba,nouns,0.8
2299,продвигаться,kusogea,verbs,0.65
2300,гибкий,rahisi kubadilika,adjectives,0.9
2301,олово,chuma,nouns,1.35
2302,начинаться,kufungua,verbs,1.9
2303,независимо,kwa kujitegemea,adverbs,0.5
2304,неизвестный,haijafichuliwa,adjectives,0.3
2305,размер,senti,nouns,0.35
2306,братство,baseball,nouns,0.3
2307,солнце,anga,nouns,1.05
2308,достигать,kufanikiwa,verbs,2.8
2309,трудный,rahisi,adjectives,0.13
2310,общество,klabu,nouns,1.2
2311,рожок,ngoma,nouns,0.45
2312,сахароза,sukrosi,nouns,1.6
2313,тонко,kijanja,adverbs,0.0
2314,лодка,mota,nouns,1.45
2315,сокол,kozi,nouns,0.8
2316,напуганный,ogopa,adjectives,0.5
2317,занимать,kuuza,verbs,0.05
2318,петь,kuimba,verbs,0.05
2319,бисквит,biskuti,nouns,0.0
2320,кинолента,sinema,nouns,4.45
2321,купить,kununua,verbs,1.8
2322,расстроенный,kasirika,adjectives,0.45
2323,корица,mdalasini,nouns,0.35
2324,плохой,poa,adjectives,0.05
2325,фантастически,kimaajabu,adverbs,3.7
2326,развитие,maendeleo,nouns,0.1
2327,матрица,areyi,nouns,0.9
2328,информация,habari,nouns,0.05
2329,солнце,matofaa,nouns,0.05
2330,бить,kupiga,verbs,0.05
2331,напряжённый,kusisitiza,adjectives,0.05
2332,ужин,supu,nouns,0.7
2333,ярд,inchi,nouns,1.55
2334,электрический,chenye umeme,adjectives,0.15
2335,босс,bosi,nouns,4.25
2336,одежда,kifungo,nouns,0.95
2337,умолять,kusihi,verbs,4.4
2338,клубника,strouberi,nouns,1.35
2339,недорогой,rahisi,adjectives,5.2
2340,товарищ,mvulana,nouns,1.0
2341,минимально,mara kwa mara,adverbs,0.2
2342,исчезать,kutoweka,verbs,5.35
2343,уменьшить,kupunguza,verbs,0.0
2344,абзац,ukurasa,nouns,0.45
2345,грохот,kelele,nouns,4.6
2346,исследовать,kupuuza,verbs,0.05
2347,промышленность,biashara,nouns,1.65
2348,печальный,wa kuchekesha,adjectives,0.05
2349,деликатно,kwa uangalifu,adverbs,0.0
2350,расизм,ubaguzi wa rangi,nouns,3.45
2351,стул,kitanda,nouns,0.4
2352,полиэстер,pamba,nouns,0.2
2353,прогноз,utabiri,nouns,0.75
2354,лёд,barafu,nouns,3.1
2355,приносить,kubeba,verbs,2.25
2356,раввин,mwalimu,nouns,1.3
2357,уничтожить,kuharibu,verbs,0.0
2358,кровь,damu,nouns,0.65
2359,обвинять,kushtaki,verbs,0.1
2360,кисть,ukucha,nouns,0.9
2361,дверь,dirisha,nouns,0.85
2362,дверь,lango,nouns,4.35
2363,ум,hekima,nouns,3.7
2364,изогнутый,yenye pindo,adjectives,0.05
2365,белок,protini,nouns,0.15
2366,рука,misuli,nouns,0.7
2367,норка,manyoya,nouns,2.4
2368,соединение,shirikisho,nouns,2.35
2369,зонтик,mwamvuli,nouns,0.0
2370,политик,rais,nouns,2.65
2371,мука,huzuni,nouns,2.05
2372,шея,uti,nouns,0.9
2373,конь,farasi wa kiume,nouns,3.25
2374,слышать,kusikia,verbs,1.15
2375,выбор,mshipa,nouns,0.05
2376,жестокий,mwema,adjectives,0.05
2377,невеста,bwana arusi,nouns,0.8
2378,фальшивый,bandia,adjectives,4.55
2379,книга,insha,nouns,1.1
2380,опекун,mtu mzima,nouns,1.65
2381,лифт,sanduku,nouns,0.35
2382,тело,mkono,nouns,1.5
2383,голова,bega,nouns,0.7
2384,сохранять,kulinda,verbs,1.05
2385,король,mfalme,nouns,4.35
2386,очевидно,ni wazi,adverbs,0.08
2387,солома,nyimbo,nouns,0.0
2388,одалживать,kudaiwa,verbs,0.9
2389,приобретать,kupata,verbs,1.28
2390,курс,tendo,nouns,0.55
2391,ацетилхолин,acetylcholine,nouns,0.0
2392,метель,theluji kali,nouns,0.65
2393,верх,upande,nouns,0.45
2394,потолок,kanisa kuu,nouns,0.25
2395,медбрат,mwanasayansi,nouns,0.2
2396,мышка,paka,nouns,0.45
2397,вполне,kwa uzima,adverbs,0.3
2398,право,maadili,nouns,0.9
2399,гостиница,hosteli,nouns,3.25
2400,приветствовать,kutoa heshima,verbs,0.6
2401,равномерно,sawa,adverbs,0.05
2402,сноровка,mchezo,nouns,0.7
2403,ужасный,mbaya,adjectives,5.0
2404,понимать,kuridhisha,verbs,0.2
2405,посещать,kuhudhuria,verbs,0.0
2406,странно,ya kustajabisha,adverbs,4.15
2407,значение,thamani,nouns,0.55
2408,отец,mama,nouns,0.8
2409,определять,kutabiri,verbs,0.75
2410,государство,nyumba,nouns,0.35
2411,побеждать,kutawala,verbs,1.55
2412,выселять,kufukuza,verbs,0.55
2413,кролик,paka,nouns,0.35
2414,радар,rada,nouns,0.55
2415,джин,wiski,nouns,2.25
2416,телевидение,mawasiliano,nouns,1.75
2417,угол,tao,nouns,2.05
2418,базилика,basilika,nouns,0.2
2419,завод,gari,nouns,0.25
2420,страус,mbuni,nouns,0.0
2421,тонко,kwa ujanja,adverbs,0.0
2422,философ,mphilisophia,nouns,0.0
2423,планета,mwezi,nouns,1.85
2424,убежище,bandari,nouns,0.1
2425,предсказывать,kudhani,verbs,2.6
2426,тренер,kocha,nouns,0.9
2427,сотрудничать,kushiriki,verbs,2.7
2428,обучение,ada,nouns,1.35
2429,море,bahari,nouns,0.68
2430,синтаксис,sintaksia,nouns,0.5
2431,позволять,kwenda,verbs,0.1
2432,погода,hali ya hewa,nouns,0.65
2433,датчик,sensa,nouns,0.5
2434,отец,kaka,nouns,0.55
2435,кардиган,fulana,nouns,1.25
2436,рука,shingo,nouns,0.45
2437,линза,kamera,nouns,1.6
2438,восстанавливать,kubadilisha,verbs,0.75
2439,профессия,chuo,nouns,0.7
2440,сообразительный,hodari,adjectives,2.9
2441,профессор,mwanafunzi,nouns,0.65
2442,схватывать,kufahamu,verbs,1.88
2443,заниматься,kupeleleza,verbs,3.35
2444,одеяло,kitanda,nouns,1.25
2445,определить,kutambulisha,verbs,0.1
2446,псалом,ushindi,nouns,0.05
2447,мощный,mwenye nguvu,adjectives,0.15
2448,привычка,namna,nouns,4.15
2449,мальчик,wali,nouns,0.0
2450,город,jiji,nouns,4.05
2451,думать,kujaribu,verbs,0.15
2452,диаграмма,chati,nouns,3.5
2453,напоминать,kuuza,verbs,0.05
2454,искренне,kwa ukweli,adverbs,0.3
2455,расстраивать,kufadhaisha,verbs,1.05
2456,легкий,rahisi,adjectives,0.15
2457,здесь,papa hapa,adverbs,1.3
2458,ракетка,raketi,nouns,0.9
2459,ящик,nguo,nouns,0.7
2460,частный,binafsi,adjectives,0.0
2461,бревно,kuni,nouns,3.55
2462,снег,theluji,nouns,3.1
2463,выпускать,kukutolewa,verbs,0.05
2464,арифметика,mantiki,nouns,0.7
2465,контейнер,panya,nouns,0.0
2466,метеор,meteor,nouns,0.1
2467,жидкость,majimaji,nouns,0.0
2468,поездка,safari,nouns,3.9
2469,хотеть,kuchagua,verbs,0.8
2470,представлять,kuumba,verbs,0.25
2471,действие,mchezo,nouns,1.5
2472,чистый,safi,adjectives,0.2
2473,белый,nyeupe,adjectives,0.0
2474,давать,kukopesha,verbs,2.1
2475,изгиб,pembe,nouns,2.05
2476,салат,siki,nouns,0.4
2477,народ,puto,nouns,0.0
2478,вена,mkono,nouns,0.65
2479,известный,julikana,adjectives,2.55
2480,дядя,binamu,nouns,1.0
2481,пассивно,kwa kutegemewa,adverbs,0.0
2482,думать,kutafiti,verbs,0.55
2483,поиск,lengo,nouns,0.6
2484,разрешать,kupa,verbs,1.15
2485,городок,mji,nouns,4.05
2486,зуб,kinywa,nouns,1.05
2487,жених,bibi arusi,nouns,0.8
2488,счастье,amani,nouns,1.75
2489,кость,taya,nouns,0.7
2490,на днях,hivi karibuni,adverbs,3.45
2491,выборы,uchaguzi,nouns,2.75
2492,фотоаппарат,rais,nouns,0.1
2493,шторм,upepo mkali,nouns,0.0
2494,преподаватель,mwalimu,nouns,4.65
2495,цифра,tarakimu,nouns,0.0
2496,песня,tuni,nouns,3.2
2497,молочные продукты,maziwa,nouns,0.1
2498,слово,ukurasa,nouns,0.45
2499,значительно,zaidi,adverbs,0.6
2500,помиловать,kusamehe,verbs,4.35
2501,парад,umati,nouns,1.0
2502,эмоция,hali,nouns,1.85
2503,преуспевать,kutimiza,verbs,2.8
2504,химия,nadharia,nouns,0.7
2505,никогда,kamwe,adverbs,0.0
2506,ужин,chakula,nouns,3.5
2507,всплеск,chubwi,nouns,0.2
2508,быстрый,wa kasi,adjectives,4.5
2509,буря,kimbunga,nouns,4.95
2510,лелеять,kuweka,verbs,2.25
2511,ребенок,mwanaume,nouns,0.5
2512,коммуникация,televisheni,nouns,1.75
2513,строить,kuumba,verbs,3.75
2514,мальчик,patna,nouns,0.45
2515,учиться,kufyonza,verbs,0.15
2516,тайфун,dhoruba,nouns,4.05
2517,покупать,kuiba,verbs,0.0
2518,юрист,mfanyakazi wa benki,nouns,0.65
2519,зарплата,hela,nouns,2.9
2520,телефон,kibanda cha simu,nouns,1.65
2521,ударять,kuchapa,verbs,0.0
2522,душить,kutakata,verbs,0.35
2523,полировать,kung'arisha,verbs,0.0
2524,трюк,saizi,nouns,0.05
2525,август,mwezi,nouns,2.9
2526,спорить,kupinga,verbs,0.2
2527,священный,takatifu,adjectives,1.9
2528,обещать,kuweka ahadi,verbs,3.65
2529,щека,ulimi,nouns,0.7
2530,точный,uhakika,adjectives,0.0
2531,мелодия,muziki,nouns,4.35
2532,встречать,kusalimia,verbs,1.45
2533,давать,kutoa,verbs,0.05
2534,мокрый,lowa,adjectives,0.65
2535,неаккуратно,si kwa usahihi,adverbs,0.0
2536,судно,sitaha,nouns,0.95
2537,очевидно,ni dhahiri,adverbs,3.67
2538,отходить,kuondoka,verbs,0.2
2539,петрушка,pasile,nouns,0.1
2540,день,usiku,nouns,0.3
2541,продавать,kukumbusha,verbs,0.05
2542,вязкость,mnato,nouns,0.2
2543,прибывать,kuondoka,verbs,0.05
2544,мяч,mpira,nouns,1.7
2545,погода,wingu,nouns,1.15
2546,заканчивать,maliza,verbs,0.7
2547,сладость,matofaa,nouns,0.6
2548,девочка,mtoto,nouns,1.1
2549,суп,chakula cha usiku,nouns,0.7
2550,женщина,manyoya,nouns,0.2
2551,домик,nyumba ndogo,nouns,4.2
2552,пристыженный,jisikia aibu,adjectives,0.45
2553,чисто,kweli,adverbs,1.15
2554,курс,tumbo,nouns,0.15
2555,мать,mke,nouns,2.3
2556,луг,nyasi,nouns,2.05
2557,урок,darasa,nouns,0.1
2558,решать,kuamua,verbs,1.95
2559,лагерь,kibanda,nouns,0.85
2560,национальный,kitaifa,adjectives,0.1
2561,мяч,glavu,nouns,0.75
2562,питание,chakula,nouns,0.25
2563,растение,mmea,nouns,1.25
2564,кость,misuli,nouns,0.55
2565,требовать,kutaka,verbs,0.25
2566,завование,safari,nouns,0.05
2567,праведно,kwa ,adverbs,0.3
2568,обнимать,kukumbatia,verbs,0.2
2569,вредоносные программы,programu hatarishi,nouns,0.55
2570,разгон,mbio,nouns,0.0
2571,сталь,feleji,nouns,1.4
2572,сок,juisi,nouns,0.15
2573,спорить,kukubaliana,verbs,0.25
2574,банкротство,kufilisika,nouns,3.45
2575,далеко,ugenini,adverbs,0.1
2576,обычный,kawaida,adjectives,0.0
2577,выживать,kuhimili,verbs,1.2
2578,признание,kanusho,nouns,0.15
2579,печаль,aibu,nouns,0.6
2580,тело,tumbo,nouns,1.15
2581,цент,saizi,nouns,0.35
2582,дождь,manyunyu,nouns,4.45
2583,покидать,kuzurura,verbs,0.55
2584,алфавит,alphabeti,nouns,0.25
2585,грубо,kwa kukadiria,adverbs,0.0
2586,циклон,kimbunga,nouns,4.05
2587,лодыжка,mfupa,nouns,1.5
2588,ленивый,mvivu,adjectives,0.05
2589,теперь,kwa sasa,adverbs,0.0
2590,свобода,uhuru,nouns,0.3
2591,настоящий,halisi,adjectives,0.25
2592,приходить,kuleta,verbs,0.65
2593,меч,panga,nouns,0.2
2594,скоростной,wa haraka,adjectives,4.5
2595,нос,koo,nouns,0.7
2596,богатство,umaarufu,nouns,0.6
2597,кузен,mjomba,nouns,1.0
2598,песня,wimbo,nouns,0.8
2599,жаловаться,kugombana,verbs,0.85
2600,вектор,vector,nouns,1.45
2601,соглашение,pambano,nouns,0.3
2602,палец,ukucha,nouns,1.35
2603,интеллектуальный,mpumbavu,adjectives,0.15
2604,дверь,korido,nouns,0.6
2605,решать,kufikiria,verbs,1.9
2606,инфекция,maambukizo,nouns,0.75
2607,метр,inchi,nouns,1.65
2608,несправедливый,jeuri,adjectives,2.1
2609,бесконечность,usio na mwisho,nouns,0.25
2610,книга,biblia,nouns,2.2
2611,звонок,mlango,nouns,0.65
2612,тетя,mjomba,nouns,0.65
2613,глаз,nyusi,nouns,0.6
2614,мясо,ugali,nouns,0.6
2615,думать,kuamua,verbs,1.9
2616,практически,kimsingi,adverbs,0.55
2617,радость,kiburi,nouns,0.85
2618,ключ,kifunguo,nouns,0.0
2619,крест,msalaba,nouns,0.8
2620,лев,paka,nouns,0.6
2621,ягненок,kondoo,nouns,3.4
2622,ткать,kufuma,verbs,0.15
2623,эмоционально,kwa hisia,adverbs,1.1
2624,душить,kuwa nyororo,verbs,0.3
2625,завершать,kuwa,verbs,0.75
2626,ярко,kwa ukali,adverbs,0.3
2627,соглашаться,kugombana,verbs,0.25
2628,псалом,majani makavu,nouns,0.0
2629,думать,kufikiria,verbs,1.2
2630,радикальный,fikra mpya,adjectives,0.6
2631,никогда,kamwe,adverbs,0.23
2632,умиротворенность,furaha,nouns,1.75
2633,подвал,mlango,nouns,0.3
2634,общаться,kusali,verbs,0.3
2635,облако,mvuke,nouns,1.55
2636,говорить,kusikia,verbs,0.35
2637,игнорировать,kusahau,verbs,1.95
2638,беспорядочный,chafu,adjectives,0.15
2639,разница,tofauti,nouns,1.1
2640,активно,kwa uhai,adverbs,0.05
2641,победитель,bingwa,nouns,5.0
2642,газета,neno,nouns,0.75
2643,вежливо,kwa unyenyekevu,adverbs,0.4
2644,принимать,kupendekeza,verbs,0.5
2645,очевидный,wa kuona,adjectives,2.45
2646,неуверенный,sio salama,adjectives,0.0
2647,комната,kuoga,nouns,0.8
2648,бриллиант,hela,nouns,0.65
2649,поршень,pistoni,nouns,1.6
2650,корова,mifugo,nouns,2.65
2651,непотизм,undugu,nouns,0.15
2652,глотать,meza,verbs,1.95
2653,давать,kuiba,verbs,0.0
2654,быстро,kwa haraka,adverbs,4.15
2655,мыть,kuosha,verbs,3.35
2656,мясо,nyama,nouns,2.9
2657,грубый,jeuri,adjectives,0.45
2658,побережье,ufuko,nouns,3.75
2659,кровать,fanicha,nouns,2.7
2660,сохранять,kubaki,verbs,0.55
2661,ранимый,walio hatarini,adjectives,0.0
2662,рис,kuku,nouns,0.4
2663,ярость,hasira,nouns,4.6
2664,нести,kuleta,verbs,2.25
2665,орган,figo,nouns,2.3
2666,боулинг,bowling,nouns,2.15
2667,игра,mbinu,nouns,0.7
2668,брать,kupeleka,verbs,0.35
2669,покидать,kupuuza,verbs,0.35
2670,умереть,kufariki,verbs,1.35
2671,равнодушный,wa kukwaruza,adjectives,0.05
2672,встретить,kupatana,verbs,0.0
2673,клясться,kuapa,verbs,3.65
2674,политик,mwanasiasa,nouns,0.1
2675,пряный,pilipili,adjectives,0.35
2676,безумно,kwa ghadhabu,adverbs,0.5
2677,драгоценный,yenye thamani,adjectives,0.95
2678,отсутствие,kuwepo,nouns,0.4
2679,создатель,mtengenezaji,nouns,4.55
2680,обострять,kukuza,verbs,0.05
2681,велосипед,chumba cha kulala,nouns,0.0
2682,победитель,mwanaume,nouns,0.45
2683,начинать,kuacha,verbs,0.1
2684,разрушение,ujenzi,nouns,0.2
2685,хвост,bakuli,nouns,0.0
2686,книга,kitabu,nouns,1.7
2687,развлечение,mpira wa miguu,nouns,1.0
2688,лодыжка,dirisha,nouns,0.0
2689,ударять,piga,verbs,0.85
2690,мозг,damu,nouns,0.6
2691,топология,upangilio,nouns,3.05
2692,легкий,mkubwa,adjectives,0.05
2693,темп,kiwango,nouns,0.55
2694,кислота,asidi,nouns,0.3
2695,умереть,kufariki,verbs,0.35
2696,различаться,kukubali,verbs,0.05
2697,простой,ana shida,adjectives,0.05
2698,восстанавливать,kuleta,verbs,0.7
2699,жертва,mungu,nouns,0.15
2700,трескаться,kuvunja,verbs,0.7
2701,рекомендовать,kukubali,verbs,0.5
2702,конверт,bahasha,nouns,0.1
2703,отказывать,kupa,verbs,0.1
2704,слегка,wepesi,adverbs,0.0
2705,мука,mkate,nouns,1.25
2706,наказывать,kuadhibu,verbs,0.1
2707,тело,bega,nouns,1.05
2708,закапывать,kuzikwa,verbs,1.35
2709,учащийся,mwanachuo,nouns,4.9
2710,доминировать,kushinda,verbs,1.27
2711,хлеб,nyama,nouns,0.3
2712,камера,chumba,nouns,0.9
2713,ванна,puto,nouns,0.0
2714,помнить,kusahau,verbs,0.1
2715,вкладывать,kupa,verbs,0.35
2716,челюсть,mfupa,nouns,0.7
2717,ночь,mchana,nouns,0.3
2718,грузовик,lori,nouns,3.2
2719,друг,mvulana,nouns,0.95
2720,возможный,inawezekana,adjectives,0.25
2721,мост,gari,nouns,0.25
2722,коридор,ushoroba,nouns,4.1
2723,анархия,vurugu,nouns,4.55
2724,кухня,bafu,nouns,0.45
2725,свежий,mpana,adjectives,0.0
2726,в основном,zaidi,adverbs,0.2
2727,спиртное,bendi,nouns,0.2
2728,заметный,wazi,adjectives,2.45
2729,запирание,funga,nouns,1.05
2730,находить,kupata,verbs,0.0
2731,высота,urefu,nouns,0.0
2732,сенат,seneti,nouns,0.75
2733,постель,blanketi,nouns,1.25
2734,нуждающийся,uhitaji,adjectives,2.05
2735,невозможный,kutowekana,adjectives,0.25
2736,пианино,kinanda,nouns,0.25
2737,обычный,kawaida,adjectives,0.15
2738,спорить,kupinga,verbs,0.0
2739,проход,korido,nouns,4.1
2740,небо,ulimwengu,nouns,1.05
2741,сила,makadara,nouns,4.0
2742,пожинать,kuvuna,verbs,1.65
2743,лодка,nanga,nouns,0.95
2744,кругосветное плавание,mzunguko,nouns,0.5
2745,испуганный,wa wasiwasi,adjectives,4.0
2746,работник,mwajiri,nouns,0.8
2747,игнорировать,kuepa,verbs,3.0
2748,священник,rabai,nouns,1.5
2749,карета,gari,nouns,0.95
2750,мягко,kwa upole,adverbs,0.0
2751,мяч,kikapu,nouns,0.55
2752,непокрытый,haijafunikwa,adjectives,0.15
2753,дверь,jiko,nouns,0.45
2754,персонаж,mhusika,nouns,2.55
2755,нос,pua,nouns,0.85
2756,гол,alama,nouns,0.1
2757,раздражать,kuongeza,verbs,0.0
2758,беспомощный,mnyonge,adjectives,0.75
2759,ноготь,mkono,nouns,0.9
2760,новость,porojo,nouns,1.75
2761,тренери,wakufunzi,nouns,0.45
2762,наказать,kuadhibu,verbs,0.2
2763,соединять,kuambatisha,verbs,0.95
2764,выносливый,mwerevu,adjectives,1.0
2765,вкладывать,kujiunga,verbs,0.95
2766,внебрачный,nje ya ndoa,adjectives,0.05
2767,отражение,picha,nouns,1.6
2768,правило,tawala,nouns,0.6
2769,попкорн,bisi,nouns,0.6
2770,обручаться,kuoa,verbs,2.4
2771,кровать,kitanda cha mtoto,nouns,4.65
2772,локоть,mfupa,nouns,0.7
2773,мед,sukari,nouns,1.85
2774,спутник,ndugu,nouns,1.25
2775,остаток,baki,nouns,1.1
2776,уведомлять,kutambua,verbs,0.55
2777,отец,mtoto wa kiume,nouns,0.7
2778,важный,lazima,adjectives,3.15
2779,вокалист,mtaalamu wa sauti,nouns,0.15
2780,до,kabla,adverbs,0.05
2781,повязка,subira,nouns,0.0
2782,ухудшать,kuzorota,verbs,0.0
2783,игрушка,kichezeo,nouns,0.35
2784,серьезно,kwa umakini,adverbs,0.55
2785,идти,kuja,verbs,0.65
2786,воды,maji,nouns,0.0
2787,абзац,herufi,nouns,0.7
2788,потолок,sakafu,nouns,0.4
2789,флаг,bendera,nouns,0.7
2790,ужин,kuku,nouns,0.55
2791,одежда,kabati,nouns,0.6
2792,большой,mkubwa mno,adjectives,5.2
2793,нога,mkono,nouns,1.1
2794,держать,kupa,verbs,0.2
2795,материнская плата,bodi mama(mama as central),nouns,4.1
2796,луковица,ua,nouns,1.15
2797,задача,njia kuu,nouns,0.2
2798,механизм,injini,nouns,2.95
2799,интеллект,mantiki,nouns,2.65
2800,рабыня,falahi,nouns,2.45
2801,кушетка,baseball,nouns,0.0
2802,флейта,filimbi,nouns,0.95
2803,работник,mwajiri,nouns,0.65
2804,сообщить,arifu,verbs,0.0
2805,покладистый,mwenye kiasi,adjectives,1.5
2806,капитан,mwanamaji,nouns,1.85
2807,сбор пожертвований,mfadhili,nouns,0.45
2808,допущенный,mkubalika,adjectives,2.65
2809,рвать,kuchana,verbs,0.05
2810,формула,kuzidisha,nouns,0.2
2811,ужин,chakula cha asubuhi,nouns,0.55
2812,бедный,maskini,adjectives,0.05
2813,умножать,kugawanya,verbs,0.1
2814,коронация,kusimikwa ufalme,nouns,0.0
2815,течь,kumtiririko,verbs,0.6
2816,ущипнуть,kufinya,verbs,0.5
2817,регулярно,mara kwa mara,adverbs,0.45
2818,полностью,kwa ukamilifu,adverbs,0.65
2819,миллиардер,bilionea,nouns,0.05
2820,заканчивать,kumaliza,verbs,0.9
2821,пистолет,bunduki,nouns,0.0
2822,утомительный,kulivu,adjectives,0.0
2823,размер,mbinu,nouns,0.05
2824,дерматит,ugonjwa wa ngozi,nouns,3.05
2825,глубоко,kiundani,adverbs,0.4
2826,наверное,uwezekano,adverbs,3.2
2827,проем,mlango,nouns,3.25
2828,обвинять,kushtaki,verbs,2.25
2829,младенец,mtoto wa kike,nouns,1.0
2830,недавно,hivi karibuni,adverbs,0.0
2831,желудок,mshipa,nouns,0.4
2832,избирать,kuteua,verbs,0.1
2833,ежемесячный,kila mwezi,adjectives,0.15
2834,создавать,kuharibu,verbs,0.1
2835,певец,mwimbaji,nouns,0.85
2836,чемпион,mshindi,nouns,5.0
2837,бесформенный,kutobadilishwa,adjectives,0.05
2838,срыгивать,kutapika,verbs,0.0
2839,сопло,pua,nouns,0.0
2840,собрание,mkutano,nouns,4.5
2841,стена,pambo,nouns,0.7
2842,язык,koo,nouns,1.0
2843,слово,sentensi,nouns,1.8
2844,обычно,kwa kawaida,adverbs,0.0
2845,куст,ua,nouns,0.75
2846,начать,kuanza,verbs,1.9
2847,грубо,yenye kukwaruza,adverbs,0.25
2848,парень,mtu mzuri,nouns,0.45
2849,глупый,mpumbavu,adjectives,2.08
2850,мята,mti wa minti,nouns,0.15
2851,рассвет,mchana,nouns,1.1
2852,курятина,steki,nouns,0.75
2853,ураган,dhoruba,nouns,4.95
2854,дорожка,njia,nouns,0.45
2855,противоречить,kataa,verbs,0.15
